date,geocodigo,epiweek,temp_min,temp_med,temp_max,precip_min,precip_med,precip_max,precip_tot,pressao_min,pressao_med,pressao_max,umid_min,umid_med,umid_max
2022-12-01,3304557,202248,22.4606,25.5787,30.404,0.0111,1.6706,5.5237,13.365,0.9803,0.9816,0.983,63.1751,81.5923,93.5843
2022-12-02,3304557,202248,23.5862,26.1715,30.1126,0.1172,0.9502,3.9516,7.6015,0.9838,0.9848,0.9864,58.8867,77.5793,89.7989
2022-12-03,3304557,202248,23.656,25.9982,28.8226,0.0045,0.2399,1.2721,1.9192,0.9844,0.9858,0.9876,60.0056,74.7582,86.2728
2022-12-04,3304557,202249,23.2531,25.7329,27.9087,0.0007,0.1107,0.3133,0.8859,0.9827,0.9845,0.9858,62.7679,74.1327,85.6647
2022-12-05,3304557,202249,23.7231,26.076,28.997,0.0064,0.0978,0.4,0.7824,0.984,0.9853,0.9864,57.6739,70.3201,81.5061
2022-12-06,3304557,202249,23.8799,24.8178,25.7353,0.0488,2.9467,15.118,23.5737,0.9855,0.9866,0.9883,66.7093,73.8369,91.2857
2022-12-07,3304557,202249,22.4441,24.1179,26.28,2.5771,10.1429,26.2372,81.143,0.9837,0.9849,0.9863,75.6573,86.7182,94.1727
2022-12-08,3304557,202249,21.4606,23.1908,25.0609,0.0306,3.3269,19.3729,26.6154,0.9816,0.9835,0.9852,74.7123,86.9715,97.9923
2022-12-09,3304557,202249,20.0827,24.3123,29.8121,0.0001,0.2441,1.9347,1.9524,0.9814,0.9827,0.9836,57.7518,77.7377,94.7142
2022-12-10,3304557,202249,20.1032,24.7059,30.8144,0.0,0.0354,0.1287,0.2831,0.9829,0.9841,0.9852,56.1125,79.2137,97.1995
2022-12-11,3304557,202250,22.9875,26.2919,31.173,0.0,0.1897,0.6875,1.5176,0.9817,0.9832,0.9851,64.091,78.9261,93.0909
2022-12-12,3304557,202250,22.9848,27.2054,31.6986,0.0,0.1779,0.6879,1.4236,0.977,0.9799,0.9829,57.2839,77.5777,93.7878
2022-12-13,3304557,202250,22.6643,25.9525,28.6951,0.933,5.3199,14.4455,42.5592,0.976,0.9777,0.9809,72.4925,86.4145,94.2971
2022-12-14,3304557,202250,20.5939,22.4498,24.4533,1.4158,3.8432,16.015,30.7453,0.9837,0.9858,0.9873,54.4483,72.6397,87.3829
2022-12-15,3304557,202250,18.6569,22.0328,26.1972,0.0,0.3081,2.4651,2.4652,0.9843,0.9871,0.9888,48.9928,66.6878,84.1975
2022-12-16,3304557,202250,19.425,23.8913,29.5698,0.0,0.2257,1.5097,1.8054,0.9793,0.9823,0.9854,52.8512,73.0038,89.0022
2022-12-17,3304557,202250,21.2132,23.17,25.0801,1.427,3.5483,5.0781,28.3862,0.9804,0.9823,0.9841,71.1924,85.3269,95.2131
2022-12-18,3304557,202251,20.9696,22.8454,25.1479,0.2284,1.8354,5.3321,14.6832,0.9853,0.9868,0.9882,72.1049,83.0722,92.8135
2022-12-19,3304557,202251,21.3912,22.5071,24.6868,0.5147,1.2371,3.4204,9.8968,0.9875,0.9887,0.9898,68.3329,80.5375,87.8726
2022-12-20,3304557,202251,20.654,20.9764,21.3806,1.1049,12.0223,26.2813,96.178,0.9827,0.9857,0.9883,90.0139,92.4563,94.8141
2022-12-21,3304557,202251,21.1877,21.6576,22.5443,2.2571,12.6264,29.0828,101.011,0.9824,0.9836,0.9847,86.3408,91.6714,95.5011
2022-12-22,3304557,202251,19.8047,21.3341,22.6604,2.3711,8.4273,20.9917,67.4183,0.9852,0.9865,0.9876,76.6167,87.3059,95.365
2022-12-23,3304557,202251,19.3816,21.707,24.6489,0.0214,1.5756,9.966,12.6045,0.9873,0.9889,0.99,64.2032,78.4973,93.2301
2022-12-24,3304557,202251,20.234,22.5411,25.3468,0.0001,0.1877,0.8269,1.5015,0.9879,0.989,0.99,64.6049,75.5948,88.4758
2022-12-25,3304557,202252,20.4804,23.7815,27.6075,0.0354,0.2196,0.538,1.7572,0.9856,0.988,0.9899,64.3378,78.8627,94.6833
2022-12-26,3304557,202252,22.6055,24.7157,27.5249,0.0507,0.9876,3.4954,7.901,0.9849,0.9865,0.9875,65.5115,80.7461,88.1259
2022-12-27,3304557,202252,22.5708,24.7737,27.7667,1.4769,5.5134,12.5736,44.1073,0.9846,0.986,0.9875,70.6612,86.8311,95.7588
2022-12-28,3304557,202252,22.9606,25.4441,28.2575,0.1018,2.5416,12.869,20.3325,0.9823,0.985,0.9863,69.7294,83.4386,96.52
2022-12-29,3304557,202252,23.1521,24.5574,26.4967,0.0,2.0065,9.8574,16.0518,0.9832,0.9854,0.9876,77.7049,84.1934,94.4241
2022-12-30,3304557,202252,22.122,23.2016,25.0055,1.7917,8.3751,15.3547,67.0004,0.9875,0.9885,0.9894,85.2359,93.2333,98.0178
2022-12-31,3304557,202252,21.3363,23.6499,26.7543,0.3028,3.4272,16.9228,27.4175,0.9876,0.989,0.9906,72.6615,86.7129,96.1455
2023-01-01,3304557,202301,21.5584,24.6224,28.6173,0.0013,2.4798,9.1175,19.8381,0.9865,0.9878,0.9891,71.485,85.6027,96.3316
2023-01-02,3304557,202301,21.1543,25.1336,29.8523,0.1057,1.6371,10.7985,13.0969,0.982,0.9858,0.9883,58.2843,79.1582,96.0666
2023-01-03,3304557,202301,23.088,27.052,31.7558,0.0,0.2922,1.1619,2.3378,0.9806,0.9824,0.984,51.7895,69.0251,81.3924
2023-01-04,3304557,202301,24.2801,26.8882,30.4478,0.0296,2.0269,12.6867,16.2152,0.9804,0.9816,0.9826,60.1429,75.7562,91.9866
2023-01-05,3304557,202301,22.5046,23.467,24.9061,1.1256,5.2053,13.7641,41.6425,0.9828,0.984,0.9853,83.4025,92.4936,97.4226
2023-01-06,3304557,202301,20.7347,21.8088,22.4614,5.3462,11.8161,18.5959,94.5285,0.9869,0.9884,0.9901,87.8869,91.4856,94.7699
2023-01-07,3304557,202301,19.3309,20.5278,21.7486,1.4161,10.9349,20.1426,87.479,0.99,0.9914,0.9926,79.6929,86.2396,92.0786
2023-01-08,3304557,202302,20.3956,21.3998,23.2713,0.0051,3.5046,14.9107,28.0365,0.9894,0.9906,0.9917,74.8428,85.0036,92.022
2023-01-09,3304557,202302,20.5861,21.9663,24.0213,0.503,5.5608,12.8201,44.4866,0.9878,0.9888,0.9904,80.9399,89.8965,96.6604
2023-01-10,3304557,202302,20.9515,23.1252,26.1855,2.2245,10.2192,24.7535,81.7538,0.9865,0.9876,0.9891,80.6682,91.6717,97.6717
2023-01-11,3304557,202302,21.3629,24.5585,30.3005,0.0216,6.8428,25.5275,54.7426,0.9853,0.9864,0.9874,66.461,88.0155,97.8572
2023-01-12,3304557,202302,22.5209,25.7923,30.9074,2.1922,6.4522,21.1372,51.6177,0.9815,0.9843,0.9862,59.5779,84.2348,97.8552
2023-01-13,3304557,202302,23.0563,27.0999,31.6222,0.1596,1.3827,8.2489,11.0616,0.982,0.9832,0.9844,56.7572,79.7163,96.7035
2023-01-14,3304557,202302,23.6575,27.8903,32.7902,0.0011,0.3719,2.6587,2.9755,0.9834,0.9843,0.9855,56.1593,78.6831,94.8575
2023-01-15,3304557,202303,24.5075,28.4364,32.237,0.0045,0.1091,0.213,0.8725,0.9838,0.9856,0.9873,58.7085,77.6909,94.0062
2023-01-16,3304557,202303,24.0795,27.5182,31.2799,0.4708,1.5862,1.9757,12.6892,0.9844,0.9857,0.9867,58.4618,79.1261,95.5128
2023-01-17,3304557,202303,23.6389,26.8076,30.474,0.0679,0.478,1.9757,3.8238,0.9861,0.987,0.9883,57.2959,78.8526,94.6864
2023-01-18,3304557,202303,23.508,26.3821,29.6822,0.0408,0.3798,1.0076,3.0382,0.9873,0.9884,0.9897,60.8892,78.7419,93.5088
2023-01-19,3304557,202303,22.7456,25.6618,28.5775,0.05,0.7975,1.8544,6.3799,0.9863,0.9883,0.9894,62.82,80.1127,93.9121
2023-01-20,3304557,202303,22.4027,24.9393,28.1596,0.0432,0.8633,2.6787,6.9066,0.9838,0.9861,0.9882,66.2837,81.775,92.5939
2023-01-21,3304557,202303,21.9673,24.8102,27.3262,0.47,2.5743,4.3095,20.5947,0.981,0.9823,0.9846,66.8686,80.8615,93.6426
2023-01-22,3304557,202304,20.9432,25.806,30.3312,0.0,0.5863,4.3097,4.6906,0.98,0.9814,0.9828,56.3564,75.0696,93.688
2023-01-23,3304557,202304,23.0247,26.5358,32.0765,0.0,2.1533,15.3714,17.2263,0.9811,0.982,0.9827,56.2058,78.697,91.4818
2023-01-24,3304557,202304,23.3622,25.0668,27.3937,0.8413,9.8833,20.6763,79.0665,0.9812,0.9822,0.9832,75.749,88.115,95.654
2023-01-25,3304557,202304,22.6714,24.797,27.165,0.0079,3.0604,21.1524,24.4828,0.9831,0.9843,0.9856,75.1556,85.8677,94.9037
2023-01-26,3304557,202304,21.4897,24.2144,27.2117,0.1006,0.2801,1.2709,2.2405,0.9856,0.9863,0.9868,59.7873,79.3516,95.285
2023-01-27,3304557,202304,21.7327,24.7779,28.8154,0.0008,0.1354,0.3118,1.0833,0.9855,0.987,0.9887,63.4801,79.0331,93.4892
2023-01-28,3304557,202304,22.7769,25.2854,29.0803,0.0035,3.6593,20.2616,29.2747,0.9865,0.9874,0.9885,67.9789,84.361,94.5631
2023-01-29,3304557,202305,23.1972,25.501,28.7416,0.0189,4.2893,23.0821,34.3146,0.984,0.9857,0.9873,66.1769,84.7147,95.8461
2023-01-30,3304557,202305,23.3583,26.1649,30.2306,1.8988,5.2856,9.7029,42.2845,0.9832,0.9843,0.9855,65.1317,83.0584,94.5716
2023-01-31,3304557,202305,23.996,27.7,31.9418,0.0035,0.9124,6.96,7.2989,0.9837,0.9849,0.9862,53.6229,76.1143,94.1989
2023-02-01,3304557,202305,24.0229,27.0539,30.5301,0.0186,0.365,1.1925,2.9197,0.9843,0.9856,0.9867,57.7415,77.4586,93.6361
2023-02-02,3304557,202305,24.303,27.2904,31.4007,0.2005,0.5691,1.2148,4.5531,0.984,0.9858,0.9869,58.1737,80.3827,94.4521
2023-02-03,3304557,202305,23.7741,27.5234,32.2395,0.0,1.0649,4.0669,8.5192,0.9833,0.9848,0.9858,55.7019,78.1822,93.0488
2023-02-04,3304557,202305,24.7628,29.2579,35.502,0.0,0.5392,4.0669,4.3133,0.982,0.9839,0.9851,42.555,70.7652,90.4391
2023-02-05,3304557,202306,25.2504,28.0829,31.9707,0.0,1.1531,5.5643,9.2246,0.9834,0.9845,0.9858,60.815,78.9607,91.9399
2023-02-06,3304557,202306,25.0275,26.98,30.4167,0.0,3.8038,12.4559,30.4302,0.9831,0.9849,0.9859,71.1772,83.3693,93.0866
2023-02-07,3304557,202306,23.8635,25.0873,27.2472,0.7368,8.3976,21.0939,67.1812,0.9847,0.9863,0.9872,78.5624,88.4617,95.3746
2023-02-08,3304557,202306,23.4808,24.5689,26.1541,2.9875,9.5392,23.2561,76.3133,0.9853,0.9866,0.9879,81.9506,87.8721,91.7217
2023-02-09,3304557,202306,21.7384,24.8269,28.7682,0.0035,2.3816,17.5916,19.0529,0.9861,0.9872,0.9884,71.9132,85.2814,98.7615
2023-02-10,3304557,202306,22.5981,25.5078,29.6448,0.0033,2.5188,12.4026,20.1503,0.9854,0.9867,0.988,70.6641,84.0077,94.1245
2023-02-11,3304557,202306,23.1847,25.3908,29.9203,1.7052,6.2345,16.0273,49.8763,0.9854,0.9864,0.9873,65.7808,86.6437,95.261
2023-02-12,3304557,202307,22.4545,24.5188,28.5812,4.3085,13.6047,28.2925,108.8379,0.9848,0.9861,0.9875,71.9075,87.8645,95.1478
2023-02-13,3304557,202307,23.0857,25.5625,29.7922,0.3805,7.6997,30.0017,61.5978,0.9839,0.9852,0.9862,71.1279,86.8664,96.5314
2023-02-14,3304557,202307,23.302,26.1799,29.6121,0.2324,3.7486,11.2358,29.9889,0.9828,0.9849,0.9863,70.0206,86.2203,95.6844
2023-02-15,3304557,202307,23.9111,27.6859,32.365,1.0558,3.1012,12.0654,24.8097,0.9791,0.9819,0.9841,58.1392,79.8534,95.716
2023-02-16,3304557,202307,24.3988,27.8612,32.1916,4.387,4.5134,4.77,36.1071,0.9779,0.9794,0.9808,56.9303,77.4493,95.8505
2023-02-17,3304557,202307,25.0601,28.355,33.2237,0.0,0.8838,4.5122,7.0707,0.9796,0.9807,0.9823,50.1089,74.4923,88.8256
2023-02-18,3304557,202307,24.0198,26.69,30.1043,0.0,2.0033,7.8965,16.0263,0.982,0.984,0.9856,67.589,83.113,91.2072
2023-02-19,3304557,202308,22.9469,25.4073,28.8204,0.1777,2.642,14.3347,21.1357,0.9858,0.9876,0.9894,72.4219,85.5319,95.7926
2023-02-20,3304557,202308,21.9026,25.6195,29.2569,0.0436,0.5219,3.2174,4.1749,0.9859,0.9882,0.99,60.3046,80.3385,95.7046
2023-02-21,3304557,202308,22.6894,26.6812,32.2388,0.0,0.0448,0.261,0.3587,0.9848,0.9869,0.9881,51.5431,76.2406,94.8567
2023-02-22,3304557,202308,22.9587,25.6119,29.1398,0.9815,1.4003,2.6982,11.2021,0.9887,0.9897,0.9911,67.6069,81.5536,92.4612
2023-02-23,3304557,202308,22.5821,25.6155,28.9592,0.0001,1.0997,2.7758,8.7973,0.9884,0.9903,0.9914,68.8036,80.1744,93.815
2023-02-24,3304557,202308,23.1981,26.7967,31.5732,0.1122,0.5194,2.8258,4.155,0.9832,0.9874,0.9897,53.9734,77.75,95.3438
2023-02-25,3304557,202308,23.8529,28.0987,33.6536,0.0,0.0337,0.2089,0.2695,0.9828,0.9848,0.9862,50.4077,71.8323,88.0329
2023-02-26,3304557,202309,24.6612,29.2479,34.3291,0.0004,0.033,0.1984,0.2641,0.985,0.986,0.9875,49.1528,70.5314,90.4351
2023-02-27,3304557,202309,25.2997,27.1476,29.6023,0.431,0.9753,2.0674,7.8023,0.9878,0.9894,0.9911,70.8369,81.119,91.7757
2023-02-28,3304557,202309,23.8799,25.6211,28.028,0.0546,1.3675,3.4872,10.9403,0.9898,0.9911,0.9923,75.6268,86.5048,94.9605
2023-03-01,3304557,202309,22.4677,25.9001,29.9038,1.5882,2.1305,5.1585,17.044,0.9878,0.9897,0.9916,59.6871,82.0683,96.8459
2023-03-02,3304557,202309,22.5935,26.7515,31.6697,0.0,0.2872,1.898,2.2978,0.9852,0.9874,0.9892,55.0217,77.1499,95.1846
2023-03-03,3304557,202309,23.4542,27.528,31.6975,0.0003,0.1371,0.3779,1.0966,0.9849,0.9866,0.9878,58.6533,78.3741,96.3023
2023-03-04,3304557,202309,24.3713,28.1731,33.3625,0.0,0.1158,0.5369,0.9266,0.9846,0.9861,0.9876,47.5566,73.2361,90.9426
2023-03-05,3304557,202310,24.7077,27.9739,33.0599,0.0,0.2536,1.3722,2.0291,0.9815,0.9843,0.9867,48.3233,75.218,92.7404
2023-03-06,3304557,202310,24.3635,26.7632,29.6218,0.0006,0.7381,1.4397,5.9045,0.9815,0.9837,0.9856,64.3972,78.8189,92.0339
2023-03-07,3304557,202310,23.5143,27.2204,32.5692,0.0,0.5288,2.6772,4.2301,0.9842,0.9853,0.9868,51.6193,75.698,90.9636
2023-03-08,3304557,202310,23.8439,27.0251,30.44,0.0001,0.5187,2.7836,4.1496,0.9856,0.9868,0.9884,60.6259,77.5549,91.3886
2023-03-09,3304557,202310,23.7007,27.5906,31.8322,0.0,0.1639,0.9686,1.3114,0.9851,0.987,0.9887,52.1636,72.6035,91.1718
2023-03-10,3304557,202310,23.8402,27.284,31.3502,0.1208,1.0537,4.2531,8.4296,0.9861,0.9872,0.9886,59.3408,76.9274,92.0491
2023-03-11,3304557,202310,24.0464,26.0601,29.0444,0.027,1.949,8.0148,15.5921,0.9856,0.9868,0.988,64.6639,81.4359,92.2405
2023-03-12,3304557,202311,23.3213,24.845,27.049,3.7173,10.2218,14.9726,81.7741,0.9868,0.988,0.9891,74.1171,86.2999,94.4569
2023-03-13,3304557,202311,22.4762,25.0672,27.9871,2.0261,5.2626,17.5774,42.1006,0.9878,0.989,0.9905,63.668,81.9145,95.0194
2023-03-14,3304557,202311,22.6086,25.2639,28.4207,0.0012,0.6744,4.1902,5.3952,0.988,0.9893,0.9902,63.9237,79.8581,93.9639
2023-03-15,3304557,202311,22.5818,24.8433,27.7238,0.001,0.143,0.5366,1.1437,0.9875,0.9891,0.9904,69.3937,81.1405,92.2826
2023-03-16,3304557,202311,21.3726,24.493,27.6252,0.0073,0.1477,0.3311,1.1819,0.9872,0.9888,0.9903,64.036,79.5079,97.094
2023-03-17,3304557,202311,20.9083,24.0941,27.2964,0.0079,0.0894,0.3322,0.7156,0.9881,0.989,0.9909,61.797,79.655,96.4816
2023-03-18,3304557,202311,22.4341,24.8811,28.3366,0.0137,0.2462,0.6081,1.9694,0.9872,0.9888,0.9904,67.4414,81.3098,94.1273
2023-03-19,3304557,202312,22.3889,25.572,29.0189,0.0201,0.2622,0.6089,2.0976,0.9865,0.9881,0.9896,64.7368,81.2705,96.2667
2023-03-20,3304557,202312,22.2829,26.7222,31.9624,0.0002,0.0891,0.5812,0.7128,0.9846,0.9867,0.9882,52.0062,76.4248,95.5347
2023-03-21,3304557,202312,23.018,26.5956,31.0685,0.0,0.045,0.154,0.36,0.9863,0.9875,0.989,54.0782,77.2551,95.7885
2023-03-22,3304557,202312,21.1794,25.3094,29.5548,0.0002,0.0187,0.1164,0.1496,0.9892,0.9902,0.9918,58.3754,79.9816,98.3485
2023-03-23,3304557,202312,20.9139,25.0859,29.3401,0.0311,0.2042,0.2402,1.6337,0.9893,0.9912,0.9926,53.0943,77.9568,97.7267
2023-03-24,3304557,202312,21.5295,26.3209,31.72,0.0,0.0317,0.2402,0.2537,0.9861,0.9886,0.9905,49.5307,74.0041,95.4255
2023-03-25,3304557,202312,23.4,25.9202,29.1951,0.0,0.2308,0.7102,1.8463,0.9863,0.9878,0.9893,64.7122,81.904,96.075
2023-03-26,3304557,202313,22.4645,27.3643,33.9817,0.0,0.1168,0.7102,0.9347,0.9845,0.9869,0.9889,45.8987,73.6092,94.5105
2023-03-27,3304557,202313,23.8946,25.2018,28.1844,0.312,8.6558,20.8892,69.2463,0.9854,0.9875,0.9891,70.7795,85.608,93.4937
2023-03-28,3304557,202313,22.6039,24.3812,26.9467,0.666,3.5805,21.3441,28.6443,0.9888,0.9898,0.9908,64.0548,81.7646,93.6181
2023-03-29,3304557,202313,22.0965,25.4554,30.0638,0.0033,0.1815,1.3509,1.4517,0.9866,0.9885,0.9902,57.3369,76.7966,91.6692
2023-03-30,3304557,202313,23.5856,26.1694,28.8891,0.0,1.26,3.5058,10.0796,0.9867,0.9884,0.9903,66.2381,80.7593,92.0965
2023-03-31,3304557,202313,22.2884,26.418,31.6636,0.1771,1.7007,3.7835,13.606,0.9855,0.9865,0.9877,54.6097,80.924,96.0861
2023-04-01,3304557,202313,23.2295,25.7103,29.2037,0.128,1.822,3.1944,14.5759,0.9836,0.9853,0.9872,64.1728,82.5526,95.7169
2023-04-02,3304557,202314,22.2912,23.5367,24.9921,0.7547,3.0541,3.856,24.433,0.9869,0.9885,0.9906,61.9486,77.0458,91.6662
2023-04-03,3304557,202314,19.1635,22.7246,25.7052,0.0669,0.578,4.0217,4.6239,0.9883,0.9897,0.991,55.9735,75.8161,94.7275
2023-04-04,3304557,202314,19.244,23.3552,28.0698,0.0001,0.0137,0.0933,0.1098,0.9857,0.9882,0.9899,56.9655,74.8406,92.6017
2023-04-05,3304557,202314,20.0121,24.1806,28.3502,0.0001,0.022,0.1116,0.1763,0.9863,0.9873,0.9888,57.1792,77.3457,94.8718
2023-04-06,3304557,202314,21.9721,24.2039,26.9845,0.1591,0.4937,0.7731,3.9495,0.9871,0.9885,0.9904,61.5164,77.9726,90.8345
2023-04-07,3304557,202314,22.028,24.0539,26.8677,0.0225,0.7651,4.2742,6.1205,0.9863,0.9877,0.9891,63.0302,79.1159,90.0924
2023-04-08,3304557,202314,22.1338,22.7523,24.2426,3.3226,8.6052,16.4853,68.8418,0.9854,0.9875,0.9888,86.5017,92.1522,95.9566
2023-04-09,3304557,202315,21.1965,22.3041,23.3659,0.7156,5.6218,16.9365,44.9746,0.9895,0.9909,0.9924,75.0113,88.4136,94.3553
2023-04-10,3304557,202315,17.9774,21.627,25.1189,0.0772,1.5103,11.5151,12.0821,0.9916,0.9926,0.9937,57.0251,78.7279,95.9725
2023-04-11,3304557,202315,18.3052,22.4457,26.5853,0.0003,0.0152,0.1003,0.1218,0.9885,0.9912,0.9933,53.8966,74.9189,93.4833
2023-04-12,3304557,202315,19.0908,23.2391,28.6019,0.0,0.0021,0.0079,0.0166,0.9854,0.988,0.9896,56.7775,79.0079,95.6637
2023-04-13,3304557,202315,20.604,25.0016,29.669,0.0,0.086,0.4032,0.6876,0.9833,0.9848,0.9864,59.6573,78.8616,92.944
2023-04-14,3304557,202315,21.9638,24.8987,29.4092,0.0547,1.3343,8.6536,10.6747,0.9836,0.9847,0.986,63.9951,84.0662,95.064
2023-04-15,3304557,202315,22.3378,23.8397,26.6719,1.5392,5.4403,11.9662,43.5225,0.9842,0.986,0.9885,80.6912,90.3832,95.7969
2023-04-16,3304557,202316,20.9357,22.9915,25.5032,1.0153,3.0084,12.9151,24.0672,0.9868,0.9888,0.9904,69.677,84.1838,95.6549
2023-04-17,3304557,202316,19.9899,24.5119,30.8574,0.0,0.2598,2.0691,2.0785,0.9777,0.9828,0.9874,50.4948,77.2147,95.772
2023-04-18,3304557,202316,22.2358,26.0073,30.5528,0.0,0.0013,0.0027,0.0106,0.9741,0.9769,0.9787,58.6688,74.2149,86.4482
2023-04-19,3304557,202316,22.698,24.4426,26.6823,0.0727,9.9478,19.8423,79.5821,0.974,0.9784,0.9818,68.5489,84.0715,96.3259
2023-04-20,3304557,202316,21.1339,22.3591,23.6927,0.0667,3.0179,19.8596,24.1433,0.9838,0.9867,0.9901,65.3608,79.1054,91.8944
2023-04-21,3304557,202316,18.5786,20.8462,23.5849,0.0248,0.1558,0.9978,1.2466,0.9916,0.9925,0.9937,56.7975,70.1964,81.2855
2023-04-22,3304557,202316,17.4464,20.7871,24.3937,0.0002,0.0552,0.1571,0.4416,0.9911,0.9926,0.9947,64.0252,78.2985,90.9776
2023-04-23,3304557,202317,18.3112,21.3923,24.3349,0.0094,0.2568,0.7548,2.0541,0.992,0.9929,0.9944,63.813,79.9579,95.9549
2023-04-24,3304557,202317,16.8774,21.2447,24.7601,0.0021,0.1012,0.7747,0.8096,0.9929,0.9939,0.9954,58.1484,78.0691,96.762
2023-04-25,3304557,202317,17.9707,22.0755,25.8831,0.0035,0.0421,0.1715,0.3368,0.9911,0.9928,0.9942,61.5573,81.2298,97.9445
2023-04-26,3304557,202317,18.5082,23.2814,29.4375,0.0,0.0269,0.1729,0.2149,0.9861,0.9893,0.9917,53.3005,79.7369,96.2963
2023-04-27,3304557,202317,20.0405,23.692,27.5925,0.9147,1.4006,1.7447,11.205,0.9846,0.986,0.9876,64.5095,82.8351,97.7618
2023-04-28,3304557,202317,21.6093,22.1813,23.0195,0.0878,7.3493,12.1995,58.7947,0.9875,0.9889,0.9907,79.307,85.9988,91.7649
2023-04-29,3304557,202317,20.2184,22.079,24.3773,0.0155,1.8395,12.2715,14.716,0.99,0.9913,0.9925,68.0469,82.6977,92.5019
2023-04-30,3304557,202318,19.9092,22.0797,25.558,0.6774,2.2963,3.4892,18.3707,0.9884,0.9907,0.9921,66.1901,84.2265,95.8094
2023-05-01,3304557,202318,18.6405,22.4804,26.2192,0.0001,0.4981,3.4968,3.9851,0.9867,0.989,0.9906,66.1203,82.4136,95.1346
2023-05-02,3304557,202318,19.4977,22.918,26.5771,0.0001,0.0377,0.2511,0.3017,0.9862,0.9878,0.9894,62.4996,81.3263,97.0842
2023-05-03,3304557,202318,19.2016,22.4881,26.4237,0.0001,0.0572,0.1299,0.4579,0.9872,0.9882,0.9899,65.9797,85.9587,99.0609
2023-05-04,3304557,202318,19.8548,23.1277,28.1608,0.0,0.0216,0.13,0.173,0.9877,0.9892,0.991,61.746,84.0974,98.7292
2023-05-05,3304557,202318,20.6118,23.2566,26.9352,0.0,0.0348,0.1062,0.2781,0.9898,0.9914,0.9933,70.2634,87.4471,98.9824
2023-05-06,3304557,202318,20.5198,23.0887,26.3008,0.0456,0.0814,0.1201,0.6511,0.9904,0.9922,0.9934,64.0225,84.7541,98.4775
2023-05-07,3304557,202319,19.4732,22.7777,26.9214,0.0029,0.0186,0.0887,0.1488,0.9899,0.9912,0.9927,60.5809,83.4373,98.7691
2023-05-08,3304557,202319,19.893,23.4745,28.4039,0.0,0.0036,0.0219,0.0286,0.9882,0.9903,0.9922,57.288,83.3714,99.0276
2023-05-09,3304557,202319,19.2971,23.652,28.2432,0.0,0.0034,0.0221,0.0269,0.9882,0.9893,0.9906,59.3775,81.0673,94.9979
2023-05-10,3304557,202319,21.6516,22.4354,24.0532,0.0329,2.5232,8.1259,20.1855,0.9882,0.9895,0.9909,82.1008,90.1974,94.6444
2023-05-11,3304557,202319,19.8318,21.0476,23.0775,2.5174,4.8475,9.2575,38.7797,0.9867,0.9879,0.9897,73.2674,85.5209,92.8902
2023-05-12,3304557,202319,18.0679,19.928,21.7522,0.3185,2.3414,5.2193,18.7313,0.9889,0.9898,0.9908,70.3262,82.7786,94.1856
2023-05-13,3304557,202319,17.8156,19.3189,20.9708,0.1831,1.8487,3.0521,14.7895,0.9911,0.9919,0.9931,75.0264,81.0304,88.9619
2023-05-14,3304557,202320,17.2593,20.0846,23.6995,0.0533,0.5074,3.153,4.0593,0.9916,0.9932,0.9952,59.934,77.7266,91.9934
2023-05-15,3304557,202320,17.5505,20.4164,23.6729,0.001,0.0546,0.2027,0.4366,0.9913,0.9927,0.994,60.2052,79.9261,95.1352
2023-05-16,3304557,202320,14.8563,19.2178,24.6696,0.0,0.0099,0.0739,0.0796,0.9893,0.991,0.9923,39.4395,74.6573,97.7822
2023-05-17,3304557,202320,18.1443,20.1858,22.258,0.0049,0.4796,0.8314,3.8367,0.991,0.9921,0.9932,61.6537,73.6385,85.3153
2023-05-18,3304557,202320,17.1809,19.665,22.3416,0.2955,0.4939,0.9802,3.9513,0.9929,0.9939,0.9957,54.0737,73.8551,88.6413
2023-05-19,3304557,202320,15.9663,19.3674,22.8105,0.0106,0.0795,0.4838,0.636,0.9922,0.9938,0.9954,51.2647,73.1988,93.5699
2023-05-20,3304557,202320,14.0762,19.1645,24.4365,0.0,0.003,0.0241,0.0241,0.9901,0.9928,0.9948,52.073,73.5429,92.8555
2023-05-21,3304557,202321,14.1074,19.6039,25.5026,0.0,0.0,0.0,0.0,0.9893,0.991,0.9926,53.3109,77.8325,93.6628
2023-05-22,3304557,202321,16.3245,20.6737,26.083,0.0,0.002,0.0029,0.0159,0.9905,0.992,0.9943,51.5058,78.1511,94.0426
2023-05-23,3304557,202321,16.092,20.9458,26.2564,0.0,0.0024,0.0076,0.0188,0.9924,0.9933,0.9953,54.8223,76.7122,91.3905
2023-05-24,3304557,202321,18.0635,21.3273,25.1165,0.0,0.0221,0.0704,0.177,0.9922,0.9934,0.9951,60.2819,80.7097,95.2888
2023-05-25,3304557,202321,16.9027,21.1901,25.9774,0.0,0.0099,0.0703,0.0794,0.9927,0.9943,0.9959,58.3841,78.3006,92.407
2023-05-26,3304557,202321,17.0544,21.4508,26.4654,0.0,0.0046,0.0089,0.0371,0.992,0.9939,0.9952,56.113,79.5234,95.6992
2023-05-27,3304557,202321,16.8979,21.71,27.5976,0.0,0.0017,0.009,0.0137,0.9896,0.9918,0.9932,51.047,76.295,92.987
2023-05-28,3304557,202322,17.4862,22.0156,28.1403,0.0013,0.005,0.0103,0.0397,0.988,0.9893,0.9906,47.4103,76.8431,88.8054
2023-05-29,3304557,202322,19.7836,20.3048,21.162,0.0789,7.3685,14.4172,58.9483,0.988,0.9913,0.9939,82.4472,89.2849,94.4509
2023-05-30,3304557,202322,19.0401,20.2546,22.1479,0.3105,2.3007,14.859,18.4056,0.9947,0.9956,0.9978,63.0601,76.9198,86.5486
2023-05-31,3304557,202322,17.5396,18.946,19.7501,0.0005,2.8131,8.9851,22.5045,0.9917,0.9934,0.9953,84.0754,88.5457,93.952
2023-06-01,3304557,202322,17.5306,19.8273,22.6196,0.0767,1.6595,9.5108,13.2762,0.9915,0.9924,0.9932,73.889,87.8485,96.9447
2023-06-02,3304557,202322,17.8964,19.5745,22.2292,0.3432,1.0467,1.6382,8.3739,0.993,0.9939,0.9951,72.9283,86.7129,94.8736
2023-06-03,3304557,202322,15.7546,19.677,24.2885,0.1238,0.3205,1.6687,2.5642,0.9925,0.9941,0.9957,54.6481,82.3616,98.5845
2023-06-04,3304557,202323,14.8872,19.6594,25.554,0.0,0.0168,0.1312,0.1342,0.9927,0.9939,0.9956,51.7746,78.7959,94.5777
2023-06-05,3304557,202323,14.3457,19.7486,25.0933,0.0,0.0003,0.0013,0.0021,0.9922,0.9934,0.9943,51.6728,78.1241,93.4809
2023-06-06,3304557,202323,15.4628,19.3245,22.9128,0.0,0.1023,0.1549,0.8183,0.9933,0.9942,0.9955,63.1369,84.6063,98.5928
2023-06-07,3304557,202323,14.7919,19.3572,24.5435,0.0,0.0207,0.1558,0.1655,0.9932,0.9946,0.9964,53.869,81.4973,98.2477
2023-06-08,3304557,202323,14.4361,19.862,25.4616,0.0,0.0008,0.002,0.0063,0.9925,0.9941,0.9957,48.2812,75.7191,93.0244
2023-06-09,3304557,202323,13.9981,20.0435,26.7824,0.0,0.0009,0.0026,0.0068,0.9901,0.9921,0.9935,45.3555,73.248,91.2793
2023-06-10,3304557,202323,14.6979,20.9148,27.7663,0.0,0.0013,0.0026,0.0107,0.9883,0.9903,0.9916,41.435,71.1606,90.4963
2023-06-11,3304557,202324,15.1257,21.4655,28.9657,0.0,0.0003,0.0026,0.0026,0.987,0.9887,0.99,41.867,68.1719,87.5468
2023-06-12,3304557,202324,16.0966,21.2903,27.5526,0.0,0.0005,0.0009,0.0043,0.9877,0.989,0.9909,51.5103,73.2298,87.2053
2023-06-13,3304557,202324,19.2602,21.4419,24.8713,0.0001,0.021,0.0483,0.1676,0.9917,0.9928,0.9947,66.8583,87.074,99.365
2023-06-14,3304557,202324,19.0128,21.5779,24.7758,0.0003,0.0975,0.6273,0.7799,0.9907,0.9923,0.9936,65.4225,84.8158,95.9675
2023-06-15,3304557,202324,19.8414,22.4487,27.2785,1.1272,1.6684,2.4382,13.3474,0.9881,0.9911,0.9929,56.5878,84.8887,97.5123
2023-06-16,3304557,202324,20.9198,22.1914,24.4803,0.0989,0.4957,2.994,3.9657,0.9881,0.9903,0.9916,76.0644,87.8084,95.146
2023-06-17,3304557,202324,19.4759,20.2117,21.3263,0.3243,3.0228,4.0684,24.1828,0.9915,0.9931,0.9951,59.9696,77.7712,91.1128
2023-06-18,3304557,202325,16.3788,18.7824,21.3093,0.016,0.5395,4.0764,4.3159,0.9937,0.995,0.9967,62.4128,77.4327,87.7672
2023-06-19,3304557,202325,16.1865,18.2909,20.4403,0.0343,0.4101,1.0893,3.2806,0.9966,0.9977,0.9992,68.0869,80.8988,91.6514
2023-06-20,3304557,202325,14.471,18.2854,22.5335,0.0005,0.1428,1.0916,1.1426,0.9951,0.9976,0.9994,50.1911,76.5689,96.0719
2023-06-21,3304557,202325,13.3996,18.2392,23.6278,0.0,0.0019,0.0126,0.0152,0.9928,0.9947,0.9963,51.9512,75.6316,92.5495
2023-06-22,3304557,202325,13.6653,18.8806,25.3547,0.0,0.0011,0.0021,0.009,0.9912,0.9928,0.9942,43.8056,71.5216,89.4414
2023-06-23,3304557,202325,14.4336,19.464,26.279,0.0,0.0018,0.003,0.0146,0.9891,0.9909,0.9922,42.6076,68.5018,84.1586
2023-06-24,3304557,202325,15.4395,20.1582,26.9537,0.0,0.0014,0.003,0.0112,0.99,0.9906,0.9918,44.5169,69.7025,84.686
2023-06-25,3304557,202326,14.8135,20.6208,27.5017,0.0,0.0004,0.0017,0.0034,0.9912,0.9919,0.9932,43.4309,69.504,85.7424
2023-06-26,3304557,202326,14.3079,20.6591,27.6957,0.0,0.0006,0.0013,0.0047,0.991,0.9922,0.9939,41.1417,70.1641,89.4869
2023-06-27,3304557,202326,14.7976,20.8799,28.0464,0.0,0.0004,0.0009,0.003,0.9902,0.992,0.9936,43.8271,70.6885,88.3003
2023-06-28,3304557,202326,15.6016,21.5952,28.1159,0.0,0.0003,0.0009,0.0021,0.9907,0.9916,0.993,40.2117,70.8488,89.6849
2023-06-29,3304557,202326,16.7703,20.75,25.1657,0.0,0.0656,0.4498,0.525,0.9921,0.994,0.9965,56.332,76.1066,89.5055
2023-06-30,3304557,202326,17.7636,19.5503,22.1183,0.8642,1.5458,2.5421,12.3662,0.996,0.9974,0.9985,73.6324,85.8109,95.2011
2023-07-01,3304557,202326,16.6065,19.9186,23.7873,0.0035,0.332,2.5493,2.6563,0.9913,0.9946,0.997,57.8576,79.5422,95.0409
2023-07-02,3304557,202327,17.1392,19.5271,22.562,0.0813,0.5054,1.3849,4.0433,0.9911,0.9922,0.993,62.9187,81.8683,94.9208
2023-07-03,3304557,202327,15.9128,18.1045,20.8108,0.3024,1.1817,1.9109,9.4539,0.9939,0.9954,0.9971,52.8281,74.7154,90.6936
2023-07-04,3304557,202327,13.2333,17.213,20.7792,0.0003,0.1983,1.4684,1.5867,0.996,0.9971,0.9992,56.9611,72.2169,90.856
2023-07-05,3304557,202327,12.4502,17.4068,23.3232,0.0,0.0072,0.0444,0.0579,0.9932,0.9963,0.9983,46.2849,73.9395,92.6473
2023-07-06,3304557,202327,12.3979,18.0331,24.8994,0.0,0.0008,0.0027,0.0061,0.9902,0.9931,0.9946,39.5863,66.5937,85.6612
2023-07-07,3304557,202327,12.7601,18.6053,25.9542,0.0,0.0003,0.0009,0.0026,0.9887,0.9907,0.9926,33.7209,62.5177,82.2928
2023-07-08,3304557,202327,12.3446,19.6192,28.2628,0.0,0.0002,0.0009,0.0017,0.9853,0.9876,0.9893,33.2478,60.2494,82.2975
2023-07-09,3304557,202328,19.1507,20.3049,22.1338,0.0,0.7338,1.6316,5.8703,0.9865,0.9902,0.9925,64.0559,79.1832,89.8491
2023-07-10,3304557,202328,17.701,21.2074,27.0372,0.0713,0.2875,1.6649,2.3,0.9884,0.9916,0.9932,51.241,79.89,96.6939
2023-07-11,3304557,202328,18.0766,22.799,29.4119,0.0,0.0175,0.0961,0.1397,0.9866,0.9883,0.9898,46.0546,73.4591,89.8131
2023-07-12,3304557,202328,18.7789,22.7406,29.2893,0.0,0.0033,0.0116,0.0261,0.9821,0.9864,0.9889,51.5074,83.0487,99.1668
2023-07-13,3304557,202328,19.9918,24.7363,32.3486,0.0,0.001,0.0034,0.0077,0.9781,0.9803,0.9826,32.2914,62.2034,85.0121
2023-07-14,3304557,202328,17.8781,19.6131,21.8999,0.0017,3.7977,5.9301,30.3817,0.9836,0.9889,0.993,62.2804,73.2941,86.5838
2023-07-15,3304557,202328,14.2586,17.8121,21.6094,0.04,0.8226,5.9531,6.5807,0.992,0.9943,0.9963,51.6375,71.8355,91.2106
2023-07-16,3304557,202329,14.2063,19.4175,27.0994,0.0,0.0131,0.1047,0.1047,0.9889,0.9916,0.9931,50.1874,72.5979,88.9712
2023-07-17,3304557,202329,16.3982,19.9396,23.8615,0.0,0.0046,0.0081,0.0368,0.9908,0.992,0.9936,65.2782,83.4538,98.0168
2023-07-18,3304557,202329,18.3549,20.5393,23.4105,0.0107,0.1001,0.5301,0.8007,0.9929,0.9946,0.9975,70.4394,85.3335,96.6954
2023-07-19,3304557,202329,19.0226,19.9446,21.4224,0.2157,1.1596,4.105,9.2766,0.9979,0.9996,1.0017,78.8682,88.944,94.5062
2023-07-20,3304557,202329,17.3882,18.6829,20.8113,2.265,3.5658,7.5109,28.5263,1.0012,1.0032,1.005,64.9045,82.574,92.3709
2023-07-21,3304557,202329,16.4745,19.4126,22.9444,0.0043,0.4593,3.5327,3.6744,0.9985,1.0012,1.0033,58.4026,73.678,87.0054
2023-07-22,3304557,202329,15.7196,19.6546,24.6049,0.0,0.0073,0.039,0.0587,0.9968,0.9988,1.0008,47.8275,73.3173,91.3312
2023-07-23,3304557,202330,15.0146,20.0081,26.5603,0.0,0.0013,0.004,0.0107,0.9964,0.9976,0.9995,50.2376,76.6539,92.0644
2023-07-24,3304557,202330,16.1593,21.4017,27.282,0.0,0.0008,0.0025,0.0063,0.994,0.9961,0.9976,49.2603,76.5776,93.4514
2023-07-25,3304557,202330,17.1925,22.0513,28.0008,0.0,0.0009,0.0014,0.0073,0.9904,0.9929,0.9944,41.3583,72.6392,93.4283
2023-07-26,3304557,202330,16.8973,21.6967,26.7203,0.0,0.0004,0.0014,0.0031,0.9905,0.9913,0.9925,55.1654,72.419,87.4472
2023-07-27,3304557,202330,18.4416,22.885,29.3276,0.0,0.0049,0.0378,0.0395,0.9911,0.9922,0.9932,43.6361,73.9393,90.8797
2023-07-28,3304557,202330,18.7227,22.4281,27.4986,0.0023,0.0125,0.0392,0.1004,0.9917,0.9939,0.9956,55.0399,78.7982,96.0942
2023-07-29,3304557,202330,18.5283,19.5579,21.018,0.0585,3.8445,7.1273,30.756,0.9925,0.9951,0.9974,79.7197,88.3495,94.3088
2023-07-30,3304557,202331,17.1297,18.4518,20.453,0.1956,1.6285,7.6725,13.0277,0.9971,0.9982,0.9998,66.7837,81.5098,91.897
2023-07-31,3304557,202331,15.968,19.3676,24.2808,0.0017,0.1249,0.9793,0.9994,0.994,0.9968,0.9989,52.9476,78.0099,94.3288
2023-08-01,3304557,202331,15.8455,19.6693,24.4815,0.0,0.0024,0.0038,0.0193,0.9948,0.9962,0.998,57.056,82.0658,98.2813
2023-08-02,3304557,202331,15.2016,19.6232,26.3344,0.0,0.0033,0.0056,0.0262,0.9925,0.9947,0.9964,50.3001,81.2156,98.4019
2023-08-03,3304557,202331,14.2625,21.1701,29.1194,0.0,0.0009,0.0056,0.0073,0.9893,0.9913,0.9927,41.9015,73.2935,92.3931
2023-08-04,3304557,202331,17.1141,20.3323,24.0547,0.0,0.0324,0.0593,0.2589,0.9913,0.9926,0.9943,61.4209,82.4793,98.2325
2023-08-05,3304557,202331,15.995,20.7412,26.6041,0.0,0.0091,0.0593,0.0727,0.9919,0.9929,0.9944,55.9444,80.7452,98.6697
2023-08-06,3304557,202332,17.3836,21.5222,28.269,0.0,0.0016,0.0035,0.0128,0.9909,0.9938,0.9958,47.6748,80.3317,99.2552
2023-08-07,3304557,202332,17.0851,23.1039,31.1216,0.0,0.0005,0.0019,0.0036,0.9895,0.9911,0.9925,31.8992,64.5276,86.7807
2023-08-08,3304557,202332,19.2449,20.8513,22.7974,0.0,1.3306,5.7276,10.6449,0.9906,0.995,0.9981,58.6427,80.2759,92.4531
2023-08-09,3304557,202332,18.6372,20.0575,22.3193,0.9345,2.5261,8.0172,20.2091,0.9948,0.9974,0.9993,68.1817,82.4077,91.9827
2023-08-10,3304557,202332,18.0374,21.8631,28.2873,0.0008,0.2706,2.1399,2.1652,0.9895,0.9927,0.9953,46.8239,74.6381,90.9443
2023-08-11,3304557,202332,18.3278,23.6923,31.5286,0.0,0.0009,0.0049,0.0071,0.9875,0.9898,0.9916,39.3006,68.9619,89.3336
2023-08-12,3304557,202332,18.6732,24.0225,32.2685,0.0,0.0137,0.1084,0.1097,0.9875,0.9897,0.9933,37.7808,72.6282,92.7972
2023-08-13,3304557,202333,18.7895,20.8784,22.6775,0.0,0.4422,1.7367,3.5373,0.991,0.9934,0.9954,74.1185,82.0643,91.2678
2023-08-14,3304557,202333,18.9525,19.7588,20.8899,2.204,4.3585,5.6338,34.8681,0.994,0.9952,0.9963,78.8222,87.2814,93.3355
2023-08-15,3304557,202333,19.0824,21.1762,24.6452,0.3284,1.1108,5.6759,8.8861,0.9926,0.9944,0.9959,67.552,82.3392,91.5087
2023-08-16,3304557,202333,19.1014,21.8476,26.2414,0.007,0.1545,0.5925,1.2364,0.9929,0.9946,0.9963,57.9959,81.589,95.9742
2023-08-17,3304557,202333,18.2714,22.5321,28.3712,0.0,0.0492,0.2437,0.3934,0.9883,0.992,0.9946,47.1667,74.3842,93.0424
2023-08-18,3304557,202333,18.5728,24.0169,30.8259,0.0,0.0039,0.031,0.031,0.9821,0.9861,0.9888,37.1862,65.4077,86.771
2023-08-19,3304557,202333,19.6937,23.7715,29.2743,0.0,0.049,0.3831,0.3923,0.9817,0.983,0.9857,45.9644,65.2521,80.1575
2023-08-20,3304557,202334,18.8969,21.1804,24.405,0.0015,1.0347,3.9665,8.2776,0.9856,0.9871,0.9886,65.1521,83.9408,94.722
2023-08-21,3304557,202334,17.1464,22.3495,29.1679,0.0,0.5,3.9665,3.9998,0.9828,0.9848,0.9858,39.9525,74.6543,95.005
2023-08-22,3304557,202334,18.0133,24.3013,31.4758,0.0,0.0062,0.0496,0.0496,0.9817,0.9854,0.9877,33.4538,67.3469,89.4649
2023-08-23,3304557,202334,18.1845,25.0345,34.0123,0.0,0.0006,0.0017,0.0052,0.9806,0.9824,0.9846,27.0114,60.0588,82.9788
2023-08-24,3304557,202334,20.3253,26.9401,36.0828,0.0,0.0004,0.0017,0.003,0.9786,0.9808,0.9823,25.8355,51.9598,70.9365
2023-08-25,3304557,202334,20.9649,23.4331,28.4341,0.0004,0.4121,1.2463,3.297,0.9806,0.984,0.9867,44.3318,78.6002,94.318
2023-08-26,3304557,202334,17.1705,19.1185,21.6377,0.9424,6.5348,13.2448,52.2781,0.9855,0.9886,0.9908,83.7272,89.8962,93.1079
2023-08-27,3304557,202335,16.026,16.9018,17.558,3.9607,10.8513,17.2085,86.8104,0.9924,0.9939,0.9951,81.3317,88.952,93.7989
2023-08-28,3304557,202335,15.6903,16.5548,18.1973,3.5031,9.23,20.1321,73.8397,0.994,0.9953,0.9967,80.1541,88.9085,93.9092
2023-08-29,3304557,202335,16.4821,18.2198,20.7097,0.6526,3.6294,13.2259,29.0353,0.9925,0.9946,0.9964,75.4169,86.125,93.5321
2023-08-30,3304557,202335,17.9247,20.3784,24.7126,0.0289,0.6655,3.7565,5.3244,0.9877,0.9904,0.9932,64.8404,85.9793,96.1073
2023-08-31,3304557,202335,16.4952,20.2188,24.0527,0.0209,0.0968,0.6029,0.7745,0.991,0.992,0.9938,64.9843,82.6358,99.1769
2023-09-01,3304557,202335,16.5331,21.1704,26.5093,0.0011,0.0068,0.0278,0.0542,0.9902,0.9925,0.994,55.9821,78.6306,95.7245
2023-09-02,3304557,202335,17.8576,22.5506,28.5915,0.0,0.0016,0.0058,0.0124,0.9869,0.9902,0.9919,53.7098,75.9933,93.5984
2023-09-03,3304557,202336,20.3517,24.4923,31.0869,0.0,1.288,2.1298,10.3043,0.9857,0.9881,0.9901,55.2429,76.1114,89.6208
2023-09-04,3304557,202336,21.0692,26.3931,33.1864,0.0,0.2674,2.1298,2.1392,0.9838,0.9865,0.9877,47.7571,72.1609,90.1572
2023-09-05,3304557,202336,21.9231,25.2627,29.0355,0.0,0.3634,1.4974,2.9074,0.9858,0.9889,0.9945,62.7547,72.786,83.7372
2023-09-06,3304557,202336,19.7871,20.6556,21.3976,0.6205,2.1659,3.6009,17.3269,0.9957,0.9975,0.9992,72.2163,81.4026,88.2692
2023-09-07,3304557,202336,17.9965,20.339,23.7286,0.0982,0.8547,3.8392,6.8376,0.9944,0.9974,0.9993,64.6745,78.1181,88.9798
2023-09-08,3304557,202336,17.3898,22.38,29.2461,0.0,0.0968,0.7562,0.7745,0.9886,0.9921,0.9948,43.6859,73.7799,95.9023
2023-09-09,3304557,202336,18.4821,23.8281,31.279,0.0,0.0014,0.0037,0.0111,0.9875,0.9897,0.9911,38.2479,64.5873,79.7442
2023-09-10,3304557,202337,20.3303,23.4099,27.9142,0.0,0.0009,0.0038,0.0074,0.9901,0.992,0.9938,54.8682,77.1066,91.9963
2023-09-11,3304557,202337,19.541,23.6133,29.6397,0.0,0.0017,0.0034,0.0134,0.9889,0.9916,0.9933,45.4366,77.8849,99.201
2023-09-12,3304557,202337,18.4826,24.4616,31.2018,0.0,0.0004,0.0034,0.0034,0.9868,0.9895,0.9923,34.968,61.5242,83.2344
2023-09-13,3304557,202337,19.309,25.4346,32.8964,0.0,0.0002,0.0009,0.0017,0.9818,0.986,0.9882,38.8077,61.4618,82.2969
2023-09-14,3304557,202337,21.9244,25.1975,31.975,0.0,0.281,1.2683,2.2481,0.9815,0.9849,0.9903,41.8568,64.8717,81.835
2023-09-15,3304557,202337,18.6552,19.3063,20.5764,2.9826,7.5423,10.3816,60.338,0.9922,0.9931,0.9945,77.2472,82.8405,90.48
2023-09-16,3304557,202337,16.7856,21.5675,28.2381,0.0033,1.3049,10.4154,10.4392,0.9883,0.9919,0.9951,51.4787,72.6962,89.982
2023-09-17,3304557,202338,19.148,25.1408,32.9074,0.0,0.001,0.0034,0.0077,0.9874,0.9893,0.9912,43.4925,70.4503,90.0922
2023-09-18,3304557,202338,19.8543,26.6021,34.0636,0.0,0.0001,0.0009,0.0009,0.9865,0.9884,0.9903,28.6458,62.14,87.4086
2023-09-19,3304557,202338,18.5974,25.123,32.1842,0.0,0.0005,0.0009,0.0043,0.9872,0.988,0.9894,38.9888,65.2573,87.5962
2023-09-20,3304557,202338,19.7242,23.8203,28.0,0.0,0.0039,0.0076,0.0313,0.9884,0.99,0.9923,58.3476,80.3957,98.7441
2023-09-21,3304557,202338,19.8409,24.789,31.0698,0.0,0.002,0.0076,0.0159,0.9866,0.9892,0.9911,40.6662,73.3509,97.7962
2023-09-22,3304557,202338,20.6733,26.1953,33.5877,0.0,0.0014,0.003,0.011,0.9833,0.9858,0.9874,36.3649,62.47,81.7117
2023-09-23,3304557,202338,21.3176,24.9727,29.6961,0.0,0.0062,0.0113,0.0494,0.9847,0.9862,0.9879,54.903,77.698,98.1509
2023-09-24,3304557,202339,20.5369,27.2643,35.9664,0.0,0.0014,0.0113,0.0113,0.9806,0.9837,0.987,32.6486,67.7539,94.719
2023-09-25,3304557,202339,22.6054,26.1096,28.5984,0.0,0.0287,0.0631,0.2298,0.9824,0.9846,0.9875,64.3264,75.6176,94.8249
2023-09-26,3304557,202339,22.1963,26.1798,32.3161,0.0546,0.1249,0.1518,0.9992,0.9796,0.984,0.9869,52.2219,72.9213,87.8407
2023-09-27,3304557,202339,24.1833,29.8568,40.0235,0.0,0.5504,4.1679,4.4029,0.9748,0.9782,0.9808,27.6827,65.378,86.4567
2023-09-28,3304557,202339,20.7588,22.4949,25.0559,0.0801,1.5203,4.174,12.1621,0.9828,0.9878,0.9925,66.2119,75.968,87.9771
2023-09-29,3304557,202339,18.9001,20.8708,23.6801,0.1226,0.569,2.2115,4.5517,0.9925,0.9935,0.9951,56.6735,70.1009,79.1032
2023-09-30,3304557,202339,19.6319,22.3282,26.7189,0.0056,0.0618,0.4056,0.494,0.9878,0.991,0.9941,54.7774,71.2431,82.4314
2023-10-01,3304557,202340,20.4515,22.053,24.9714,0.0008,8.4133,24.1745,67.3066,0.9827,0.9861,0.9889,78.1548,83.8943,92.2243
2023-10-02,3304557,202340,20.9415,21.7901,23.3118,0.2446,3.7383,24.4878,29.9061,0.9839,0.9857,0.9872,77.2739,86.8757,94.4552
2023-10-03,3304557,202340,20.0929,21.6045,24.1745,0.6285,0.9602,2.8526,7.6815,0.9845,0.9859,0.988,73.2144,81.7747,88.9781
2023-10-04,3304557,202340,19.7845,24.9455,32.3405,0.0001,0.0959,0.7632,0.7673,0.9795,0.9829,0.9863,54.6276,78.6258,95.0187
2023-10-05,3304557,202340,22.7443,26.3292,29.3024,0.0,0.2399,0.5662,1.919,0.9778,0.9811,0.9838,71.5164,82.4593,95.7866
2023-10-06,3304557,202340,22.8453,25.6535,29.931,0.9115,8.7477,9.9284,69.9816,0.9844,0.9855,0.9872,70.9889,88.1711,98.5579
2023-10-07,3304557,202340,24.1653,28.4058,34.8839,0.0,1.3661,9.9318,10.929,0.9836,0.985,0.987,49.3922,76.0063,94.8909
2023-10-08,3304557,202341,23.1654,26.6716,32.5073,0.8806,4.5479,7.1431,36.383,0.9832,0.9864,0.9891,55.5988,83.0556,97.5216
2023-10-09,3304557,202341,22.5486,25.083,28.9885,0.0,3.1622,10.2044,25.2976,0.9821,0.9857,0.9894,67.8607,86.8103,96.1684
2023-10-10,3304557,202341,20.928,22.0088,23.3378,0.7578,3.9204,12.7318,31.3635,0.9904,0.9919,0.9933,77.9979,86.6649,95.5636
2023-10-11,3304557,202341,20.6845,24.429,30.4004,0.0466,0.5698,4.1411,4.5586,0.9844,0.9894,0.9934,53.1305,75.0627,90.1103
2023-10-12,3304557,202341,22.3725,26.4757,33.9103,0.0,0.011,0.0662,0.0884,0.9794,0.9828,0.9854,49.52,74.3759,88.9261
2023-10-13,3304557,202341,21.4827,22.8875,23.5558,0.0322,2.1212,5.5462,16.9697,0.985,0.9876,0.9908,82.5506,88.738,93.2472
2023-10-14,3304557,202341,19.9226,20.6275,21.2163,0.8747,4.1545,6.7723,33.2363,0.9917,0.9941,0.9957,80.1132,86.4313,90.7902
2023-10-15,3304557,202342,19.6217,21.5472,24.2943,0.2465,1.3551,7.1259,10.841,0.9923,0.9948,0.9968,70.6746,81.6996,88.827
2023-10-16,3304557,202342,20.4533,24.8043,31.0942,0.0057,0.115,0.8506,0.9203,0.9866,0.9906,0.9937,52.3347,77.7819,95.5235
2023-10-17,3304557,202342,22.1654,25.9302,33.0192,0.0,10.7343,18.7821,85.874,0.9842,0.9874,0.9909,52.355,80.9267,96.4287
2023-10-18,3304557,202342,22.2333,23.5737,24.9128,1.4845,4.7428,23.8597,37.9428,0.988,0.9898,0.9913,78.0568,87.7039,94.8984
2023-10-19,3304557,202342,20.4519,21.1981,22.2428,0.122,1.229,2.825,9.8324,0.9906,0.9925,0.9938,72.0416,80.6354,87.0131
2023-10-20,3304557,202342,19.5488,20.4751,21.6906,0.0253,0.5724,1.6134,4.5793,0.9914,0.9924,0.9935,74.2319,78.7911,84.0275
2023-10-21,3304557,202342,19.6297,20.6432,22.5979,0.0059,0.3648,0.9578,2.9187,0.9908,0.9922,0.9934,72.216,79.8001,84.4619
2023-10-22,3304557,202343,19.0217,21.1314,24.3843,0.0195,0.199,0.677,1.5916,0.9903,0.9921,0.9938,65.6494,79.6521,90.1373
2023-10-23,3304557,202343,18.613,22.895,29.5344,0.0009,0.0326,0.2467,0.2605,0.9848,0.9883,0.9914,53.2142,76.4813,92.1604
2023-10-24,3304557,202343,20.5897,25.7687,32.7614,0.0,0.0178,0.0694,0.142,0.9792,0.9827,0.9869,49.4527,75.3935,92.2819
2023-10-25,3304557,202343,22.2378,23.7309,24.8066,0.0086,5.8076,10.2471,46.4606,0.9804,0.9819,0.9834,85.9587,90.7304,93.932
2023-10-26,3304557,202343,20.9618,22.6596,25.2214,0.0143,1.3873,10.3557,11.0982,0.9799,0.9822,0.9842,77.5821,85.4594,94.4187
2023-10-27,3304557,202343,21.1261,22.6728,25.2662,1.3982,4.3713,5.7347,34.9702,0.984,0.9854,0.9877,73.7251,85.1582,94.3873
2023-10-28,3304557,202343,21.6816,24.829,29.4503,0.0207,0.8043,5.807,6.4344,0.9818,0.985,0.9873,63.4728,80.7158,91.5467
2023-10-29,3304557,202344,24.2366,27.5604,33.4035,0.0,1.7006,13.2071,13.605,0.9799,0.982,0.9832,54.4562,77.1613,89.5514
2023-10-30,3304557,202344,24.4631,27.3286,32.2225,2.0995,5.4766,19.7213,43.813,0.9819,0.9831,0.9843,55.8782,80.5659,96.9249
2023-10-31,3304557,202344,24.3335,27.2324,31.9175,1.4732,3.616,8.3342,28.9278,0.9802,0.9826,0.984,63.8466,81.3128,92.6637
2023-11-01,3304557,202344,22.7584,23.9189,24.8937,0.415,4.0321,10.0426,32.2567,0.9827,0.9847,0.986,85.4311,90.0908,94.8667
2023-11-02,3304557,202344,21.4509,22.7758,24.3459,0.119,1.0148,6.0138,8.1187,0.9856,0.9871,0.9887,69.1468,79.0598,87.125
2023-11-03,3304557,202344,21.5771,26.3362,33.3874,0.0,0.0624,0.4641,0.4992,0.9772,0.9823,0.9863,52.1236,74.541,92.7623
2023-11-04,3304557,202344,22.1648,24.8808,27.9692,0.0,0.965,1.8499,7.7199,0.9774,0.981,0.9836,68.7029,76.7761,87.8848
2023-11-05,3304557,202345,19.2859,21.3874,23.4499,0.0271,0.2785,1.8852,2.2282,0.9857,0.9882,0.9905,62.6632,72.6738,84.9721
2023-11-06,3304557,202345,18.3797,20.9215,24.0815,0.0008,0.0098,0.0612,0.0786,0.9913,0.9923,0.9938,54.2766,68.354,81.02
2023-11-07,3304557,202345,18.001,21.3522,24.8842,0.0026,0.0143,0.0186,0.1147,0.9914,0.993,0.9943,53.6002,68.8765,87.2663
2023-11-08,3304557,202345,17.1004,22.6025,30.0209,0.0,0.0033,0.0186,0.0265,0.9873,0.9904,0.9926,44.4546,68.3375,89.076
2023-11-09,3304557,202345,19.3916,25.9537,34.2986,0.0,0.0006,0.0035,0.0052,0.984,0.986,0.988,33.3768,64.4251,85.3718
2023-11-10,3304557,202345,22.7579,25.9277,29.7003,0.0,0.0012,0.0022,0.0092,0.9854,0.987,0.9896,62.042,75.5817,89.053
2023-11-11,3304557,202345,22.2181,27.2144,33.9075,0.0,0.0019,0.0034,0.0154,0.9812,0.9854,0.9886,44.732,73.3407,93.456
2023-11-12,3304557,202346,24.8829,29.3164,34.9786,0.0,0.0036,0.0253,0.0288,0.9806,0.982,0.983,47.1776,68.8634,85.6257
2023-11-13,3304557,202346,25.1859,30.1855,36.7904,0.0,0.0651,0.2372,0.5207,0.9802,0.982,0.984,40.2685,70.2955,91.9917
2023-11-14,3304557,202346,25.5478,30.1911,37.4087,0.004,0.0469,0.2495,0.3755,0.9792,0.9817,0.9836,41.83,72.2314,91.6977
2023-11-15,3304557,202346,25.0191,28.3144,33.7791,0.0763,0.2552,0.3167,2.0414,0.981,0.9836,0.9854,55.2771,77.4261,91.4375
2023-11-16,3304557,202346,26.4378,31.375,38.6587,0.0,0.2832,1.5327,2.2657,0.9773,0.9803,0.9822,29.4824,64.1039,89.269
2023-11-17,3304557,202346,26.6652,31.5122,36.8875,0.0001,0.2294,1.5327,1.8356,0.9779,0.98,0.9813,39.5506,65.195,93.1746
2023-11-18,3304557,202346,27.9544,33.0552,40.2292,0.0,0.1083,0.6935,0.8667,0.9766,0.9788,0.9797,30.2342,61.0502,85.2333
2023-11-19,3304557,202347,25.6658,28.1641,31.0351,0.0756,3.2973,8.2569,26.3781,0.9803,0.9835,0.9868,72.4976,81.8089,85.788
2023-11-20,3304557,202347,23.0822,23.929,24.8629,2.6383,8.6978,12.1587,69.5826,0.9867,0.9879,0.9887,83.0324,88.2281,93.2213
2023-11-21,3304557,202347,22.4786,25.5377,30.2216,0.0318,1.7128,12.2417,13.7027,0.9829,0.9862,0.9887,63.3257,78.2389,88.8229
2023-11-22,3304557,202347,23.8914,28.8283,34.7051,0.0716,0.1648,0.7527,1.3183,0.9794,0.9823,0.9842,46.5571,71.2927,93.8471
2023-11-23,3304557,202347,25.6793,28.9063,33.5949,0.1212,1.1198,4.8322,8.9586,0.9817,0.9833,0.9849,55.6867,74.592,90.4919
2023-11-24,3304557,202347,22.3681,23.6964,26.176,3.2643,21.8773,32.3902,175.0182,0.9865,0.9897,0.9928,81.5674,88.8167,94.9675
2023-11-25,3304557,202347,20.7566,22.3064,24.6205,0.0859,4.8815,32.4336,39.0516,0.9913,0.9928,0.9943,53.7073,69.4176,79.4487
2023-11-26,3304557,202348,19.4908,21.9541,25.5787,0.0159,0.4087,3.1401,3.2692,0.9897,0.9914,0.9933,59.7368,71.9816,83.1525
2023-11-27,3304557,202348,20.6056,23.8988,27.6814,0.0021,0.0247,0.1311,0.1979,0.989,0.9903,0.9918,58.8225,74.3335,87.4551
2023-11-28,3304557,202348,22.4244,26.1364,31.1729,0.0544,0.1761,0.3213,1.409,0.9837,0.9877,0.9903,54.0213,75.7197,91.0175
2023-11-29,3304557,202348,23.4631,25.8086,29.0816,0.2846,9.835,16.205,78.6804,0.9824,0.9843,0.9861,67.2867,82.0403,94.5229
2023-11-30,3304557,202348,22.526,26.1877,29.5142,0.0,2.3688,16.205,18.9507,0.9826,0.9836,0.9849,65.448,78.9525,92.8256
2023-12-01,3304557,202348,23.6477,26.2836,29.3049,0.4484,0.8099,1.9329,6.479,0.984,0.9853,0.9864,65.155,79.8239,93.6436
2023-12-02,3304557,202348,23.4298,26.609,30.2358,0.0045,0.3512,0.9723,2.8098,0.9821,0.9846,0.9866,62.7389,80.3923,95.5666
2023-12-03,3304557,202349,23.8261,27.8493,33.2076,0.0,0.0752,0.5924,0.6012,0.9807,0.9823,0.9836,51.2456,78.0185,97.0939
2023-12-04,3304557,202349,24.8286,27.25,31.6318,0.0,0.3081,1.8501,2.4647,0.9834,0.9844,0.9857,66.179,83.9985,95.6301
2023-12-05,3304557,202349,24.3642,26.1945,29.0721,0.8157,3.1272,4.7411,25.0173,0.9871,0.9883,0.9898,69.1436,82.6197,92.8231
2023-12-06,3304557,202349,24.5042,27.6097,32.2888,0.0049,3.7674,5.6004,30.1393,0.9843,0.9875,0.9894,60.7282,77.751,92.8345
2023-12-07,3304557,202349,25.4033,30.0079,34.7967,0.0,0.7681,5.6004,6.1448,0.9821,0.9843,0.9862,49.3225,69.4265,90.0004
2023-12-08,3304557,202349,25.5104,27.6549,30.2208,0.2097,1.8181,6.4514,14.5449,0.9836,0.9851,0.9865,68.1124,78.3716,91.212
2023-12-09,3304557,202349,21.7418,23.1848,24.4168,2.4539,7.2464,10.0265,57.971,0.9863,0.9889,0.9909,75.2991,84.8982,93.1478
2023-12-10,3304557,202350,20.6032,22.5458,24.9403,0.0379,1.4762,10.1891,11.8097,0.9868,0.9896,0.9917,65.6116,77.0462,87.7496
2023-12-11,3304557,202350,21.3375,23.2157,25.6937,0.0001,4.268,14.1604,34.1436,0.9835,0.9855,0.9876,77.7972,82.8499,87.4948
2023-12-12,3304557,202350,21.7544,23.5927,25.5657,2.6403,5.1186,18.4187,40.9491,0.9868,0.9891,0.9909,70.0367,82.8779,96.4468
2023-12-13,3304557,202350,20.0355,23.4467,27.0258,0.0011,0.4866,3.7937,3.8926,0.9867,0.9892,0.9914,60.4855,77.4299,93.6524
2023-12-14,3304557,202350,21.333,26.0402,32.8367,0.0046,0.0126,0.0426,0.1004,0.9836,0.9862,0.988,45.081,73.7597,93.2239
2023-12-15,3304557,202350,23.0116,27.7661,33.3451,0.0,0.0023,0.0115,0.0184,0.9848,0.986,0.9875,42.8743,70.4564,91.2275
2023-12-16,3304557,202350,23.2016,27.6565,33.1109,0.0,0.0005,0.0017,0.0043,0.9851,0.9865,0.9886,43.5121,68.4098,86.7083
2023-12-17,3304557,202351,22.948,26.9724,31.3732,0.0,0.0092,0.0252,0.074,0.9833,0.9858,0.9872,51.0857,71.0811,88.8787
2023-12-18,3304557,202351,22.815,26.1204,29.8651,0.0,0.0828,0.2144,0.6624,0.9815,0.9835,0.985,56.589,76.4518,94.2079
2023-12-19,3304557,202351,22.0238,25.1431,28.9371,0.0028,0.158,0.2886,1.2637,0.9811,0.9828,0.9838,54.4932,75.9669,93.9883
2023-12-20,3304557,202351,21.7855,24.8529,29.0219,0.0,0.0701,0.2892,0.5609,0.9833,0.9845,0.9858,50.8407,74.6996,93.3555
2023-12-21,3304557,202351,22.6555,26.2129,30.8972,0.1056,0.2002,0.5465,1.6012,0.9841,0.986,0.9874,51.7049,72.0831,88.7509
2023-12-22,3304557,202351,23.7265,27.3342,32.6957,0.1035,0.553,1.8058,4.4242,0.9845,0.9854,0.9865,53.363,73.8032,91.5001
2023-12-23,3304557,202351,24.7398,27.44,32.1011,0.095,0.7073,1.8609,5.6583,0.9837,0.9852,0.9862,57.0618,76.1605,88.6825
2023-12-24,3304557,202352,24.7259,27.5154,30.1398,1.6437,3.8781,7.1658,31.0247,0.9835,0.9845,0.9851,62.2444,76.0854,92.1628
2023-12-25,3304557,202352,25.049,28.7541,33.6278,0.1984,1.3441,7.2899,10.7532,0.9826,0.9848,0.9869,51.2263,72.5392,88.5181
2023-12-26,3304557,202352,24.8834,27.6871,32.0369,0.0,1.9605,5.3289,15.6844,0.9811,0.9839,0.986,56.4549,75.6456,86.1534
2023-12-27,3304557,202352,23.1675,24.9658,27.1812,0.6401,1.598,6.7217,12.7837,0.987,0.9889,0.9905,50.0652,70.3146,85.6917
2023-12-28,3304557,202352,20.8443,25.1606,28.9807,0.0,0.1227,0.947,0.9814,0.9854,0.9887,0.9908,53.8156,65.564,85.0554
2023-12-29,3304557,202352,22.5982,28.1107,35.184,0.0,0.0023,0.0185,0.0185,0.9807,0.9839,0.9868,40.9454,65.8552,87.3896
2023-12-30,3304557,202352,24.2951,27.2822,29.5794,0.0,0.6773,2.2923,5.4181,0.981,0.9845,0.9878,63.2252,72.523,83.2603
2023-12-31,3304557,202401,22.4855,23.4587,24.9061,0.0836,2.1471,3.7313,17.1769,0.9882,0.9891,0.9901,64.7935,79.0525,86.1622
2024-01-01,3304557,202401,22.0688,23.762,25.7393,0.0013,0.5345,3.7869,4.2758,0.9871,0.9887,0.99,59.7217,71.0853,82.0691
2024-01-02,3304557,202401,22.3709,24.7379,28.2525,0.0002,0.0978,0.2381,0.7822,0.984,0.9866,0.9879,57.4894,72.2157,82.2728
2024-01-03,3304557,202401,22.7387,25.7568,30.2786,0.2876,1.7803,7.761,14.2427,0.9818,0.9841,0.9864,60.1946,79.3268,91.0509
2024-01-04,3304557,202401,23.5721,25.3856,27.553,0.3073,4.5039,8.078,36.0308,0.9823,0.9831,0.9845,71.5721,87.1906,97.0456
2024-01-05,3304557,202401,23.0,24.4266,26.2506,0.1984,1.8435,7.2099,14.7477,0.9827,0.9842,0.985,76.7392,85.1299,92.9097
2024-01-06,3304557,202401,22.0992,24.6891,27.8583,0.0577,1.2982,2.7101,10.3858,0.9848,0.9857,0.9866,66.9457,81.7423,93.7429
2024-01-07,3304557,202402,21.7011,25.8474,30.3107,0.0004,0.313,1.9538,2.5042,0.9843,0.9861,0.9876,57.7278,75.5745,95.2265
2024-01-08,3304557,202402,23.1429,28.0504,34.3102,0.0,0.0398,0.2261,0.3184,0.9826,0.9846,0.9864,45.9969,68.8467,90.4558
2024-01-09,3304557,202402,25.5172,28.8966,31.4231,0.0,0.4465,1.2599,3.572,0.9836,0.985,0.9867,55.8536,68.3443,86.2341
2024-01-10,3304557,202402,24.4886,29.8319,35.3255,0.0,0.195,1.2599,1.5598,0.984,0.9853,0.9862,35.1001,63.3421,90.9912
2024-01-11,3304557,202402,25.9191,29.4366,34.2995,0.0,1.6013,11.5528,12.8103,0.9822,0.9841,0.9854,49.3944,70.3847,85.9417
2024-01-12,3304557,202402,25.7888,27.8524,32.0057,1.1468,4.6652,18.6887,37.3219,0.9817,0.9828,0.9841,60.4608,81.4179,93.8128
2024-01-13,3304557,202402,24.7368,25.7011,26.627,0.5715,7.6853,19.5122,61.4824,0.9844,0.986,0.987,82.219,88.2415,92.5851
2024-01-14,3304557,202403,23.8202,25.3622,27.005,1.3968,5.6238,20.807,44.9907,0.9863,0.988,0.9897,78.0965,87.5655,94.1222
2024-01-15,3304557,202403,24.2272,28.6081,34.5427,0.0,0.6456,5.1058,5.1651,0.9838,0.9862,0.9877,47.9434,74.7736,95.2791
2024-01-16,3304557,202403,26.1989,30.2196,35.0935,0.0004,0.0126,0.0635,0.1012,0.9837,0.9855,0.987,47.232,68.2432,88.0835
2024-01-17,3304557,202403,26.6186,30.8017,35.8534,0.0,0.0287,0.1201,0.2295,0.9844,0.9854,0.9865,46.0605,69.5715,88.4273
2024-01-18,3304557,202403,27.142,29.6443,33.6031,0.0,0.9354,6.7973,7.4831,0.9838,0.9852,0.9866,58.6872,76.167,88.4777
2024-01-19,3304557,202403,25.8076,28.5262,32.5937,0.3772,2.4622,14.104,19.6978,0.9809,0.9839,0.9861,61.6435,79.7987,92.4154
2024-01-20,3304557,202403,26.648,29.2374,31.6242,0.0,2.3625,7.7765,18.8998,0.9797,0.981,0.982,65.241,76.0276,91.616
2024-01-21,3304557,202404,24.7125,26.2082,28.0228,2.6211,18.0584,37.7535,144.4676,0.9813,0.9826,0.9839,79.8613,87.1489,94.9738
2024-01-22,3304557,202404,23.021,24.2746,25.7715,0.7749,7.1557,39.2888,57.2458,0.9854,0.9869,0.9881,79.8162,86.4196,93.5598
2024-01-23,3304557,202404,20.4591,22.879,24.0698,1.1764,6.5663,23.1768,52.5307,0.986,0.9874,0.9886,83.2981,88.6216,91.7855
2024-01-24,3304557,202404,19.7453,21.8341,24.9546,1.4424,5.0805,26.3348,40.6442,0.9834,0.9854,0.9885,71.5723,83.6359,91.2603
2024-01-25,3304557,202404,21.6411,23.475,26.4356,0.6177,2.7821,7.2638,22.2571,0.9823,0.9832,0.9853,71.4487,85.1295,94.4594
2024-01-26,3304557,202404,21.6741,23.2688,24.9588,1.9501,7.4344,10.1302,59.4756,0.9836,0.9851,0.9867,78.4929,87.1378,95.0105
2024-01-27,3304557,202404,21.94,24.0209,26.1831,0.5487,2.8152,10.6895,22.5215,0.9852,0.9861,0.9872,72.8094,83.2873,92.203
2024-01-28,3304557,202405,22.1917,24.8928,28.7272,0.0443,0.9622,3.747,7.6976,0.9857,0.9867,0.9876,67.6105,85.0199,97.1891
2024-01-29,3304557,202405,21.8603,25.4632,29.951,0.4038,3.4847,4.7033,27.8776,0.9851,0.9863,0.988,65.8579,83.4607,96.4945
2024-01-30,3304557,202405,22.4698,26.5695,31.6965,0.0,0.7445,4.7044,5.9562,0.984,0.9852,0.9871,57.605,79.1096,94.9223
2024-01-31,3304557,202405,23.7374,26.8643,31.1775,0.0,1.3136,7.2713,10.5087,0.9842,0.9857,0.9871,63.6104,82.201,95.5926
2024-02-01,3304557,202405,22.8602,25.286,29.2098,1.6919,4.6796,11.8035,37.4371,0.987,0.9885,0.9894,64.183,81.7229,91.6969
2024-02-02,3304557,202405,23.9391,25.277,27.884,0.0598,2.3258,7.721,18.6065,0.9894,0.9906,0.9918,67.8391,80.732,88.3996
2024-02-03,3304557,202405,22.5258,25.4256,29.4462,0.0,0.9179,7.2849,7.343,0.9888,0.9904,0.9919,63.9104,83.1623,96.1259
2024-02-04,3304557,202406,23.9305,26.2959,30.7268,0.0001,1.4414,11.1214,11.531,0.9879,0.989,0.9902,61.4267,81.9434,93.8207
2024-02-05,3304557,202406,23.4623,26.3011,30.3856,0.9923,2.542,12.184,20.3359,0.9867,0.9881,0.9898,61.6931,81.3675,94.1965
2024-02-06,3304557,202406,24.3338,27.1861,30.4028,0.0,0.371,1.6276,2.9683,0.9874,0.9884,0.9897,63.0751,77.3404,93.0516
2024-02-07,3304557,202406,23.3613,26.4946,30.297,0.0,0.1903,0.6415,1.5226,0.9857,0.9875,0.9898,64.7712,78.9319,93.3111
2024-02-08,3304557,202406,22.9009,26.6418,30.786,0.0,0.4043,1.9151,3.2342,0.9847,0.9862,0.9874,61.049,78.2914,94.9634
2024-02-09,3304557,202406,23.0867,26.8608,31.4726,0.0006,0.4153,1.9217,3.3227,0.9866,0.9876,0.9887,59.7178,78.8578,95.3299
2024-02-10,3304557,202406,22.8619,26.8737,30.5755,0.0,0.1594,0.9378,1.2755,0.9883,0.9893,0.9914,55.3194,75.4416,93.8297
2024-02-11,3304557,202407,23.7994,27.6045,32.3848,0.0176,0.055,0.2441,0.4396,0.9872,0.9896,0.9917,53.8857,72.1364,91.0372
2024-02-12,3304557,202407,25.3875,29.1416,34.017,0.0,0.067,0.4656,0.5361,0.987,0.989,0.9909,47.0439,62.9929,75.8795
2024-02-13,3304557,202407,24.4872,29.1653,34.8095,0.0,0.3343,2.0325,2.6747,0.9862,0.9879,0.9891,44.1831,67.5928,85.9133
2024-02-14,3304557,202407,25.2607,27.6636,32.1599,0.0005,1.9799,7.5394,15.8391,0.986,0.9871,0.9879,60.0931,80.1147,91.1862
2024-02-15,3304557,202407,24.2174,25.259,26.4723,1.8947,9.3354,21.0099,74.6832,0.9854,0.9867,0.9883,85.1745,91.2125,96.9331
2024-02-16,3304557,202407,22.7769,24.5729,26.7808,0.8879,4.1012,22.2712,32.8094,0.9855,0.9873,0.9886,69.2449,82.2619,92.8508
2024-02-17,3304557,202407,22.4532,24.9755,28.5287,0.0013,0.2619,1.8707,2.0953,0.9841,0.9858,0.9873,64.0857,79.7101,91.9945
2024-02-18,3304557,202408,23.2149,25.4115,28.7774,0.1191,0.4609,1.4249,3.6869,0.9822,0.984,0.9853,66.3722,81.784,92.0071
2024-02-19,3304557,202408,23.0607,25.6368,29.6263,0.0591,1.1402,4.8083,9.1217,0.9812,0.9822,0.9834,65.6133,81.7591,92.8896
2024-02-20,3304557,202408,23.0466,25.1924,29.6921,0.0017,3.9858,15.2389,31.8867,0.9794,0.9806,0.9826,69.8893,85.5905,93.7769
2024-02-21,3304557,202408,23.6027,25.2242,28.7454,1.6792,7.9591,17.8264,63.6729,0.9797,0.981,0.9819,73.4763,89.1847,96.5106
2024-02-22,3304557,202408,23.4414,26.4395,30.525,0.0032,2.4735,18.253,19.788,0.9811,0.9824,0.9837,65.2313,83.1305,96.5797
2024-02-23,3304557,202408,25.5876,27.6879,30.7868,0.0145,0.4578,1.4624,3.6622,0.9839,0.9854,0.9871,66.3165,76.1452,83.8727
2024-02-24,3304557,202408,25.4634,28.2375,31.6187,0.0,0.2865,1.4628,2.2917,0.9872,0.9885,0.9899,57.5922,74.8683,87.2624
2024-02-25,3304557,202409,24.3049,27.588,30.2846,0.0,0.3034,0.8519,2.4273,0.9896,0.9907,0.992,66.4648,81.5705,95.8755
2024-02-26,3304557,202409,24.5848,26.4557,29.2559,0.214,0.8998,2.3575,7.1986,0.9888,0.9899,0.991,78.2844,85.7398,92.4506
2024-02-27,3304557,202409,23.3224,26.8846,31.6987,0.055,0.4266,2.6671,3.4125,0.9828,0.9867,0.9895,56.2284,78.4207,93.7684
2024-02-28,3304557,202409,25.2172,28.313,33.3122,0.0038,0.119,0.307,0.9522,0.9825,0.9836,0.9843,53.9301,76.2835,91.0659
2024-02-29,3304557,202409,25.9764,27.706,30.4132,0.0,1.6165,5.1516,12.9317,0.9846,0.9854,0.9866,73.0968,82.9643,91.7006
2024-03-01,3304557,202409,24.7528,26.6085,29.2425,0.048,2.1088,6.6695,16.8701,0.9843,0.9851,0.9863,70.951,84.1336,92.0888
2024-03-02,3304557,202409,22.8509,25.1882,27.8859,0.0063,1.0902,6.9502,8.7216,0.986,0.9871,0.9886,59.9235,75.1984,87.3011
2024-03-03,3304557,202410,19.8008,25.0236,30.0707,0.0005,0.0578,0.4532,0.4626,0.9851,0.9872,0.9888,51.2437,73.7967,96.2817
2024-03-04,3304557,202410,20.9357,26.3195,32.8818,0.0,0.0013,0.0026,0.0101,0.9839,0.9858,0.9874,41.5604,71.2429,91.8509
2024-03-05,3304557,202410,23.4196,27.4058,33.0423,0.0,0.4803,2.7035,3.8422,0.9837,0.9852,0.9861,53.151,75.9266,91.408
2024-03-06,3304557,202410,23.4857,25.0567,26.1871,1.9577,4.8343,8.2844,38.674,0.9845,0.9871,0.9883,79.4706,87.8896,95.568
2024-03-07,3304557,202410,23.7181,25.0953,26.7786,0.2484,3.2127,8.2852,25.7018,0.9887,0.9901,0.9917,83.4075,87.5876,93.8594
2024-03-08,3304557,202410,23.6747,25.6367,28.4973,0.1112,1.7727,7.7295,14.1814,0.9877,0.9899,0.9916,71.1784,83.7733,93.0121
2024-03-09,3304557,202410,24.0238,27.1877,31.1522,0.0048,0.4362,2.2927,3.4893,0.9828,0.986,0.9895,59.5899,79.676,94.6077
2024-03-10,3304557,202411,24.9025,27.5671,30.5896,1.9136,2.4134,3.2521,19.3074,0.9822,0.984,0.9849,67.9391,82.6748,96.1494
2024-03-11,3304557,202411,23.4117,25.64,27.9716,0.4656,1.3755,3.5604,11.0037,0.987,0.9883,0.9894,69.1495,82.8029,93.1733
2024-03-12,3304557,202411,22.6558,24.7889,27.43,0.2171,0.9834,2.1272,7.8668,0.9894,0.9905,0.9915,67.5186,81.3109,92.3478
2024-03-13,3304557,202411,22.0418,25.1225,28.3444,0.0032,0.241,1.3328,1.928,0.9877,0.9894,0.9906,66.575,79.2566,92.7298
2024-03-14,3304557,202411,22.0861,26.0556,31.1039,0.0,0.0245,0.1907,0.1961,0.9857,0.9878,0.9894,60.6133,79.193,95.5724
2024-03-15,3304557,202411,22.8929,27.3962,32.7494,0.0,0.0022,0.0043,0.0176,0.9826,0.9851,0.9871,54.1411,78.1545,98.3296
2024-03-16,3304557,202411,23.8855,28.9943,34.2073,0.0,0.0006,0.0052,0.0052,0.9807,0.9827,0.9843,46.4699,71.8297,93.5897
2024-03-17,3304557,202412,25.2721,30.0061,35.7696,0.0,0.0361,0.191,0.2891,0.9823,0.983,0.9841,43.8309,69.3368,89.236
2024-03-18,3304557,202412,25.7854,28.6702,32.5677,0.0,0.1373,0.7741,1.0982,0.9835,0.9845,0.9859,57.9901,77.795,93.1664
2024-03-19,3304557,202412,25.7598,28.1256,31.7975,0.0212,2.745,6.8375,21.9597,0.9828,0.9846,0.9859,64.5713,78.6128,89.3207
2024-03-20,3304557,202412,25.0526,28.5832,33.014,0.0004,1.3233,7.239,10.5866,0.9795,0.9824,0.9843,56.9129,77.3834,93.7642
2024-03-21,3304557,202412,26.0121,29.8526,34.5368,0.0,0.4863,2.9969,3.89,0.9798,0.9815,0.9829,51.286,72.266,90.1603
2024-03-22,3304557,202412,23.4098,25.8578,29.0411,0.4248,15.9003,46.2717,127.2024,0.983,0.986,0.9901,77.3431,88.8812,93.0512
2024-03-23,3304557,202412,21.8993,22.751,23.3927,2.2784,12.1167,48.5429,96.9337,0.9908,0.992,0.9931,78.4473,84.0314,88.1525
2024-03-24,3304557,202413,21.689,22.5189,23.4912,0.3956,5.585,13.4452,44.6798,0.988,0.9903,0.9929,84.7838,89.7917,92.5662
2024-03-25,3304557,202413,22.1962,23.7912,26.0426,0.674,4.6179,15.601,36.943,0.9858,0.9871,0.9887,72.5023,85.492,93.874
2024-03-26,3304557,202413,22.4464,23.5563,24.8771,0.0005,2.9038,4.7515,23.2301,0.9868,0.9883,0.9896,77.2548,86.9923,94.313
2024-03-27,3304557,202413,22.206,23.3253,25.2851,1.903,3.5263,6.7771,28.2106,0.9894,0.9906,0.992,72.0864,86.7562,94.37
2024-03-28,3304557,202413,21.6492,22.7816,24.088,0.5664,4.1328,8.9025,33.0626,0.991,0.9919,0.9932,83.9821,92.1293,96.2701
2024-03-29,3304557,202413,22.2063,24.4876,27.8346,0.9355,3.3551,9.5786,26.8408,0.988,0.9905,0.9924,71.4648,87.6892,97.6854
2024-03-30,3304557,202413,23.4131,24.6464,26.4985,3.3307,7.5473,9.7666,60.3784,0.9861,0.9875,0.9889,73.9148,89.4992,97.4056
2024-03-31,3304557,202414,20.5634,23.8445,27.3102,0.0,1.2224,9.7682,9.7795,0.9864,0.9874,0.9889,63.2132,82.8217,97.7658
2024-04-01,3304557,202414,20.4583,23.5993,27.3538,0.0,0.0007,0.0034,0.0052,0.9858,0.9874,0.9887,64.73,84.9237,98.9702
2024-04-02,3304557,202414,20.428,24.2859,28.853,0.0004,0.0019,0.0046,0.0153,0.9833,0.9858,0.9877,64.6013,82.0674,96.0542
2024-04-03,3304557,202414,21.7085,25.1617,28.7134,0.0,0.0009,0.0046,0.0073,0.9847,0.9862,0.9884,61.5766,82.7895,98.4902
2024-04-04,3304557,202414,21.7719,25.0904,29.4236,0.0,0.0015,0.0041,0.0123,0.9866,0.9883,0.9895,66.5542,83.4652,98.0986
2024-04-05,3304557,202414,21.5426,24.7866,29.1368,0.0,0.001,0.0041,0.008,0.9872,0.9885,0.99,65.7292,82.6846,96.0478
2024-04-06,3304557,202414,21.1566,24.0916,27.327,0.0,0.0039,0.009,0.0314,0.9879,0.989,0.9901,60.8024,81.8872,96.8614
2024-04-07,3304557,202415,21.9922,23.7791,26.3183,0.2851,1.3167,2.2443,10.5333,0.9892,0.9905,0.9919,68.9785,83.7079,92.9606
2024-04-08,3304557,202415,20.9509,24.8015,29.4652,0.0056,0.2865,2.2509,2.2922,0.986,0.9886,0.9908,55.0774,79.5622,96.7414
2024-04-09,3304557,202415,22.8926,24.8419,26.4573,0.0948,0.8137,4.3601,6.5094,0.9866,0.9875,0.9892,74.1359,84.3409,92.6668
2024-04-10,3304557,202415,20.9708,24.8506,28.8818,0.0005,0.6739,4.4953,5.3912,0.9844,0.9861,0.9879,65.5705,85.1751,98.6607
2024-04-11,3304557,202415,22.7274,25.2996,28.9263,0.0,0.4321,1.6462,3.4565,0.9861,0.9872,0.9883,68.9858,84.6007,96.5721
2024-04-12,3304557,202415,22.3524,24.51,27.258,0.1386,0.8295,1.7042,6.6358,0.9896,0.9904,0.9919,74.1038,85.8684,95.6596
2024-04-13,3304557,202415,21.948,24.7576,28.3075,0.0179,0.2113,1.4081,1.6902,0.9879,0.9902,0.9921,59.5086,79.7011,95.9779
2024-04-14,3304557,202416,21.4436,24.3779,27.9223,0.0,0.009,0.0635,0.072,0.9877,0.9889,0.9904,60.5962,79.6366,93.5377
2024-04-15,3304557,202416,22.5667,25.0015,28.3792,0.0016,0.0229,0.0722,0.1828,0.9882,0.9894,0.9911,62.5349,78.7744,90.1924
2024-04-16,3304557,202416,22.4758,25.7507,30.2669,0.0,0.0094,0.0726,0.0752,0.9872,0.9896,0.9911,52.6759,75.2792,92.4082
2024-04-17,3304557,202416,22.5159,26.2068,30.9534,0.0,0.0021,0.0133,0.0168,0.9846,0.9867,0.9884,54.2905,74.2039,87.7053
2024-04-18,3304557,202416,22.2611,23.8885,26.7564,0.041,5.561,10.677,44.4876,0.9856,0.9882,0.9906,73.0595,82.7749,94.2777
2024-04-19,3304557,202416,20.2718,21.9844,23.6307,0.0304,1.4402,10.6882,11.5214,0.9906,0.9918,0.9928,56.1665,71.0109,83.3735
2024-04-20,3304557,202416,18.8346,21.8183,24.9867,0.0,0.0182,0.1453,0.1456,0.9917,0.9932,0.9949,56.3818,69.3803,85.0804
2024-04-21,3304557,202417,18.0638,21.749,26.3677,0.0,0.0001,0.0001,0.0008,0.9893,0.9916,0.9933,54.2763,74.1772,92.5237
2024-04-22,3304557,202417,17.0686,22.6194,28.9995,0.0,0.0,0.0001,0.0001,0.9865,0.9886,0.9901,47.4456,71.142,90.7834
2024-04-23,3304557,202417,19.4825,24.4695,30.5449,0.0,0.001,0.0019,0.0082,0.9862,0.9878,0.9893,40.664,70.2491,89.8182
2024-04-24,3304557,202417,20.0997,25.623,32.1961,0.0,0.0004,0.0027,0.0036,0.9851,0.9866,0.9873,37.3344,68.2724,88.1761
2024-04-25,3304557,202417,22.2171,24.2665,26.6318,0.0,0.5423,1.7158,4.3383,0.9881,0.9893,0.9914,69.4898,78.6321,86.2539
2024-04-26,3304557,202417,22.5244,23.7452,26.2865,0.0717,0.9238,1.8657,7.3905,0.9889,0.9906,0.9923,69.4592,83.4603,90.7555
2024-04-27,3304557,202417,20.6406,24.7764,30.7167,0.0035,0.1458,1.1289,1.1664,0.9849,0.9879,0.9901,50.4968,74.682,92.8484
2024-04-28,3304557,202418,22.0891,26.7658,33.0882,0.0,0.0014,0.0075,0.0109,0.9839,0.9853,0.9868,41.3598,67.5017,83.2836
2024-04-29,3304557,202418,22.5116,25.6479,29.1117,0.0,0.0071,0.0242,0.0569,0.9859,0.9879,0.9905,66.4209,78.9037,93.292
2024-04-30,3304557,202418,21.324,26.1757,32.0807,0.0,0.0033,0.0258,0.0263,0.9861,0.9879,0.9898,45.7138,77.1361,98.8786
2024-05-01,3304557,202418,21.4797,26.7889,32.3715,0.0,0.0005,0.0009,0.0043,0.9847,0.9864,0.9877,41.2101,69.9394,90.7377
2024-05-02,3304557,202418,21.493,27.2352,33.7688,0.0,0.0005,0.0009,0.0043,0.9816,0.9837,0.9853,35.4895,65.8187,87.9182
2024-05-03,3304557,202418,22.283,26.3639,31.0745,0.0,0.0001,0.0009,0.0009,0.9827,0.9847,0.9865,50.815,69.3941,84.0254
2024-05-04,3304557,202418,21.6398,26.0105,32.1365,0.0,0.0009,0.002,0.0073,0.9874,0.9886,0.9906,44.9025,77.3647,98.3185
2024-05-05,3304557,202419,19.7298,25.7526,32.0145,0.0,0.0004,0.0029,0.0029,0.9887,0.99,0.9918,38.4999,69.9608,90.5457
2024-05-06,3304557,202419,19.7829,24.8719,30.4086,0.0,0.0,0.0001,0.0003,0.9867,0.9897,0.9924,45.0843,71.2166,91.4579
2024-05-07,3304557,202419,20.49,25.7338,31.7548,0.0,0.0004,0.0009,0.0035,0.986,0.9877,0.9895,44.2981,68.4811,88.0904
2024-05-08,3304557,202419,19.9238,25.8591,32.2316,0.0,0.0003,0.0009,0.0026,0.9866,0.9875,0.9892,41.4671,63.8601,82.2396
2024-05-09,3304557,202419,21.179,26.4734,32.7729,0.0,0.0002,0.0017,0.0017,0.9872,0.9885,0.9899,33.7396,60.7368,78.3079
2024-05-10,3304557,202419,22.1724,24.8473,28.23,0.0,0.0061,0.0102,0.0486,0.9873,0.9893,0.9911,61.8432,78.3281,93.2114
2024-05-11,3304557,202419,21.0864,25.7227,31.9485,0.0,0.0013,0.0102,0.0104,0.9844,0.9869,0.9886,38.7802,74.4569,98.1478
2024-05-12,3304557,202420,21.2266,26.8505,32.8623,0.0,0.0,0.0,0.0,0.9829,0.9845,0.9861,37.071,62.7471,83.5182
2024-05-13,3304557,202420,21.1137,27.1648,33.5488,0.0,0.0009,0.0022,0.0073,0.9826,0.9839,0.9855,33.1988,60.7879,83.6962
2024-05-14,3304557,202420,22.8465,24.5258,26.7306,0.0,0.488,1.426,3.9044,0.984,0.9868,0.9892,60.6813,80.3245,94.0882
2024-05-15,3304557,202420,21.6041,22.2941,22.863,0.5834,2.1312,4.3659,17.0497,0.9887,0.9902,0.9918,78.9928,84.1393,87.4637
2024-05-16,3304557,202420,21.0555,23.2845,27.9952,0.2007,1.0017,4.841,8.0132,0.9876,0.9903,0.9923,61.1057,80.5798,90.5759
2024-05-17,3304557,202420,20.9218,25.8811,32.7821,0.0,0.0676,0.5409,0.5409,0.987,0.9883,0.99,38.2406,70.7945,93.2078
2024-05-18,3304557,202420,21.0221,24.796,29.3142,0.0,0.0005,0.003,0.0041,0.9875,0.9889,0.9908,58.0396,73.3262,84.5454
2024-05-19,3304557,202421,21.9239,24.421,27.8495,0.0032,0.0192,0.0339,0.1535,0.9887,0.9903,0.9916,62.8035,83.1258,96.9902
2024-05-20,3304557,202421,21.0075,24.4149,29.2684,0.0004,0.0111,0.0477,0.0884,0.989,0.9903,0.9913,54.1102,80.3927,96.0957
2024-05-21,3304557,202421,21.9391,22.8446,23.9389,0.5274,2.4205,3.2702,19.3643,0.993,0.9941,0.9959,71.8857,83.9645,93.4317
2024-05-22,3304557,202421,19.9088,23.6046,28.5799,0.0001,0.4095,3.2703,3.2761,0.9912,0.9937,0.9953,50.6838,76.1689,94.7819
2024-05-23,3304557,202421,18.9017,24.0623,30.6167,0.0,0.0002,0.0019,0.0019,0.9871,0.99,0.992,40.2678,72.4688,92.9325
2024-05-24,3304557,202421,18.6751,24.3597,31.9526,0.0,0.0001,0.0009,0.0009,0.984,0.9866,0.9881,38.0877,68.7437,85.7941
2024-05-25,3304557,202421,21.5757,22.4962,24.5561,0.0,0.4966,1.708,3.9728,0.9865,0.9899,0.9934,68.8697,79.9915,86.9111
2024-05-26,3304557,202422,19.4764,20.3389,21.1299,0.7905,4.4699,12.1386,35.7595,0.9933,0.9944,0.9955,80.5482,87.7295,93.8118
2024-05-27,3304557,202422,18.8673,20.0483,21.8238,0.7256,5.3971,12.9721,43.1765,0.9922,0.9941,0.9957,83.3995,91.1285,96.3323
2024-05-28,3304557,202422,18.9801,22.5626,27.5285,0.0036,1.224,9.6496,9.7917,0.9881,0.9897,0.9925,62.3529,83.7263,95.9524
2024-05-29,3304557,202422,19.8784,20.9433,21.6863,0.0979,1.0125,1.4253,8.1003,0.9907,0.9921,0.9937,59.8769,74.6984,89.6767
2024-05-30,3304557,202422,17.0004,19.5105,21.7626,0.0083,0.2023,1.4447,1.618,0.9941,0.995,0.9961,55.6695,68.5497,80.6722
2024-05-31,3304557,202422,16.3735,18.9419,21.6558,0.0923,0.3389,0.7292,2.7111,0.9961,0.9969,0.9984,66.1847,79.297,91.0595
2024-06-01,3304557,202422,16.5189,20.1054,24.3431,0.0738,0.1945,0.7773,1.5556,0.9961,0.9979,0.9997,54.9723,77.5337,93.5673
2024-06-02,3304557,202423,15.7531,20.2567,25.6192,0.0,0.0198,0.1525,0.1587,0.9946,0.9965,0.998,50.7775,76.1175,92.8339
2024-06-03,3304557,202423,15.9006,21.2001,27.7624,0.0,0.0008,0.0018,0.0063,0.9931,0.995,0.997,47.7413,72.2842,87.7744
2024-06-04,3304557,202423,18.6822,20.6282,22.4536,0.0,0.5708,2.0887,4.5665,0.9922,0.9949,0.9969,77.746,85.5267,89.6524
2024-06-05,3304557,202423,19.4556,20.5278,21.9378,0.803,3.2608,4.6026,26.086,0.9948,0.9964,0.9977,77.6202,86.9378,93.3225
2024-06-06,3304557,202423,17.1721,20.5972,26.1822,0.0,0.5847,4.6026,4.678,0.9923,0.9947,0.9959,55.9949,84.1785,98.6679
2024-06-07,3304557,202423,16.5236,21.383,26.8323,0.0,0.0033,0.0155,0.0265,0.9936,0.9946,0.9961,51.685,80.1817,98.7005
2024-06-08,3304557,202423,16.7038,21.5544,26.6586,0.0,0.0006,0.0025,0.0044,0.9936,0.9949,0.9965,54.5266,80.6111,97.9742
2024-06-09,3304557,202424,16.9402,21.7346,27.1204,0.0,0.0001,0.0004,0.0004,0.9905,0.9931,0.9945,53.2112,78.4808,98.4324
2024-06-10,3304557,202424,16.8956,22.1798,28.722,0.0,0.0004,0.0009,0.0034,0.9892,0.9905,0.9919,44.8855,70.7459,88.3357
2024-06-11,3304557,202424,15.9963,22.3683,28.825,0.0,0.0002,0.0009,0.0017,0.9912,0.9921,0.9937,41.1711,68.855,89.2136
2024-06-12,3304557,202424,16.9117,22.3951,27.367,0.0,0.0005,0.0017,0.0043,0.9917,0.9932,0.9946,45.657,69.2158,90.3257
2024-06-13,3304557,202424,14.8752,21.2683,28.3919,0.0,0.0004,0.0009,0.0034,0.9898,0.9918,0.9934,40.4716,70.7078,90.9986
2024-06-14,3304557,202424,15.3918,21.5644,28.9885,0.0,0.0009,0.0026,0.0068,0.9899,0.9916,0.9936,40.8891,65.5112,82.6482
2024-06-15,3304557,202424,16.0212,21.8769,29.3398,0.0,0.0004,0.0013,0.0034,0.9913,0.9924,0.9943,37.348,64.8019,83.0452
2024-06-16,3304557,202425,15.8327,22.0177,29.484,0.0,0.0006,0.0017,0.0047,0.9889,0.991,0.9928,37.3275,63.3773,82.2785
2024-06-17,3304557,202425,16.3917,22.2287,29.3008,0.0,0.0003,0.0017,0.0021,0.9868,0.9886,0.9905,35.2531,64.0302,84.2076
2024-06-18,3304557,202425,16.0882,21.9408,29.1599,0.0,0.0006,0.0017,0.0047,0.9872,0.9882,0.9902,35.6306,63.5005,81.9337
2024-06-19,3304557,202425,15.8057,22.5126,29.6,0.0,0.0002,0.0017,0.0017,0.9888,0.9896,0.991,34.7414,62.6699,84.2757
2024-06-20,3304557,202425,15.197,22.1757,28.9606,0.0,0.0,0.0,0.0,0.9902,0.9913,0.9931,31.8086,65.6295,87.8444
2024-06-21,3304557,202425,15.6792,22.1374,27.9354,0.0,0.001,0.0017,0.0077,0.9902,0.9918,0.9931,36.0982,65.3028,88.7422
2024-06-22,3304557,202425,16.1005,22.075,28.6515,0.0,0.0004,0.0017,0.0034,0.9882,0.9907,0.9926,41.1006,68.2442,88.6883
2024-06-23,3304557,202426,17.267,23.0141,30.2617,0.0,0.0002,0.0017,0.0017,0.9871,0.9886,0.9898,35.4111,60.5366,77.2289
2024-06-24,3304557,202426,18.2705,23.8078,31.0335,0.0,0.0003,0.0004,0.0022,0.9857,0.9874,0.9891,32.8247,59.5247,78.9271
2024-06-25,3304557,202426,19.8423,22.187,24.8762,0.0,0.2008,0.5866,1.6063,0.9871,0.9905,0.9928,63.1894,78.4323,93.0909
2024-06-26,3304557,202426,20.0953,23.8585,29.9532,0.117,0.2087,0.7266,1.6693,0.9852,0.9899,0.9933,46.5048,78.0462,97.6875
2024-06-27,3304557,202426,20.2123,21.94,23.445,0.0,0.4869,1.4119,3.8955,0.9847,0.9868,0.9895,72.0323,79.8779,88.1365
2024-06-28,3304557,202426,20.7944,24.035,29.6356,0.1501,0.3355,1.5278,2.6839,0.9847,0.9868,0.9883,45.076,73.7686,91.4475
2024-06-29,3304557,202426,19.949,23.0162,26.646,0.0,0.1133,0.5019,0.9061,0.9856,0.9872,0.9894,60.5554,74.1447,83.7838
2024-06-30,3304557,202427,17.646,19.3603,21.1267,0.9252,4.5303,9.9682,36.2421,0.9908,0.9923,0.9939,80.3384,87.0601,92.0344
2024-07-01,3304557,202427,16.9451,18.3565,20.9963,0.6076,4.1907,10.3874,33.5256,0.994,0.9948,0.9961,66.9443,85.4554,93.6699
2024-07-02,3304557,202427,16.4681,19.3702,23.9704,0.0974,1.4704,11.0443,11.7634,0.9928,0.9947,0.9964,64.603,86.8238,98.6846
2024-07-03,3304557,202427,16.1705,21.4206,28.2032,0.0,0.0136,0.109,0.109,0.9883,0.9911,0.9933,44.535,77.6845,95.9897
2024-07-04,3304557,202427,17.697,22.6161,28.8381,0.0,0.001,0.0017,0.0077,0.9882,0.9893,0.9911,38.3803,67.8744,87.4774
2024-07-05,3304557,202427,17.0661,22.6215,28.4383,0.0,0.0007,0.0017,0.0056,0.9897,0.9907,0.9926,39.5254,66.418,85.7335
2024-07-06,3304557,202427,17.3947,20.2796,22.7729,0.0,0.0413,0.1059,0.3308,0.9912,0.9934,0.9957,71.6674,79.3236,84.8643
2024-07-07,3304557,202428,16.4804,20.6382,26.5825,0.0007,0.0144,0.1073,0.1154,0.9892,0.9925,0.9951,55.1299,81.8707,98.3162
2024-07-08,3304557,202428,19.7507,20.6114,22.2185,0.0018,0.3193,0.6392,2.5543,0.9891,0.9905,0.9922,74.4453,87.2038,95.8524
2024-07-09,3304557,202428,19.4069,20.0192,20.9989,0.0835,0.7484,2.3519,5.9873,0.9886,0.9905,0.9917,81.6738,87.9277,92.2574
2024-07-10,3304557,202428,18.34,21.5878,27.4573,0.0923,0.8021,5.3364,6.4167,0.9861,0.9885,0.9903,59.1882,83.4791,96.7105
2024-07-11,3304557,202428,19.3505,21.6027,24.6282,0.0018,0.0396,0.19,0.3164,0.9907,0.9921,0.9939,74.8388,87.8607,97.619
2024-07-12,3304557,202428,19.8401,21.4789,23.5035,0.0009,0.3753,1.2044,3.0027,0.9939,0.9961,0.9981,80.7495,90.5242,98.0666
2024-07-13,3304557,202428,19.5708,20.4166,21.8105,0.1694,1.7585,4.6711,14.0682,0.9967,0.9982,0.9994,84.0093,90.9285,93.9478
2024-07-14,3304557,202429,19.4184,21.5786,26.581,2.5651,4.7954,6.2542,38.3632,0.992,0.9954,0.9976,51.2811,83.4837,96.3893
2024-07-15,3304557,202429,19.0594,20.3677,22.6406,0.0448,0.9801,5.0209,7.8409,0.9951,0.9964,0.9979,71.9188,87.873,96.3525
2024-07-16,3304557,202429,17.781,20.1677,23.2117,0.0541,0.2263,0.8425,1.8103,0.997,0.9982,0.9996,67.2934,83.6084,95.2672
2024-07-17,3304557,202429,17.5865,19.944,23.9183,0.0062,0.067,0.2479,0.536,0.9948,0.9974,0.999,64.3322,86.0978,98.9553
2024-07-18,3304557,202429,16.1615,20.2298,26.3277,0.0006,0.0095,0.0667,0.0757,0.9934,0.9946,0.996,54.8282,83.7764,98.6248
2024-07-19,3304557,202429,17.3359,19.3406,21.4072,0.0031,0.1372,0.3104,1.0979,0.997,0.9982,1.0,63.1485,80.711,94.8928
2024-07-20,3304557,202429,14.0131,18.0723,22.112,0.0001,0.0408,0.3104,0.3261,0.9961,0.9976,0.9989,57.0568,80.4903,98.2622
2024-07-21,3304557,202430,13.957,18.5055,23.1757,0.0016,0.0037,0.005,0.0296,0.9948,0.9967,0.9979,55.0757,79.0536,98.4008
2024-07-22,3304557,202430,13.7981,19.105,25.4567,0.0,0.0008,0.005,0.0067,0.9937,0.995,0.9959,52.8026,77.3366,94.7565
2024-07-23,3304557,202430,16.4602,19.0172,22.8333,0.0009,0.1062,0.1877,0.8495,0.9959,0.9972,0.9989,63.5832,86.1156,98.5949
2024-07-24,3304557,202430,14.1951,19.1628,24.8621,0.0,0.0236,0.1877,0.1888,0.996,0.9976,0.9992,45.2181,80.0266,99.0703
2024-07-25,3304557,202430,14.1394,20.0914,27.1316,0.0,0.0012,0.0017,0.0095,0.9921,0.9949,0.997,42.814,74.5605,94.6805
2024-07-26,3304557,202430,15.003,21.2495,28.0164,0.0,0.0002,0.0017,0.0017,0.991,0.9921,0.9937,36.4183,65.9626,86.5409
2024-07-27,3304557,202430,16.4679,22.056,28.1142,0.0,0.0,0.0,0.0,0.9915,0.9927,0.994,39.2629,65.4763,85.7739
2024-07-28,3304557,202431,15.9425,22.7614,30.106,0.0,0.0002,0.0009,0.0017,0.9907,0.9927,0.9942,34.8395,65.3252,88.298
2024-07-29,3304557,202431,18.4087,21.521,24.825,0.0,0.0013,0.0033,0.0108,0.9911,0.9921,0.9936,66.6098,77.6451,88.1317
2024-07-30,3304557,202431,18.4234,19.6188,21.2708,0.0466,1.9737,9.9681,15.7899,0.9951,0.9966,0.9989,75.6196,83.5809,91.6445
2024-07-31,3304557,202431,17.6024,19.5172,22.5887,0.2603,2.1999,11.0351,17.5992,0.9974,0.9989,1.0007,63.3826,82.9503,94.7455
2024-08-01,3304557,202431,16.0538,20.0719,24.4456,0.0065,0.1672,1.2619,1.3372,0.9962,0.9979,0.9994,56.6905,78.9743,96.7447
2024-08-02,3304557,202431,14.8948,19.6793,25.1468,0.0,0.0019,0.0137,0.0154,0.9949,0.9972,0.9993,51.6939,76.2139,94.5642
2024-08-03,3304557,202431,16.3113,21.1819,27.746,0.0,0.0006,0.0014,0.0048,0.993,0.9952,0.9969,47.5959,76.21,94.0398
2024-08-04,3304557,202432,18.1284,22.8086,28.8572,0.0,0.0004,0.0014,0.0033,0.9927,0.9942,0.9957,46.7916,74.426,93.0872
2024-08-05,3304557,202432,17.2431,23.0391,29.9207,0.0,0.0,0.0003,0.0003,0.9915,0.9931,0.9949,42.3442,70.6686,89.292
2024-08-06,3304557,202432,17.8094,23.6829,29.7245,0.0,0.0,0.0,0.0,0.9891,0.9916,0.9934,39.2845,67.9692,88.8031
2024-08-07,3304557,202432,17.1688,23.3591,30.524,0.0,0.0,0.0,0.0,0.9853,0.9886,0.9905,29.3854,61.4294,86.5292
2024-08-08,3304557,202432,17.4955,23.8003,31.6219,0.0,0.0,0.0,0.0,0.9845,0.9861,0.9876,28.488,56.0943,75.8913
2024-08-09,3304557,202432,18.6915,22.4707,26.8934,0.0,0.005,0.0403,0.0403,0.987,0.988,0.9898,52.1695,76.138,96.1823
2024-08-10,3304557,202432,15.7442,17.9596,21.5089,0.4824,17.5421,34.6317,140.3366,0.9884,0.9904,0.993,79.0404,87.7888,93.3115
2024-08-11,3304557,202433,12.9204,16.8969,22.1533,0.041,4.3727,34.6395,34.9817,0.9899,0.9927,0.9947,45.9423,72.8559,91.6497
2024-08-12,3304557,202433,12.5419,17.6047,22.5762,0.0,0.0069,0.0509,0.0553,0.9883,0.99,0.9921,50.2898,72.5479,92.7688
2024-08-13,3304557,202433,13.9795,16.5523,18.825,0.0002,0.0007,0.002,0.0055,0.9947,0.9971,0.9988,51.3777,59.2842,67.1918
2024-08-14,3304557,202433,11.3977,16.9071,23.3244,0.0,0.0001,0.0009,0.0011,0.9938,0.9969,0.999,50.7142,71.4196,90.9493
2024-08-15,3304557,202433,13.558,19.7139,26.9603,0.0,0.0,0.0,0.0,0.9916,0.9939,0.9953,50.9859,76.4734,96.2582
2024-08-16,3304557,202433,15.7372,22.0665,29.7101,0.0,0.0004,0.0009,0.0034,0.9898,0.9918,0.9937,45.7194,75.1008,93.5557
2024-08-17,3304557,202433,16.0353,23.289,31.3134,0.0,0.0001,0.0009,0.0009,0.9888,0.9907,0.9922,30.2623,68.9158,92.2977
2024-08-18,3304557,202434,15.3038,23.1665,30.9812,0.0,0.0016,0.0032,0.0132,0.9894,0.9905,0.9926,31.8191,64.981,94.5335
2024-08-19,3304557,202434,16.4668,23.4268,30.9787,0.0,0.0004,0.0032,0.0032,0.9876,0.9902,0.992,35.0203,65.15,86.6741
2024-08-20,3304557,202434,17.6448,22.2123,27.8263,0.0,0.0007,0.0024,0.0058,0.988,0.9901,0.9917,52.1776,68.6457,85.1773
2024-08-21,3304557,202434,18.3913,21.4829,26.0585,0.0099,0.022,0.026,0.1756,0.9913,0.9937,0.9956,59.3247,79.2162,93.2869
2024-08-22,3304557,202434,16.424,23.0245,31.7912,0.0,0.0041,0.026,0.0325,0.9866,0.99,0.9926,34.2402,71.4714,96.2409
2024-08-23,3304557,202434,17.8132,24.8322,33.6165,0.0,0.0012,0.0017,0.0093,0.983,0.9863,0.9883,28.5457,56.2743,77.0742
2024-08-24,3304557,202434,20.557,23.2081,27.0038,0.0014,0.1447,0.2649,1.1575,0.9843,0.9883,0.9912,57.1609,74.555,91.1094
2024-08-25,3304557,202435,17.5702,19.5289,21.2838,0.9565,4.7162,9.9646,37.73,0.9922,0.9943,0.9962,79.129,84.1257,89.6478
2024-08-26,3304557,202435,14.629,16.0739,17.0523,6.4355,16.2538,19.7017,130.0306,0.9965,0.9974,0.9983,63.8098,78.3881,88.86
2024-08-27,3304557,202435,13.6805,16.487,20.0727,0.0,2.4642,19.7127,19.7136,0.9975,0.9988,1.0002,50.828,66.4288,79.1597
2024-08-28,3304557,202435,13.0862,17.8964,23.0029,0.0,0.0008,0.0012,0.0064,0.9975,0.9994,1.0013,50.8812,70.2832,89.0269
2024-08-29,3304557,202435,14.3518,19.0684,25.2249,0.0,0.0006,0.0012,0.005,0.9962,0.9984,1.0005,50.9863,78.4629,98.1595
2024-08-30,3304557,202435,14.0774,20.8124,28.9528,0.0,0.0001,0.001,0.001,0.9916,0.9947,0.9969,40.4547,71.9654,91.1956
2024-08-31,3304557,202435,17.073,21.9084,28.0474,0.0,0.0012,0.0022,0.0094,0.9913,0.9929,0.994,47.3657,74.2967,90.7951
2024-09-01,3304557,202436,17.0253,22.3034,30.5712,0.0,0.0014,0.0022,0.0113,0.9872,0.9912,0.9943,39.6051,76.7146,99.0576
2024-09-02,3304557,202436,18.2062,21.327,24.1948,0.0,0.019,0.0587,0.152,0.9844,0.9872,0.9891,72.4693,76.5104,83.7633
2024-09-03,3304557,202436,18.8283,22.0231,27.0231,0.0032,0.0375,0.0636,0.2998,0.9876,0.9894,0.991,60.5508,79.2344,92.0118
2024-09-04,3304557,202436,17.9243,22.8495,29.0889,0.0,0.0065,0.0434,0.0518,0.9893,0.9901,0.9913,57.0551,80.126,98.5189
2024-09-05,3304557,202436,18.3131,22.9721,32.4949,0.0,0.0007,0.0024,0.0057,0.9871,0.9888,0.9903,41.4087,79.7892,95.7126
2024-09-06,3304557,202436,20.3277,21.4882,23.0844,0.0081,1.0232,2.1014,8.1854,0.9912,0.992,0.9934,76.8031,85.6101,91.9772
2024-09-07,3304557,202436,19.0494,23.924,30.8861,0.0009,0.2684,2.1118,2.1473,0.9888,0.9911,0.9925,53.234,80.953,99.367
2024-09-08,3304557,202437,19.781,25.7052,32.8356,0.0,0.0015,0.0077,0.0119,0.9903,0.9913,0.9931,41.8806,73.7059,96.4785
2024-09-09,3304557,202437,19.3446,25.2264,31.995,0.0,0.0006,0.0009,0.0051,0.989,0.991,0.9927,39.26,71.0406,95.5212
2024-09-10,3304557,202437,18.6614,25.4599,33.1148,0.0,0.0002,0.0017,0.0017,0.9861,0.9887,0.9903,28.8158,62.7826,87.6166
2024-09-11,3304557,202437,19.5686,26.4779,34.5791,0.0,0.0003,0.0009,0.0026,0.9861,0.9873,0.9893,22.8397,50.6065,73.3236
2024-09-12,3304557,202437,19.3496,26.709,34.3883,0.0,0.0006,0.0009,0.0052,0.9862,0.988,0.9904,23.4309,47.2139,66.9912
2024-09-13,3304557,202437,20.591,26.6516,34.206,0.0,0.0008,0.0017,0.0064,0.9861,0.9878,0.9901,26.873,50.3044,65.0655
2024-09-14,3304557,202437,20.8042,25.9565,33.6665,0.0,0.0002,0.0017,0.0017,0.9854,0.9873,0.9886,29.329,56.6911,85.1435
2024-09-15,3304557,202438,20.5156,22.8757,25.1632,0.0,0.3441,0.8453,2.7528,0.9902,0.9921,0.9945,68.2588,80.8675,94.3282
2024-09-16,3304557,202438,21.1607,23.4079,29.7452,0.0932,0.3552,0.8603,2.8417,0.9894,0.9911,0.993,47.3998,77.4381,91.2618
2024-09-17,3304557,202438,18.8758,20.4109,21.9852,0.2498,1.7831,3.4567,14.2649,0.9937,0.9951,0.9965,66.3105,78.915,88.0696
2024-09-18,3304557,202438,17.9003,20.7973,24.2082,0.1647,0.699,3.602,5.5921,0.9928,0.995,0.9966,55.5686,72.2755,88.503
2024-09-19,3304557,202438,17.3071,22.0974,28.7853,0.0,0.047,0.3465,0.3763,0.9888,0.9915,0.9934,47.3216,68.2917,86.7432
2024-09-20,3304557,202438,19.2594,24.6882,31.6798,0.0001,0.0171,0.1356,0.1369,0.9845,0.9883,0.9911,44.0698,67.7803,88.7614
2024-09-21,3304557,202438,21.0603,25.1215,30.443,0.0002,0.21,0.5328,1.68,0.9863,0.9875,0.9886,50.3156,72.0366,90.5654
2024-09-22,3304557,202439,21.2678,25.3544,32.0405,0.7234,1.2218,1.4489,9.7746,0.9848,0.9876,0.9897,44.9423,74.3198,93.5344
2024-09-23,3304557,202439,21.0583,26.7791,32.9542,0.0,0.1815,1.4489,1.4519,0.9854,0.987,0.9888,38.226,67.9587,92.6039
2024-09-24,3304557,202439,20.8294,26.544,33.2406,0.0,0.0006,0.0009,0.0051,0.9862,0.9877,0.9898,37.4169,66.1846,90.4029
2024-09-25,3304557,202439,20.7587,27.0371,34.3837,0.0,0.0001,0.0009,0.0009,0.9835,0.9865,0.9884,31.5017,60.8097,85.6379
2024-09-26,3304557,202439,21.6272,28.1824,35.7624,0.0,0.0,0.0,0.0,0.9826,0.9846,0.9862,29.3523,53.9687,77.3292
2024-09-27,3304557,202439,22.3054,26.2912,32.1107,0.0,0.0578,0.3843,0.4627,0.9816,0.9842,0.9876,45.8285,61.534,81.2004
2024-09-28,3304557,202439,20.6869,21.9739,23.3947,0.6115,1.7478,3.1082,13.9823,0.9898,0.9918,0.9938,64.4895,75.1705,88.8019
2024-09-29,3304557,202440,19.0897,22.3249,26.0674,0.0224,0.3267,2.2566,2.6133,0.9915,0.9937,0.9953,54.5825,67.6172,82.9746
2024-09-30,3304557,202440,18.1431,23.6204,31.1111,0.0,0.0103,0.0693,0.0824,0.9882,0.9915,0.9941,36.3455,66.7832,90.8712
2024-10-01,3304557,202440,20.4635,26.8492,34.8205,0.0,0.0004,0.0032,0.0032,0.9826,0.9867,0.9892,26.0842,58.1448,84.6529
2024-10-02,3304557,202440,21.9255,28.2015,37.1704,0.0,0.0003,0.0009,0.0026,0.9793,0.9826,0.9842,24.1282,50.1954,70.7293
2024-10-03,3304557,202440,22.083,24.1656,27.342,0.0007,0.0278,0.1544,0.2227,0.9851,0.9877,0.9902,60.9493,77.3841,91.5204
2024-10-04,3304557,202440,19.3095,20.8251,22.1091,0.8462,9.4698,19.5754,75.7583,0.9908,0.9923,0.9936,87.7662,91.5611,94.74
2024-10-05,3304557,202440,18.785,20.2591,22.8618,1.0881,5.2108,20.8208,41.6863,0.9921,0.9935,0.995,59.101,78.645,93.6474
2024-10-06,3304557,202441,17.6687,20.7146,25.4355,0.0,0.4908,3.9051,3.9267,0.9877,0.9911,0.9937,50.7137,67.0999,81.8257
2024-10-07,3304557,202441,16.5789,20.7348,25.5872,0.0,0.0005,0.0044,0.0044,0.9872,0.9895,0.9909,48.1012,66.1661,84.7998
2024-10-08,3304557,202441,17.8491,22.7371,29.4071,0.0,0.0009,0.0026,0.0069,0.982,0.9863,0.9892,48.8634,69.6892,89.3092
2024-10-09,3304557,202441,20.2117,23.0647,27.171,0.0,0.1575,0.8366,1.2598,0.9859,0.9878,0.9907,62.4092,80.2901,95.2408
2024-10-10,3304557,202441,20.5277,21.1895,22.0721,1.2118,4.3207,8.4089,34.5653,0.9885,0.9903,0.9923,84.6985,89.8471,93.3494
2024-10-11,3304557,202441,20.5663,23.5007,28.4713,0.1928,2.584,8.6135,20.6718,0.982,0.9867,0.99,58.8507,79.2369,94.3218
2024-10-12,3304557,202441,23.2872,25.4889,28.6201,0.0072,0.8902,2.3216,7.1218,0.9807,0.9851,0.9904,64.3788,73.576,77.7149
2024-10-13,3304557,202442,21.1611,22.6618,25.3492,0.0185,0.648,1.8089,5.1839,0.9928,0.9952,0.9973,64.4529,79.7926,89.7974
2024-10-14,3304557,202442,19.8921,21.7058,24.3309,0.1774,0.4343,0.8953,3.4743,0.9957,0.9977,0.999,55.9925,73.835,89.2058
2024-10-15,3304557,202442,18.4303,21.9735,27.2984,0.0006,0.0594,0.4121,0.4756,0.9888,0.9934,0.9972,46.8731,69.305,86.9773
2024-10-16,3304557,202442,18.7067,23.5302,30.5239,0.0,0.0482,0.3407,0.3854,0.9846,0.9872,0.9908,46.6541,69.823,88.5856
2024-10-17,3304557,202442,20.4026,23.4723,26.9669,0.057,0.1786,0.3421,1.4287,0.9856,0.9871,0.9887,63.4581,76.8891,93.0017
2024-10-18,3304557,202442,19.9509,23.4573,29.825,0.0012,0.0428,0.1792,0.3422,0.9851,0.9875,0.9898,53.2151,74.8602,89.4801
2024-10-19,3304557,202442,20.0661,21.3304,22.1891,0.1432,4.9797,14.8204,39.8374,0.9855,0.9872,0.9887,77.6497,87.1858,94.7397
2024-10-20,3304557,202443,18.8282,19.9225,21.5507,3.6525,28.158,51.5896,225.2642,0.9866,0.9882,0.9896,91.29,93.3563,95.2285
2024-10-21,3304557,202443,20.9164,22.7214,25.6856,0.1739,7.2107,52.0301,57.6856,0.9892,0.9905,0.9919,74.6996,88.795,98.3947
2024-10-22,3304557,202443,20.9851,25.1695,30.8855,0.0,0.1854,1.4735,1.483,0.987,0.9898,0.992,52.2234,78.4611,95.7961
2024-10-23,3304557,202443,22.3542,25.7712,31.2938,0.0,0.1799,0.7152,1.4392,0.9838,0.9857,0.9879,57.1273,78.6449,91.3477
2024-10-24,3304557,202443,22.6129,26.3445,30.526,0.2598,1.1317,2.4202,9.0538,0.9785,0.9824,0.9848,63.2401,80.2931,95.0618
2024-10-25,3304557,202443,25.6263,29.0505,34.5054,0.0,0.5539,2.421,4.4314,0.9778,0.9795,0.9809,48.2532,64.5115,74.874
2024-10-26,3304557,202443,23.6413,27.6413,33.3393,0.0007,0.0749,0.4155,0.5992,0.9817,0.9834,0.9861,48.1595,70.7001,89.1432
2024-10-27,3304557,202444,20.982,22.4578,23.8836,0.693,5.0204,7.3388,40.1628,0.9889,0.9918,0.9944,65.9813,81.1475,93.2675
2024-10-28,3304557,202444,19.9003,21.3522,22.7084,0.0034,1.4509,7.3491,11.607,0.9916,0.993,0.9947,71.0345,78.149,86.0399
2024-10-29,3304557,202444,20.6891,22.2271,24.7874,0.0007,0.4458,1.7602,3.5665,0.9886,0.9902,0.9921,69.2085,81.5296,90.8535
2024-10-30,3304557,202444,20.296,22.4482,25.6438,0.0037,0.3724,0.7447,2.9789,0.9884,0.9894,0.9902,64.6876,79.5861,92.3786
2024-10-31,3304557,202444,19.4201,22.3191,25.6416,0.0,0.1301,0.7492,1.0404,0.9886,0.9898,0.991,59.3106,74.5605,90.537
2024-11-01,3304557,202444,19.9396,23.385,28.0759,0.0,0.0173,0.126,0.1383,0.9877,0.9896,0.9913,54.0809,75.3197,92.536
2024-11-02,3304557,202444,20.5912,24.2781,28.9045,0.0,0.029,0.1255,0.2323,0.9867,0.9887,0.9902,55.9094,77.7314,94.8998
2024-11-03,3304557,202445,22.1933,24.7844,28.8662,0.0003,0.1643,0.7836,1.3146,0.9856,0.9875,0.9891,57.7205,78.5737,92.5562
2024-11-04,3304557,202445,22.2342,24.2225,26.8369,0.0514,0.9027,2.6613,7.2217,0.9866,0.9878,0.9892,68.5258,81.8019,90.6239
2024-11-05,3304557,202445,22.6222,24.2664,26.4733,0.5473,2.3099,3.8614,18.4791,0.9866,0.9882,0.9896,65.4239,82.7605,92.4455
2024-11-06,3304557,202445,22.0591,26.1032,30.9824,0.0094,0.4936,3.8614,3.9485,0.9835,0.9866,0.9886,49.7794,69.005,85.6559
2024-11-07,3304557,202445,23.0421,26.9075,31.2741,0.0,0.0229,0.1117,0.1834,0.9798,0.9837,0.9856,47.1947,66.4395,84.3445
2024-11-08,3304557,202445,22.4871,26.2974,29.6859,0.1177,3.2582,12.2528,26.0656,0.9786,0.9803,0.9813,56.3405,70.7067,96.5816
2024-11-09,3304557,202445,21.028,22.023,23.3598,5.1024,18.3664,23.2426,146.931,0.9824,0.9849,0.987,75.1447,87.2003,95.3412
2024-11-10,3304557,202446,20.0695,21.6302,23.7807,0.0108,3.0689,23.2689,24.5516,0.9873,0.9883,0.9892,64.8945,77.4239,89.1685
2024-11-11,3304557,202446,18.6402,23.0061,28.8763,0.0002,0.0457,0.362,0.3654,0.982,0.9857,0.9887,53.8689,71.4835,87.5019
2024-11-12,3304557,202446,20.7565,25.4244,32.9375,0.0,0.0003,0.0013,0.0024,0.9788,0.9812,0.9833,43.7986,71.5267,88.4903
2024-11-13,3304557,202446,20.0522,21.4656,22.4261,0.1146,4.633,10.8617,37.0638,0.9829,0.9851,0.9874,85.0053,90.411,94.5236
2024-11-14,3304557,202446,19.4656,20.9239,23.0013,0.1734,1.8903,11.0487,15.1228,0.9878,0.989,0.9903,71.1919,80.2336,86.3564
2024-11-15,3304557,202446,20.2297,22.3497,25.3978,0.0055,0.4581,1.4376,3.6646,0.9876,0.9892,0.9905,70.5352,82.7868,91.4298
2024-11-16,3304557,202446,21.2109,22.423,23.4582,2.4956,15.2797,35.0037,122.2378,0.9871,0.9883,0.9891,92.5909,95.3598,98.8294
2024-11-17,3304557,202447,21.2597,23.4087,26.634,0.0447,5.5355,35.0519,44.2843,0.9861,0.988,0.9892,66.6186,84.4706,96.1165
2024-11-18,3304557,202447,20.5804,24.4023,29.3451,0.0328,0.4577,2.5499,3.6612,0.9837,0.9858,0.9876,57.1866,80.9971,95.8301
2024-11-19,3304557,202447,21.519,24.3084,27.5116,0.0142,0.3188,0.7941,2.5503,0.9837,0.9851,0.9861,72.0026,84.5223,96.7435
2024-11-20,3304557,202447,21.1555,24.5919,30.47,0.0044,0.1189,0.7996,0.9514,0.9836,0.9861,0.9875,56.3452,79.9856,93.1114
2024-11-21,3304557,202447,22.1979,23.7733,26.2235,0.2336,0.6087,1.6727,4.8693,0.9853,0.9869,0.9884,69.3299,83.1646,91.6632
2024-11-22,3304557,202447,21.116,22.1863,23.3208,0.8173,3.1124,5.1375,24.8995,0.9879,0.989,0.9903,78.5804,85.8663,92.6401
2024-11-23,3304557,202447,20.0654,21.2844,23.9344,0.0965,1.4386,5.7334,11.5085,0.9873,0.9889,0.9904,70.8649,83.1105,89.3233
2024-11-24,3304557,202448,18.4378,20.665,23.0949,0.2091,1.1508,2.8263,9.2065,0.99,0.9914,0.9923,68.0313,80.1936,92.7224
2024-11-25,3304557,202448,18.7505,22.1401,26.4472,0.0243,0.29,1.928,2.3198,0.9897,0.9916,0.9932,52.5105,73.3783,88.9543
2024-11-26,3304557,202448,18.9022,24.1015,30.9042,0.0,0.01,0.0803,0.0803,0.9841,0.9881,0.9907,44.19,70.3218,90.4226
2024-11-27,3304557,202448,21.6206,26.9446,33.3044,0.0,0.0,0.0,0.0001,0.9818,0.984,0.9855,40.1657,64.591,86.1685
2024-11-28,3304557,202448,22.838,28.8499,35.489,0.0,0.0005,0.0017,0.0043,0.9803,0.9815,0.983,34.1462,63.1292,87.123
2024-11-29,3304557,202448,23.873,26.1646,28.8201,0.0,0.1503,1.1841,1.2022,0.9825,0.9837,0.9849,62.0699,75.0324,87.2103
2024-11-30,3304557,202448,23.3034,25.7893,29.8454,0.0001,0.4758,1.1841,3.8063,0.9831,0.9845,0.9853,64.516,83.1274,97.9483
2024-12-01,3304557,202449,23.3757,25.3839,28.0976,0.0145,0.4388,1.0883,3.5105,0.9832,0.9858,0.9873,68.5304,79.7892,90.5314
2024-12-02,3304557,202449,22.6269,27.6824,34.4208,0.001,0.1308,0.7759,1.0462,0.9777,0.9814,0.9857,46.8603,73.1449,91.6064
2024-12-03,3304557,202449,24.459,26.0201,27.5636,2.215,6.7517,15.4543,54.0134,0.9803,0.9819,0.9832,81.1264,89.6744,97.8113
2024-12-04,3304557,202449,21.1512,22.9817,24.1427,1.6939,14.2959,29.4961,114.3669,0.9831,0.9854,0.9877,90.8847,95.3525,98.6691
2024-12-05,3304557,202449,21.2871,22.7364,24.8949,0.5214,5.0207,30.4843,40.1653,0.9854,0.9874,0.9893,79.5503,87.8522,92.8999
2024-12-06,3304557,202449,22.3016,27.152,34.0701,0.0162,0.297,2.2463,2.3758,0.9814,0.9848,0.9872,43.8254,76.9319,98.2455
2024-12-07,3304557,202449,22.729,28.1713,35.2557,0.0,0.003,0.0207,0.0237,0.9809,0.9824,0.9837,36.4373,61.3096,74.6358
2024-12-08,3304557,202450,24.1994,26.274,31.5128,0.0013,0.0316,0.1327,0.2526,0.9841,0.9853,0.9863,62.9061,85.2467,96.6745
2024-12-09,3304557,202450,23.3959,26.1476,31.1447,0.0363,0.1996,0.7021,1.5966,0.9843,0.9855,0.9877,63.7552,83.2336,95.2203
2024-12-10,3304557,202450,23.4589,25.512,31.4661,0.3361,3.703,12.9128,29.6239,0.9787,0.983,0.9863,63.0191,85.7462,93.4089
2024-12-11,3304557,202450,21.6468,22.9966,24.1824,8.9335,12.6775,24.9066,101.4204,0.9829,0.9853,0.9877,73.6769,83.6552,95.5428
2024-12-12,3304557,202450,19.8334,22.6221,26.1034,0.1936,1.8611,12.9809,14.8884,0.9869,0.9884,0.9894,58.5678,77.39,92.3779
2024-12-13,3304557,202450,21.3849,23.6837,26.8032,0.4235,1.0764,1.5618,8.6115,0.9836,0.9867,0.9882,66.3797,75.5525,84.836
2024-12-14,3304557,202450,22.1402,25.2838,30.446,0.001,0.5253,2.619,4.202,0.9791,0.9825,0.985,57.5569,77.2486,89.3907
2024-12-15,3304557,202451,23.8217,26.6559,30.804,2.7335,5.3932,6.2477,43.1456,0.9788,0.9799,0.9811,55.992,75.6121,94.347
2024-12-16,3304557,202451,25.2009,27.3599,31.0914,0.0,1.8796,6.2477,15.0367,0.9804,0.9821,0.9834,59.2142,69.029,83.7369
2024-12-17,3304557,202451,22.2744,24.1487,27.1049,0.4307,1.5192,7.2618,12.1538,0.9848,0.987,0.9883,66.8324,82.4443,94.5308
2024-12-18,3304557,202451,21.919,23.5905,26.583,0.0116,0.2817,1.0934,2.254,0.9883,0.9896,0.9905,67.3707,79.1132,87.4982
2024-12-19,3304557,202451,21.3901,24.3343,28.3746,0.1515,0.6695,1.1114,5.3557,0.9858,0.9884,0.9901,63.1665,78.7999,90.6472
2024-12-20,3304557,202451,22.7356,27.0701,33.1298,0.0027,0.4755,2.3197,3.8036,0.9808,0.9836,0.9873,51.4952,75.2344,91.9522
2024-12-21,3304557,202451,23.7385,26.1453,29.2258,3.0705,4.9676,6.8511,39.7411,0.9826,0.984,0.985,66.7594,84.1635,96.6423
2024-12-22,3304557,202452,23.6352,25.5726,28.5987,0.6927,5.9767,10.7773,47.8137,0.9841,0.9852,0.9862,72.2533,87.2578,96.7751
2024-12-23,3304557,202452,22.8579,24.4592,27.0252,0.3239,2.7031,12.2582,21.625,0.9844,0.986,0.9869,80.5133,89.6334,95.5597
2024-12-24,3304557,202452,21.9903,23.416,25.7658,0.3024,2.0038,5.9843,16.0307,0.9866,0.9881,0.9896,66.7951,84.0693,93.7441
2024-12-25,3304557,202452,21.9079,25.6794,30.7507,0.0241,0.3714,2.2471,2.9712,0.9809,0.9851,0.9878,57.2052,77.3772,94.8559
2024-12-26,3304557,202452,24.7946,26.865,29.7587,0.0,0.5696,3.3613,4.5569,0.9811,0.9823,0.9833,63.9191,73.7932,87.5445
2024-12-27,3304557,202452,23.8758,25.3612,26.5842,1.1435,15.4677,35.8387,123.742,0.9821,0.9835,0.9845,84.0021,90.3208,95.0499
2024-12-28,3304557,202452,23.6458,25.8004,29.2418,0.9244,7.3071,41.648,58.4566,0.984,0.9852,0.9862,66.3808,84.3081,98.3563
2024-12-29,3304557,202501,22.8352,24.8974,27.9145,0.0,1.057,3.588,8.4564,0.9843,0.9853,0.9864,69.4656,84.5759,95.1502
2024-12-30,3304557,202501,22.6358,24.5013,27.7957,0.0197,1.9409,5.089,15.5271,0.9834,0.9851,0.9863,67.9637,85.4602,96.4064
2024-12-31,3304557,202501,20.9783,24.6063,28.5656,0.0307,0.8406,5.1652,6.725,0.9856,0.9864,0.9874,66.5688,82.5677,98.5583
2025-01-01,3304557,202501,22.1772,25.2183,30.0052,0.0053,0.9971,3.7652,7.9765,0.9842,0.9858,0.9873,66.4494,81.7803,93.89
2025-01-02,3304557,202501,22.0941,25.9235,31.1343,0.0005,0.7375,4.2964,5.8998,0.9815,0.9845,0.987,58.1089,79.6437,94.728
2025-01-03,3304557,202501,24.5162,27.6916,31.8768,0.0043,0.334,1.4081,2.6722,0.9798,0.9816,0.9834,57.4168,74.2822,89.5384
2025-01-04,3304557,202501,24.3281,26.9478,31.1547,0.0,0.822,4.1261,6.576,0.9795,0.9808,0.9823,59.2967,77.3838,88.0719
2025-01-05,3304557,202502,23.8075,25.0448,26.7406,1.7231,4.5376,7.1537,36.3005,0.9808,0.9826,0.9843,79.4745,86.3424,94.012
2025-01-06,3304557,202502,22.7148,25.8592,30.4763,0.0189,1.0442,4.1556,8.3534,0.9822,0.984,0.9852,57.5224,77.4775,91.341
2025-01-07,3304557,202502,23.1569,25.2479,27.6681,0.4989,1.6439,3.3488,13.151,0.9827,0.9838,0.9846,75.3814,81.4926,89.4214
2025-01-08,3304557,202502,22.9325,24.6111,27.0572,0.1389,3.0737,11.9618,24.5897,0.9829,0.9843,0.9852,74.4863,84.358,91.3107
2025-01-09,3304557,202502,22.3889,23.6278,25.8369,0.4819,7.288,16.7005,58.3037,0.9825,0.9836,0.9852,78.0426,87.9136,94.7487
2025-01-10,3304557,202502,21.1998,23.3974,25.871,0.0267,2.2246,16.8051,17.7971,0.9827,0.9843,0.9854,58.93,75.3149,89.4082
2025-01-11,3304557,202502,20.0529,23.3328,26.9507,0.0,0.0305,0.2382,0.2444,0.9831,0.9843,0.9852,57.7051,74.5739,90.6176
2025-01-12,3304557,202503,22.1766,23.1202,24.5142,0.0001,0.4577,2.2533,3.6618,0.9835,0.9847,0.9859,70.4569,80.0247,86.7082
2025-01-13,3304557,202503,20.6309,22.3909,24.1502,0.0727,0.9174,2.3523,7.3388,0.9841,0.9848,0.9857,69.2741,81.4336,93.3267
2025-01-14,3304557,202503,21.5346,23.2035,25.7287,0.0117,0.3352,1.5278,2.6813,0.9838,0.9848,0.9853,62.4213,76.0583,85.1221
2025-01-15,3304557,202503,21.8943,23.5308,25.5297,0.1176,0.3034,0.8873,2.4271,0.9849,0.9861,0.9872,66.5157,77.3337,85.5556
2025-01-16,3304557,202503,22.0908,24.6748,27.5597,0.0265,0.4019,1.1962,3.2154,0.9853,0.9871,0.9885,71.4637,81.7486,94.033
2025-01-17,3304557,202503,23.3519,27.4315,33.1683,0.0024,0.1573,1.1976,1.2583,0.9841,0.9864,0.9878,51.2921,75.865,93.2047
2025-01-18,3304557,202503,23.7526,28.6469,34.477,0.0,0.0019,0.012,0.0154,0.983,0.9851,0.9863,45.4339,72.5842,93.5656
2025-01-19,3304557,202504,24.4061,29.0632,34.1998,0.0017,0.0306,0.1128,0.2446,0.9817,0.9836,0.9847,50.4538,74.0883,93.9395
2025-01-20,3304557,202504,25.5319,29.7527,34.8527,0.0036,0.4151,2.4555,3.3204,0.9804,0.9821,0.9832,47.8403,71.9909,91.2644
2025-01-21,3304557,202504,26.0566,30.1847,34.7526,0.0,0.3116,2.4555,2.4925,0.981,0.9825,0.9837,46.2301,68.0582,87.3225
2025-01-22,3304557,202504,26.1099,30.07,34.2361,0.0,0.0522,0.2214,0.4176,0.9842,0.986,0.9874,47.9045,66.1598,85.3313
2025-01-23,3304557,202504,25.2755,28.2464,31.8791,0.0,0.1737,0.9941,1.3899,0.9861,0.9877,0.9885,53.342,72.1856,90.9701
2025-01-24,3304557,202504,23.8389,27.3612,30.949,0.0117,0.703,1.9811,5.6238,0.986,0.9878,0.9892,59.9106,74.423,93.8558
2025-01-25,3304557,202504,24.4009,28.6462,34.4695,0.0,0.3277,1.9812,2.6217,0.9839,0.9863,0.988,43.6619,68.5508,90.9617
2025-01-26,3304557,202505,25.9103,28.0582,30.8477,0.0,2.1548,7.663,17.2381,0.9831,0.9848,0.986,57.1935,76.3512,88.4611
2025-01-27,3304557,202505,24.7747,25.5013,26.3065,0.4665,9.0475,19.8437,72.3801,0.9841,0.9857,0.9868,83.8675,88.4656,92.6162
2025-01-28,3304557,202505,23.9677,25.6894,28.2722,0.5269,7.2778,20.0995,58.2226,0.984,0.9858,0.9871,77.2385,86.5774,95.5892
2025-01-29,3304557,202505,23.9889,25.7084,27.1952,0.0372,5.9805,15.8008,47.8439,0.9835,0.9848,0.9858,79.9188,87.4502,94.1393
2025-01-30,3304557,202505,24.2049,25.4869,28.0743,2.877,8.0514,23.0991,64.411,0.9821,0.9839,0.9852,77.5153,88.4745,95.9407
2025-01-31,3304557,202505,24.0344,26.6031,28.657,0.0001,2.1555,8.6085,17.2438,0.9816,0.9827,0.9839,71.091,81.3684,90.8443
2025-02-01,3304557,202505,24.3809,26.5915,29.8638,2.7689,4.6618,7.5926,37.2946,0.9808,0.9823,0.9835,66.675,83.683,94.5425
2025-02-02,3304557,202506,24.2943,27.1779,29.9906,0.0171,1.778,7.5982,14.224,0.9814,0.9824,0.9837,65.1546,82.0037,95.5147
2025-02-03,3304557,202506,24.5284,28.0789,32.9542,0.4743,1.0858,4.1779,8.6866,0.9827,0.9837,0.9848,52.4795,76.3068,92.8554
2025-02-04,3304557,202506,24.2561,28.4268,32.7007,0.0142,0.1863,1.3696,1.4903,0.9836,0.985,0.9862,48.6244,73.9643,95.0161
2025-02-05,3304557,202506,24.3168,28.5316,33.2475,0.0228,0.0261,0.0272,0.2086,0.9833,0.9855,0.9868,43.2089,71.6205,94.1103
2025-02-06,3304557,202506,23.3068,28.8195,34.0702,0.0,0.0043,0.0272,0.0347,0.9842,0.9856,0.9874,39.5898,63.414,87.4784
2025-02-07,3304557,202506,23.7769,28.752,33.2309,0.0,0.0007,0.003,0.0053,0.9842,0.9854,0.9864,44.2236,64.0746,86.2537
2025-02-08,3304557,202506,24.2091,27.1612,30.6195,0.0,0.0061,0.0146,0.0491,0.9862,0.9875,0.9886,53.2721,74.0036,94.1533
2025-02-09,3304557,202507,23.0121,26.7523,30.6666,0.0,0.0411,0.1474,0.3291,0.9877,0.9888,0.9905,54.2362,73.1464,92.122
2025-02-10,3304557,202507,24.0097,27.552,32.0027,0.0256,0.0542,0.1481,0.4338,0.9858,0.9877,0.989,46.3896,70.5721,91.8653
2025-02-11,3304557,202507,23.3928,27.7575,33.0328,0.0,0.0065,0.0485,0.0523,0.9838,0.9862,0.9884,40.7485,66.8046,88.1472
2025-02-12,3304557,202507,23.9322,28.4115,33.7079,0.0,0.0007,0.001,0.0052,0.9833,0.9854,0.9872,40.6119,65.5701,85.4214
2025-02-13,3304557,202507,24.4542,28.9727,33.6973,0.0,0.0192,0.1101,0.1534,0.9845,0.9857,0.9873,42.7824,63.7437,85.4733
2025-02-14,3304557,202507,25.3452,27.9628,31.6345,0.0004,0.1622,0.6939,1.2976,0.9845,0.9855,0.9869,54.0032,72.062,86.6006
2025-02-15,3304557,202507,24.458,28.4378,32.6239,0.0025,0.1098,0.7066,0.8786,0.9833,0.9849,0.9867,50.0792,69.3271,90.6771
2025-02-16,3304557,202508,23.9906,29.6848,35.6341,0.0,0.0119,0.085,0.0953,0.9831,0.9852,0.9869,34.4161,62.2625,91.4355
2025-02-17,3304557,202508,24.0742,30.6145,37.3285,0.0,0.0007,0.003,0.0056,0.9824,0.9848,0.9865,26.7173,55.3605,82.1241
2025-02-18,3304557,202508,24.1989,30.8265,36.3065,0.0,0.0001,0.0009,0.0009,0.9825,0.9838,0.9854,33.1679,52.1746,81.7108
2025-02-19,3304557,202508,24.1544,28.9544,34.0362,0.0,0.0031,0.0052,0.0251,0.9842,0.9858,0.988,41.4449,66.578,93.7865
2025-02-20,3304557,202508,23.8971,29.2099,34.3348,0.0,0.0017,0.0052,0.0133,0.9854,0.9865,0.9882,42.2318,61.3114,79.0282
2025-02-21,3304557,202508,25.2564,28.1262,30.9764,0.0,0.5069,1.9881,4.0555,0.9874,0.9886,0.9897,64.4697,75.238,92.1203
2025-02-22,3304557,202508,24.113,28.0074,32.207,0.0143,0.3079,2.0029,2.4634,0.9878,0.9891,0.9904,43.8788,68.0855,91.3771
2025-02-23,3304557,202509,24.1585,27.8441,32.3858,0.0001,0.2757,1.3533,2.206,0.9871,0.9885,0.9899,47.0791,68.1108,88.9257
2025-02-24,3304557,202509,22.9446,27.543,31.8227,0.0,0.2398,1.3533,1.9181,0.9877,0.9887,0.9908,46.1154,67.6082,89.2254
2025-02-25,3304557,202509,23.8132,28.014,32.2995,0.0,0.2134,0.856,1.7074,0.9884,0.9899,0.9919,49.8121,68.8555,90.9272
2025-02-26,3304557,202509,23.1002,27.9539,33.4305,0.0,0.1105,0.856,0.8839,0.987,0.9897,0.9918,38.224,64.6417,90.1618
2025-02-27,3304557,202509,23.5203,28.449,33.9913,0.0,0.019,0.0943,0.1519,0.9862,0.988,0.9891,38.0191,64.8743,89.824
2025-02-28,3304557,202509,23.6251,28.4084,33.6351,0.0002,0.0184,0.0952,0.147,0.9873,0.9886,0.9904,37.042,62.5687,88.5252
2025-03-01,3304557,202509,23.2868,28.13,33.1887,0.0,0.0228,0.1201,0.1825,0.9882,0.9897,0.9918,44.8007,65.6318,86.8489
2025-03-02,3304557,202510,23.0461,28.1981,33.8779,0.0,0.0161,0.1209,0.129,0.9879,0.9897,0.9918,37.8937,64.3333,87.161
2025-03-03,3304557,202510,23.927,27.997,32.4895,0.0011,0.0879,0.5061,0.703,0.9884,0.9898,0.9916,41.5845,65.3017,87.8105
2025-03-04,3304557,202510,23.1544,27.123,31.243,0.0,0.1337,0.5061,1.0693,0.9888,0.9903,0.9922,43.0055,66.6493,89.227
2025-03-05,3304557,202510,22.571,27.151,32.5243,0.0,0.0467,0.2345,0.3736,0.989,0.9903,0.9925,38.5256,64.7,89.6706
2025-03-06,3304557,202510,22.6321,26.5863,31.3462,0.0,0.0473,0.1772,0.3781,0.9905,0.9917,0.9933,46.3848,69.3878,90.849
2025-03-07,3304557,202510,23.5587,26.3527,29.8268,0.0079,0.2651,0.8045,2.1209,0.9912,0.9926,0.9941,58.9931,75.3735,90.1961
2025-03-08,3304557,202510,23.4861,26.3918,30.4943,0.1763,0.4536,0.9241,3.6288,0.988,0.9903,0.9924,57.0722,75.6187,90.4147
2025-03-09,3304557,202511,22.874,27.8356,33.1304,0.0004,0.1037,0.7766,0.8299,0.9841,0.9869,0.9892,41.1942,67.4577,93.6935
2025-03-10,3304557,202511,24.1221,26.8629,29.153,0.0,0.3524,1.0435,2.8194,0.9839,0.9859,0.9872,64.5287,74.722,92.2473
2025-03-11,3304557,202511,23.0691,26.6266,31.2142,0.0024,0.2874,1.0481,2.299,0.9875,0.9887,0.9906,53.1337,71.2006,88.7435
2025-03-12,3304557,202511,23.8809,28.0819,32.8531,0.2783,0.494,0.8795,3.9521,0.9865,0.9891,0.9906,47.7514,67.9915,88.7917
2025-03-13,3304557,202511,24.4961,27.7288,33.5824,0.0173,1.4892,8.4125,11.9135,0.9845,0.9865,0.9882,47.3871,74.7521,92.1147
2025-03-14,3304557,202511,24.4934,26.2305,29.2409,2.0726,6.1645,9.2471,49.3156,0.9847,0.986,0.9875,70.8012,83.9361,95.4251
2025-03-15,3304557,202511,23.6654,25.7494,28.4905,0.0089,1.659,9.2534,13.272,0.9861,0.9873,0.9883,69.9645,81.4582,93.6852
2025-03-16,3304557,202512,23.3169,25.6581,28.6015,0.5451,1.0215,1.9718,8.1724,0.9884,0.9898,0.9912,62.375,77.7476,92.2055
2025-03-17,3304557,202512,23.5562,25.3154,27.2918,0.0677,0.687,1.8812,5.4957,0.9896,0.9909,0.9921,61.2937,76.1611,90.5789
2025-03-18,3304557,202512,21.5867,26.135,31.2842,0.0,0.1458,0.9761,1.1667,0.9846,0.9881,0.9908,47.5005,71.6799,92.1542
2025-03-19,3304557,202512,22.9563,24.3185,25.7276,0.0893,15.7606,40.536,126.0846,0.9849,0.9863,0.9877,80.3105,89.3135,95.1485
2025-03-20,3304557,202512,22.1041,23.6345,25.8223,1.034,7.2007,43.9399,57.6054,0.9879,0.9895,0.9912,75.5295,85.4641,93.0126
2025-03-21,3304557,202512,21.6153,23.7823,26.6537,0.1662,0.864,3.333,6.9122,0.9902,0.9914,0.9925,64.1726,79.3711,90.9623
2025-03-22,3304557,202512,21.5703,24.9893,28.7796,0.0041,0.1654,1.1272,1.3231,0.9882,0.9907,0.9924,56.2745,73.5876,89.8405
2025-03-23,3304557,202513,21.9415,25.8144,30.9921,0.0,0.0647,0.2962,0.5179,0.9856,0.9881,0.9898,53.8273,74.7229,91.1379
2025-03-24,3304557,202513,23.3409,25.3778,27.4222,0.2971,3.4121,5.7918,27.2972,0.9849,0.9865,0.9881,67.0815,80.4611,95.1438
2025-03-25,3304557,202513,22.7554,25.8035,29.881,0.0,0.8609,5.7936,6.887,0.9856,0.9866,0.9882,63.9123,81.1905,95.0713
2025-03-26,3304557,202513,21.7253,25.347,28.958,0.227,0.3475,0.8656,2.7802,0.9873,0.9884,0.9896,59.6142,78.758,96.898
2025-03-27,3304557,202513,23.2947,25.6037,28.2922,0.0076,0.1943,0.5129,1.5547,0.9868,0.9884,0.9902,62.451,74.9676,85.8164
2025-03-28,3304557,202513,21.7203,25.6848,29.7643,0.009,0.108,0.5476,0.8637,0.9854,0.9873,0.9885,54.8263,74.5955,93.8719
2025-03-29,3304557,202513,22.3423,26.0028,30.3839,0.0,0.0211,0.1312,0.1685,0.9846,0.9863,0.9878,50.0142,73.3499,92.7337
2025-03-30,3304557,202514,21.5936,25.9337,30.5285,0.0,0.0056,0.0142,0.0446,0.9848,0.9864,0.9881,48.0108,74.141,96.88
2025-03-31,3304557,202514,23.2719,26.0787,29.0831,0.0,0.2297,0.7511,1.8375,0.9865,0.9876,0.9895,60.9977,75.8283,89.7958
2025-04-01,3304557,202514,22.9967,26.9751,31.1773,0.2349,0.678,1.7271,5.424,0.986,0.9881,0.9894,55.6183,76.7344,95.3775
2025-04-02,3304557,202514,23.063,27.3852,31.9306,0.0551,0.2777,1.7303,2.2217,0.9846,0.9877,0.9898,49.9303,74.0653,96.8569
2025-04-03,3304557,202514,24.2786,27.9906,33.0777,0.0,0.0647,0.3512,0.5173,0.9836,0.9854,0.9868,48.5134,69.5884,84.9969
2025-04-04,3304557,202514,23.7467,26.415,28.6221,0.0,2.3486,9.6528,18.7889,0.9858,0.9876,0.9894,72.7256,81.0258,93.1398
2025-04-05,3304557,202514,21.5102,22.4066,23.3143,2.593,24.1278,50.0843,193.0225,0.9908,0.9936,0.9967,80.6925,90.3698,95.1199
2025-04-06,3304557,202515,21.0612,22.2668,24.0085,0.1934,7.4351,50.3778,59.4809,0.9952,0.9966,0.9978,62.5537,74.1116,84.9556
2025-04-07,3304557,202515,19.2511,21.7125,23.8642,0.4276,1.7278,4.313,13.8226,0.9923,0.9943,0.9965,64.4044,78.2255,90.292
2025-04-08,3304557,202515,18.2614,22.2828,26.7396,0.0012,0.278,2.2034,2.2242,0.9887,0.9914,0.9935,54.0649,72.8283,89.5204
2025-04-09,3304557,202515,19.957,24.1616,29.728,0.0,0.0014,0.0059,0.0114,0.9849,0.988,0.9902,53.9014,75.111,90.4483
2025-04-10,3304557,202515,21.722,23.5612,25.6566,0.7791,6.3996,18.6176,51.1967,0.9853,0.9864,0.9875,76.1787,87.1916,93.9276
2025-04-11,3304557,202515,20.3794,22.6876,25.3417,0.0426,3.2453,22.558,25.9621,0.9854,0.987,0.9881,73.7585,87.0972,96.6419
2025-04-12,3304557,202515,20.3836,22.8332,25.4643,0.0987,0.4849,1.4422,3.8788,0.9881,0.9892,0.9908,67.2156,82.0728,93.2336
2025-04-13,3304557,202516,20.3418,23.8506,28.5629,0.0053,0.1035,0.7448,0.828,0.9852,0.9886,0.9906,55.1029,78.4521,94.6975
2025-04-14,3304557,202516,22.0073,23.6801,25.3792,0.0974,1.911,4.6893,15.2881,0.9849,0.9863,0.9878,76.1336,83.3744,90.5421
2025-04-15,3304557,202516,20.2006,22.8961,26.0012,0.0938,0.7919,4.9445,6.3353,0.9877,0.989,0.9908,62.167,81.3079,95.5051
2025-04-16,3304557,202516,20.8288,22.7085,24.8443,0.0001,0.2912,0.8488,2.3294,0.9858,0.9875,0.9894,75.025,85.4779,93.4716
2025-04-17,3304557,202516,20.3177,23.8452,27.6886,0.0018,0.5445,1.6071,4.3562,0.9871,0.9881,0.9899,68.9395,85.7496,99.1925
2025-04-18,3304557,202516,20.6405,24.0922,27.6882,0.0273,0.4034,1.6223,3.2268,0.9871,0.9891,0.9907,67.3044,84.9222,99.2798
2025-04-19,3304557,202516,22.2505,25.0407,28.8293,0.0014,0.6418,4.2964,5.134,0.9833,0.9863,0.989,61.4142,80.4096,92.3615
2025-04-20,3304557,202517,21.8738,23.3342,25.6413,1.0772,2.5019,9.1578,20.0152,0.9833,0.9854,0.9868,76.8205,88.7903,96.3211
2025-04-21,3304557,202517,20.7614,21.5346,22.9091,1.8659,5.5573,8.6324,44.4587,0.9868,0.9879,0.9895,78.5231,87.4699,94.5986
2025-04-22,3304557,202517,19.8051,21.5917,24.1375,0.0114,1.3403,8.654,10.7223,0.9884,0.9892,0.9908,65.0154,79.695,90.6518
2025-04-23,3304557,202517,19.5814,22.3149,25.7314,0.0219,0.216,0.9617,1.7277,0.988,0.9894,0.9914,61.6217,78.5913,92.4568
2025-04-24,3304557,202517,20.1451,23.5241,27.9134,0.0136,0.0442,0.2516,0.3538,0.9836,0.9868,0.9894,58.9227,77.5704,92.2594
2025-04-25,3304557,202517,22.0765,22.7339,23.8878,0.2599,7.8445,14.3036,62.7559,0.9825,0.9839,0.9852,84.5577,91.6758,96.6957
2025-04-26,3304557,202517,19.7528,22.469,25.3805,0.0065,1.8136,14.3413,14.5092,0.9845,0.9862,0.988,67.5816,83.1482,96.3764
2025-04-27,3304557,202518,20.5345,23.5968,27.6638,0.0,0.0077,0.0439,0.0618,0.983,0.9857,0.9877,61.4671,80.9385,94.5519
2025-04-28,3304557,202518,20.6707,24.2667,29.3503,0.0,0.2863,2.2646,2.2902,0.9813,0.9832,0.9847,60.7671,80.9868,93.8871
2025-04-29,3304557,202518,21.2795,21.9457,22.9581,4.2911,10.773,13.1958,86.1836,0.9853,0.9867,0.9884,65.922,83.2494,94.7935
2025-04-30,3304557,202518,18.4399,20.9091,23.6835,0.0021,1.7556,13.1958,14.0451,0.9886,0.9897,0.9911,61.7393,77.9839,92.0276
2025-05-01,3304557,202518,18.4559,21.0249,23.8106,0.001,0.0498,0.232,0.3985,0.9907,0.9919,0.9932,59.7206,75.9798,90.3144
2025-05-02,3304557,202518,16.4777,20.5686,24.7596,0.0078,0.0224,0.0794,0.1793,0.9922,0.9929,0.9941,54.2308,77.2194,94.433
2025-05-03,3304557,202518,17.032,21.0823,25.4192,0.0,0.0021,0.0162,0.0166,0.991,0.9926,0.9939,54.6857,76.2517,93.429
2025-05-04,3304557,202519,17.6989,21.4016,25.2823,0.0,0.0004,0.0009,0.0035,0.9913,0.9923,0.9938,56.9004,77.705,94.075
2025-05-05,3304557,202519,18.3621,21.5153,25.2488,0.0024,0.023,0.0619,0.1841,0.9916,0.9933,0.9952,60.3401,79.7632,95.7847
2025-05-06,3304557,202519,17.2904,21.5594,26.4609,0.0,0.0089,0.0622,0.0714,0.9893,0.9916,0.9934,51.5192,76.6248,94.645
2025-05-07,3304557,202519,18.6045,22.5318,27.5456,0.0,0.0045,0.0116,0.0356,0.9889,0.9907,0.992,53.6067,75.5036,91.1719
2025-05-08,3304557,202519,18.2471,22.9932,28.4911,0.0,0.0015,0.0116,0.0116,0.988,0.9903,0.9924,52.9671,76.5622,93.1043
2025-05-09,3304557,202519,19.3087,24.3929,31.3669,0.0,0.0001,0.0004,0.0009,0.9855,0.9876,0.9892,46.3754,72.7958,89.6735
2025-05-10,3304557,202519,20.4952,24.4119,31.0811,0.0,0.0247,0.1932,0.1976,0.9857,0.9882,0.9913,48.4841,76.8541,89.1303
2025-05-11,3304557,202520,20.8584,21.7003,22.8222,0.2993,7.1759,14.7469,57.4068,0.992,0.9944,0.9968,76.6923,89.7486,95.7623
2025-05-12,3304557,202520,19.2641,20.7269,22.6092,0.0879,2.1505,15.0408,17.2037,0.9962,0.9972,0.9984,68.2435,79.0249,87.7759
2025-05-13,3304557,202520,19.1004,20.8122,22.9091,0.1576,0.7981,1.1129,6.385,0.9948,0.996,0.9974,69.373,80.7096,88.897
2025-05-14,3304557,202520,17.9711,20.3896,23.2602,0.0478,0.3124,1.1571,2.4992,0.9946,0.9958,0.9972,60.112,76.6555,88.9431
2025-05-15,3304557,202520,18.1478,20.7213,24.2388,0.0139,0.0727,0.4027,0.5819,0.9944,0.9963,0.9976,54.9658,75.8101,88.9973
2025-05-16,3304557,202520,16.7768,20.6936,25.557,0.0007,0.0073,0.0353,0.0581,0.9938,0.9958,0.9978,51.134,79.5079,97.7598
2025-05-17,3304557,202520,16.4106,21.0252,26.5036,0.0,0.0013,0.0045,0.0105,0.9918,0.9941,0.996,51.54,74.5258,91.075
2025-05-18,3304557,202521,16.3229,21.5545,27.5558,0.0,0.0009,0.0017,0.0068,0.9917,0.9925,0.9943,48.506,73.662,89.9912
2025-05-19,3304557,202521,16.7371,22.0041,28.1942,0.0,0.0007,0.0022,0.0056,0.9902,0.9916,0.993,44.1943,69.8748,85.7073
2025-05-20,3304557,202521,16.0596,22.0048,28.5117,0.0,0.0006,0.0017,0.0051,0.9893,0.9909,0.9927,42.8126,69.7865,88.8083
2025-05-21,3304557,202521,16.267,22.4438,28.7787,0.0,0.0012,0.0022,0.0099,0.9891,0.9902,0.9917,40.8601,68.6341,85.1221
2025-05-22,3304557,202521,18.652,22.0011,26.8187,0.0,0.0167,0.0628,0.134,0.99,0.9914,0.9924,57.0656,83.4067,99.0112
2025-05-23,3304557,202521,19.2931,21.1457,24.1548,0.0,1.7558,7.9722,14.0466,0.9914,0.9925,0.9939,76.0566,89.2516,97.3001
2025-05-24,3304557,202521,19.432,20.6373,22.4407,3.3594,5.2197,9.5802,41.7573,0.9942,0.9958,0.9975,64.6962,82.5838,93.406
2025-05-25,3304557,202522,16.3672,20.2811,24.36,0.0,0.6557,5.2453,5.2456,0.9934,0.9957,0.9973,57.9189,77.8947,94.6751
2025-05-26,3304557,202522,16.6852,21.2357,26.4189,0.0,0.0,0.0001,0.0004,0.9919,0.9936,0.9952,53.7398,77.2934,93.6073
2025-05-27,3304557,202522,18.0922,22.3774,28.3588,0.0,0.0006,0.001,0.0047,0.9895,0.992,0.9937,51.266,76.3321,92.1579
2025-05-28,3304557,202522,19.0128,23.4063,29.3263,0.0,0.0001,0.001,0.001,0.9872,0.9899,0.9921,49.2448,73.0794,89.5877
2025-05-29,3304557,202522,20.1725,21.5593,24.1347,0.0,0.185,0.5662,1.4803,0.9879,0.9902,0.9923,70.0398,77.8153,82.5465
2025-05-30,3304557,202522,19.0138,19.915,20.9047,0.2955,0.7531,0.9072,6.0251,0.9935,0.9942,0.9957,61.6546,73.8239,82.1268
2025-05-31,3304557,202522,17.6859,20.2058,23.5711,0.0015,0.1193,0.9124,0.9544,0.9921,0.994,0.9955,61.2449,76.0561,87.3098
2025-06-01,3304557,202523,17.4894,20.4826,24.3129,0.0,0.0046,0.0136,0.0368,0.9923,0.9942,0.9959,67.0623,83.935,96.3789
2025-06-02,3304557,202523,19.3681,20.9287,23.3608,0.0349,0.3191,0.5207,2.5528,0.9962,0.9973,0.9991,64.159,82.9895,95.6726
2025-06-03,3304557,202523,17.2339,21.2999,26.9341,0.0,0.1065,0.5207,0.8521,0.9915,0.9943,0.9963,52.4913,78.5945,97.4336
2025-06-04,3304557,202523,17.3729,22.4079,28.7098,0.0,0.0377,0.298,0.3014,0.9882,0.99,0.9917,48.2064,76.4517,92.7857
2025-06-05,3304557,202523,18.0331,23.6685,30.7399,0.0,0.0008,0.0056,0.0064,0.9862,0.9888,0.9899,41.6364,70.9574,89.6457
2025-06-06,3304557,202523,19.6884,21.8688,24.8895,0.0,0.0513,0.215,0.4102,0.9868,0.9898,0.9917,67.7855,83.1276,92.0924
2025-06-07,3304557,202523,19.4139,21.1367,23.5639,0.0099,0.2742,0.5115,2.1939,0.99,0.9914,0.993,68.5495,82.7604,94.5748
2025-06-08,3304557,202524,18.811,22.3487,28.25,0.0405,0.2921,1.46,2.3367,0.9843,0.988,0.9912,54.2484,76.2688,89.506
2025-06-09,3304557,202524,19.144,20.34,21.6136,3.0687,9.9099,16.2014,79.279,0.9867,0.9887,0.991,77.6486,88.9101,97.1474
2025-06-10,3304557,202524,17.4823,19.0429,20.5655,0.8519,3.4159,17.176,27.3271,0.9892,0.9912,0.993,77.943,87.7878,95.8628
2025-06-11,3304557,202524,16.8155,18.1575,19.6621,0.1136,0.7561,2.5261,6.0489,0.9923,0.9937,0.9949,68.2875,81.7706,89.53
2025-06-12,3304557,202524,14.9554,17.1246,18.9792,0.1795,1.4799,2.2742,11.8391,0.9954,0.9964,0.9981,58.3681,73.5792,86.8047
2025-06-13,3304557,202524,13.7649,16.9704,20.7293,0.0304,0.334,2.3002,2.6723,0.9974,0.9982,1.0,54.5014,74.5355,88.4027
2025-06-14,3304557,202524,13.5237,17.7855,22.3826,0.0,0.0102,0.075,0.0815,0.9967,0.9989,1.0009,42.7476,68.5189,88.1154
2025-06-15,3304557,202525,12.6381,18.0582,25.1413,0.0,0.0011,0.0026,0.0089,0.9934,0.9955,0.9975,40.4608,67.4162,84.7957
2025-06-16,3304557,202525,14.2845,19.6159,25.7468,0.0,0.0011,0.0034,0.0091,0.9925,0.9948,0.9969,47.9142,68.3354,84.5694
2025-06-17,3304557,202525,13.5304,19.7237,25.7229,0.0,0.0002,0.0013,0.0013,0.994,0.9959,0.9974,48.3741,73.3151,91.6676
2025-06-18,3304557,202525,14.6821,20.033,26.7618,0.0,0.0006,0.0013,0.0051,0.9923,0.9949,0.9966,46.6013,73.1087,89.077
2025-06-19,3304557,202525,15.7986,20.8927,27.3449,0.0,0.0002,0.0013,0.0013,0.9927,0.9937,0.9952,46.7209,72.7255,89.0252
2025-06-20,3304557,202525,15.8238,21.4776,27.5709,0.0,0.0005,0.0009,0.0038,0.9886,0.9919,0.994,40.8918,68.5572,88.9835
2025-06-21,3304557,202525,16.5071,20.5529,26.8065,0.0,0.0005,0.0026,0.0043,0.9869,0.9877,0.9892,48.181,72.3258,85.094
2025-06-22,3304557,202526,17.5788,21.4777,28.006,0.0024,0.0028,0.0034,0.0225,0.985,0.9876,0.9895,49.0327,81.3879,98.6785
2025-06-23,3304557,202526,18.2523,23.1843,30.7417,0.0,0.0006,0.0034,0.0051,0.9817,0.985,0.9872,38.8536,69.8875,93.7751
2025-06-24,3304557,202526,16.496,19.5762,22.526,0.0001,0.6557,2.0133,5.2457,0.9847,0.9886,0.9939,74.386,80.6432,91.4018
2025-06-25,3304557,202526,14.3012,17.1195,20.3107,0.0008,0.27,2.149,2.1596,0.995,0.9963,0.9983,50.8431,65.8926,80.5764
2025-06-26,3304557,202526,13.3455,19.2584,27.5424,0.0,0.0003,0.002,0.002,0.9894,0.993,0.9959,47.4055,69.7515,85.7647
2025-06-27,3304557,202526,16.325,20.5408,26.3466,0.0,0.0,0.0,0.0,0.9898,0.9916,0.9939,55.1043,76.2499,85.8636
2025-06-28,3304557,202526,19.317,21.7419,25.6868,0.0005,0.0424,0.103,0.3388,0.992,0.9948,0.9969,59.13,82.9471,96.0264
2025-06-29,3304557,202527,17.6881,22.6004,29.8648,0.0,0.0129,0.103,0.103,0.9887,0.9902,0.9921,39.1697,70.8941,93.7114
2025-06-30,3304557,202527,17.8911,20.9738,23.9099,0.0,0.1088,0.3709,0.8702,0.99,0.9922,0.9942,70.2991,77.9508,84.8063
2025-07-01,3304557,202527,19.5595,20.5123,22.6283,0.0397,0.6403,1.7367,5.1226,0.9947,0.9959,0.9975,73.6203,87.6509,95.8495
2025-07-02,3304557,202527,17.5585,18.239,19.2805,2.135,5.3623,8.823,42.8981,0.9981,0.9993,1.0005,83.7582,89.3545,93.155
2025-07-03,3304557,202527,16.5666,17.4616,18.7235,0.892,3.0217,9.7474,24.174,0.9986,1.0002,1.0011,76.2464,85.6372,92.8807
2025-07-04,3304557,202527,16.1587,17.5625,19.1632,0.1552,1.8148,3.0043,14.5184,0.9984,0.9998,1.0014,69.6251,83.173,92.7603
2025-07-05,3304557,202527,12.7278,17.4228,21.2447,0.0034,0.3797,3.0078,3.0376,0.9957,0.9984,1.0001,54.8824,76.8106,97.5823
2025-07-06,3304557,202528,12.791,17.423,21.5886,0.0,0.0016,0.0048,0.0126,0.9949,0.9959,0.9968,57.1067,79.2069,98.3878
2025-07-07,3304557,202528,14.1928,17.4752,20.5474,0.0034,0.197,0.3872,1.5758,0.9969,0.9978,0.9996,64.2992,81.5793,96.0413
2025-07-08,3304557,202528,12.5447,17.9009,23.9682,0.0,0.0484,0.3872,0.3872,0.9936,0.9962,0.9984,48.1021,75.9497,95.2344
2025-07-09,3304557,202528,15.8727,18.146,20.2762,0.0,0.191,0.5152,1.5283,0.9957,0.9973,0.9988,71.989,82.3549,95.2962
2025-07-10,3304557,202528,15.4609,18.1224,21.5177,0.0282,0.1468,0.5175,1.1743,0.9988,1.0001,1.002,62.9059,80.8809,94.7751
2025-07-11,3304557,202528,14.9595,18.8167,23.3792,0.0,0.0185,0.129,0.148,0.998,0.9997,1.0012,57.3916,79.7851,95.5802
2025-07-12,3304557,202528,16.1127,19.4908,23.7599,0.0,0.0096,0.0205,0.0771,0.9973,0.9989,1.0008,53.678,78.3212,94.1504
2025-07-13,3304557,202529,15.1636,18.8008,22.2533,0.0,0.0248,0.0838,0.1981,0.9982,0.9992,1.0009,52.6626,77.5326,96.3226
2025-07-14,3304557,202529,13.2048,18.2787,23.447,0.0,0.0122,0.0838,0.0974,0.9963,0.9982,0.9997,51.7704,78.252,97.9726
2025-07-15,3304557,202529,15.2286,18.7415,22.1948,0.0038,0.0196,0.0508,0.1565,0.9948,0.9963,0.9977,62.8357,81.3366,97.9641
2025-07-16,3304557,202529,13.7637,17.8933,23.6681,0.0,0.0119,0.0508,0.0948,0.9936,0.9951,0.9966,40.3127,78.0465,98.7268
2025-07-17,3304557,202529,12.6553,18.8614,26.2135,0.0,0.0016,0.0111,0.0127,0.9901,0.993,0.9954,41.0173,71.7461,97.429
2025-07-18,3304557,202529,14.0149,19.354,26.9112,0.0,0.0049,0.0328,0.0393,0.9891,0.9901,0.9918,38.9315,73.7509,88.8681
2025-07-19,3304557,202529,16.8981,18.9736,21.3708,0.0359,0.0645,0.09,0.5158,0.9938,0.995,0.9968,55.5932,74.4697,88.8709
2025-07-20,3304557,202530,13.8936,17.8557,22.5044,0.0001,0.0103,0.0683,0.082,0.994,0.9958,0.9974,55.9587,76.7087,91.8414
2025-07-21,3304557,202530,15.0643,19.1143,24.5198,0.0019,0.0032,0.0036,0.0259,0.991,0.9936,0.9951,52.4308,78.1181,96.7345
2025-07-22,3304557,202530,14.6619,20.3791,27.5666,0.0,0.001,0.0036,0.0083,0.9892,0.9907,0.9922,45.3286,76.5396,97.937
2025-07-23,3304557,202530,16.9084,20.0207,23.7607,0.0,0.011,0.0269,0.0879,0.9912,0.9929,0.9947,66.1627,84.1712,98.7843
2025-07-24,3304557,202530,16.366,18.7604,21.5429,0.0054,0.3406,1.3738,2.7252,0.9943,0.9956,0.9973,67.3685,82.7797,94.8057
2025-07-25,3304557,202530,17.2606,19.7053,23.6841,0.3778,3.2933,6.4823,26.3464,0.9909,0.9934,0.9952,62.739,83.6674,95.7662
2025-07-26,3304557,202530,17.1996,19.7005,23.3344,1.0376,2.0705,8.0683,16.5637,0.9917,0.9927,0.9943,65.5135,85.9949,98.7303
2025-07-27,3304557,202531,14.7703,20.7948,28.3681,0.0,0.175,1.4001,1.4001,0.9875,0.991,0.9929,43.9239,76.431,97.0965
2025-07-28,3304557,202531,18.5685,23.2397,30.6283,0.0,0.0,0.0,0.0,0.9832,0.9861,0.9888,36.4992,57.8566,73.792
2025-07-29,3304557,202531,17.5212,19.4656,24.2888,0.0,0.217,0.4411,1.736,0.9855,0.99,0.9926,52.6002,66.4351,78.6781
2025-07-30,3304557,202531,13.4772,16.7079,19.8834,0.0,0.0554,0.4435,0.4435,0.9943,0.9956,0.9969,46.5596,61.407,74.0125
2025-07-31,3304557,202531,12.9442,16.2883,20.0849,0.0,0.0281,0.0553,0.2245,0.998,0.9991,1.0005,58.3417,73.5633,89.8304
2025-08-01,3304557,202531,11.1808,16.8549,23.1379,0.0,0.0069,0.0553,0.0553,0.9973,0.9997,1.002,46.2722,73.8139,97.5943
2025-08-02,3304557,202531,12.1235,18.4463,25.7468,0.0,0.0002,0.0013,0.0017,0.9951,0.9973,0.999,41.9627,69.7968,90.5728
2025-08-03,3304557,202532,13.3351,19.6599,27.324,0.0,0.0003,0.0013,0.0026,0.9922,0.9942,0.9957,38.7826,68.3631,87.253
2025-08-04,3304557,202532,13.466,19.9678,27.7758,0.0,0.0003,0.0022,0.0022,0.991,0.9933,0.9944,35.9573,65.219,83.1041
2025-08-05,3304557,202532,16.4302,19.31,22.1582,0.0005,0.0197,0.0915,0.1578,0.9945,0.9959,0.9975,64.0508,82.7548,96.3123
2025-08-06,3304557,202532,16.5054,19.2029,22.2465,0.0215,0.39,0.981,3.12,0.9934,0.9957,0.9971,65.778,84.2209,97.7151
2025-08-07,3304557,202532,15.3881,19.5503,24.633,0.0075,0.1375,1.007,1.1002,0.9899,0.9926,0.995,57.1413,80.9419,96.9579
2025-08-08,3304557,202532,16.1114,21.7932,29.8955,0.0,0.0042,0.0264,0.0334,0.9839,0.9878,0.9911,36.4368,73.389,98.9644
2025-08-09,3304557,202532,18.0337,18.814,20.1116,0.0032,0.702,1.6698,5.6158,0.9866,0.9888,0.9907,75.1988,86.2215,95.3263
2025-08-10,3304557,202533,15.8138,17.5368,19.5195,0.1757,0.5928,2.1623,4.7425,0.992,0.993,0.9941,59.8343,70.9747,82.4217
2025-08-11,3304557,202533,14.4915,16.8497,19.3426,0.2005,0.7945,1.3128,6.3562,0.9931,0.9942,0.9952,61.8898,77.1929,90.5515
2025-08-12,3304557,202533,13.249,16.7253,20.6015,0.0182,0.2719,1.323,2.1748,0.9923,0.9937,0.9951,53.9467,75.9028,92.6993
2025-08-13,3304557,202533,12.8735,18.3162,25.8893,0.0005,0.0241,0.1865,0.1928,0.9899,0.9928,0.9947,43.5423,75.5874,98.3526
2025-08-14,3304557,202533,14.684,18.3916,22.1964,0.0,0.031,0.085,0.2478,0.9913,0.9939,0.9968,63.1519,81.2533,98.2754
2025-08-15,3304557,202533,15.5062,18.078,21.5028,0.0023,0.2591,0.7568,2.073,0.997,0.9982,0.9993,57.7534,76.9571,92.0673
2025-08-16,3304557,202533,15.9692,18.6147,21.7308,0.0236,0.1505,0.7596,1.2042,0.9945,0.9964,0.998,59.1464,77.4022,92.7323
2025-08-17,3304557,202534,14.6769,18.9796,24.1409,0.0012,0.019,0.1061,0.1519,0.9914,0.994,0.9956,52.0541,77.1289,96.9809
2025-08-18,3304557,202534,15.8874,19.124,22.4833,0.0008,0.4231,1.3264,3.3844,0.9935,0.9948,0.9966,63.2616,81.5016,97.3259
2025-08-19,3304557,202534,15.8164,19.855,25.8465,0.0021,0.1781,1.3265,1.4251,0.9918,0.9949,0.9971,40.5066,72.3861,93.2648
2025-08-20,3304557,202534,15.4174,21.7838,29.7807,0.0,0.0031,0.0233,0.025,0.9878,0.9911,0.9931,37.4498,63.5398,84.9306
2025-08-21,3304557,202534,17.697,23.5362,30.6396,0.0,0.0015,0.0026,0.012,0.9883,0.9896,0.9912,37.3691,59.7835,78.4708
2025-08-22,3304557,202534,17.7424,24.5006,31.418,0.0,0.0003,0.0026,0.0026,0.9873,0.9896,0.9912,36.3788,64.9333,92.0596
2025-08-23,3304557,202534,18.9539,25.0191,32.8456,0.0,0.0002,0.0009,0.0017,0.9858,0.9882,0.9898,27.2069,54.416,75.5466
2025-08-24,3304557,202535,18.7737,22.2445,25.3098,0.0,0.0159,0.0709,0.1273,0.987,0.9902,0.9932,49.0271,66.3172,80.2208
2025-08-25,3304557,202535,19.1183,22.2969,27.9557,0.0198,0.0582,0.1117,0.4653,0.992,0.9943,0.996,49.8158,75.7805,91.8116
2025-08-26,3304557,202535,20.0555,21.5082,24.4607,0.25,0.9402,1.5039,7.5218,0.994,0.9958,0.9969,69.2918,83.8966,93.7413
2025-08-27,3304557,202535,18.9501,22.3922,27.0824,0.0196,0.2157,1.5248,1.7254,0.9933,0.9955,0.9968,45.6376,74.6257,94.4549
2025-08-28,3304557,202535,18.1519,21.8918,26.5338,0.0,0.0075,0.0317,0.0597,0.9934,0.9953,0.9967,50.9391,76.346,96.4327
2025-08-29,3304557,202535,19.4646,21.848,25.0324,0.0204,0.1588,0.4153,1.2702,0.9922,0.9939,0.9954,58.9133,79.106,93.3148
2025-08-30,3304557,202535,19.0135,21.2123,24.4266,0.2327,1.1496,2.3137,9.1968,0.9937,0.995,0.9969,52.4165,77.4856,91.5689
2025-08-31,3304557,202536,17.1149,20.6487,24.6671,0.0007,0.5107,2.3368,4.0858,0.9951,0.9964,0.9979,59.7442,80.6093,98.0906
2025-09-01,3304557,202536,18.2098,21.2178,24.8871,0.0023,0.2926,0.7698,2.3405,0.9968,0.998,1.0,59.1938,78.692,94.612
2025-09-02,3304557,202536,18.5124,21.3261,25.38,0.001,0.4185,0.9132,3.3477,0.9963,0.9982,1.0001,53.108,75.5211,91.7316
2025-09-03,3304557,202536,16.8404,21.5163,27.2238,0.0003,0.1167,0.9132,0.9334,0.9935,0.9964,0.9984,35.4824,64.3099,89.3569
2025-09-04,3304557,202536,15.5138,21.9815,29.065,0.0,0.0008,0.0044,0.0061,0.9906,0.9933,0.995,30.3965,58.378,86.5338
2025-09-05,3304557,202536,16.128,22.6165,30.1087,0.0,0.0003,0.0016,0.0024,0.9882,0.9904,0.9914,34.6214,58.149,77.8603
2025-09-06,3304557,202536,19.2652,20.6158,23.0615,0.0141,0.5696,1.6764,4.5566,0.9915,0.9935,0.9954,69.4946,83.5723,93.0765
2025-09-07,3304557,202537,18.8014,19.7867,21.2705,1.2743,3.7759,5.0691,30.2071,0.9951,0.9962,0.998,72.8608,83.8701,92.2827
2025-09-08,3304557,202537,18.2957,21.1194,25.6882,0.0189,0.7447,5.0938,5.9577,0.9907,0.9949,0.9972,58.9267,77.4783,89.2741
2025-09-09,3304557,202537,19.1102,24.2451,31.9711,0.0001,0.0439,0.2281,0.3508,0.9849,0.9882,0.9917,37.1977,67.0668,89.2156
2025-09-10,3304557,202537,18.3988,21.6638,24.3418,0.1267,0.1703,0.4459,1.362,0.9893,0.9921,0.9938,56.1064,73.3644,93.9741
2025-09-11,3304557,202537,17.2533,20.9669,26.5849,0.0,0.0176,0.132,0.1408,0.9905,0.9935,0.9955,50.9653,73.7536,92.0943
2025-09-12,3304557,202537,16.7927,19.9818,23.1995,0.0,0.212,0.5539,1.6961,0.9913,0.993,0.9946,58.5352,76.4112,95.4388
2025-09-13,3304557,202537,17.9178,19.3791,20.7316,0.1082,0.7578,1.4419,6.0625,0.9936,0.9947,0.9961,62.5838,72.9428,84.5311
2025-09-14,3304557,202538,17.3952,19.8316,23.1354,0.1366,0.4628,1.6204,3.702,0.9926,0.9947,0.9965,55.5041,72.1284,86.5778
2025-09-15,3304557,202538,17.2099,21.3846,27.4193,0.0008,0.0585,0.3878,0.4677,0.9894,0.9925,0.9941,44.6921,73.109,93.9763
2025-09-16,3304557,202538,16.7621,22.0222,28.7795,0.0,0.1426,1.1136,1.141,0.9861,0.9892,0.9916,44.6241,75.9639,96.8829
2025-09-17,3304557,202538,19.2102,21.0329,23.2479,0.2964,0.8069,2.5446,6.4555,0.9865,0.989,0.9904,68.5403,85.0952,96.1637
2025-09-18,3304557,202538,17.8615,21.1654,25.6219,0.0074,0.1208,0.779,0.9663,0.9902,0.9915,0.9933,51.5385,76.3587,93.0297
2025-09-19,3304557,202538,17.5157,23.2871,31.1855,0.0008,0.0062,0.0397,0.0499,0.9873,0.9906,0.9927,38.9101,72.5091,98.7193
2025-09-20,3304557,202538,20.908,25.8638,31.7835,0.0,0.0518,0.2972,0.4142,0.9846,0.987,0.9885,40.5838,62.1422,79.5922
2025-09-21,3304557,202539,22.211,28.2898,36.4542,0.0,0.0381,0.2972,0.3045,0.9788,0.9827,0.9862,27.9638,56.1615,78.6408
2025-09-22,3304557,202539,22.0829,29.2971,36.4547,0.0,0.2563,1.5621,2.0507,0.9778,0.9802,0.9826,29.9108,52.0727,89.0369
2025-09-23,3304557,202539,19.8157,21.7946,24.7491,0.957,6.9384,9.4921,55.5073,0.9841,0.991,0.9961,62.406,76.0041,92.4008
2025-09-24,3304557,202539,18.5411,19.7077,21.6359,0.0072,1.5604,9.4967,12.483,0.997,0.9991,1.0009,66.2399,75.0951,87.1062
2025-09-25,3304557,202539,17.3605,18.3866,19.7753,0.8429,3.2655,5.1729,26.1241,1.0,1.0013,1.0023,64.0768,81.7415,92.59
2025-09-26,3304557,202539,15.6511,17.9693,20.8061,0.7708,2.7602,5.4084,22.0813,0.9978,1.0001,1.0021,47.8137,68.9206,85.8648
2025-09-27,3304557,202539,14.2998,18.1092,22.549,0.0,0.3778,3.022,3.0222,0.9951,0.9974,0.9989,42.2263,61.3789,81.1606
2025-09-28,3304557,202540,13.2279,19.2515,27.5067,0.0,0.0008,0.0017,0.006,0.9892,0.9941,0.9969,37.9134,60.9942,84.2483
2025-09-29,3304557,202540,17.1984,22.316,28.9352,0.0,0.0013,0.0026,0.0103,0.9897,0.991,0.9923,42.1678,63.3546,79.4997
2025-09-30,3304557,202540,16.981,23.3107,29.8654,0.0,0.0003,0.0017,0.0026,0.99,0.9922,0.9943,43.0176,70.4645,96.4892
2025-10-01,3304557,202540,17.6502,23.2223,29.6252,0.0,0.0001,0.0004,0.0004,0.9903,0.9915,0.9928,43.9177,67.3865,87.0712
2025-10-02,3304557,202540,18.5422,22.9861,28.5491,0.0,0.0017,0.005,0.0133,0.9917,0.9937,0.9951,42.5851,71.5778,93.2423
2025-10-03,3304557,202540,19.4446,23.5369,29.8128,0.0001,0.0017,0.005,0.0136,0.9902,0.9933,0.9953,36.1076,66.592,86.6763
2025-10-04,3304557,202540,20.014,24.2128,29.6384,0.0,0.0012,0.0017,0.0096,0.9906,0.9927,0.9949,37.5919,64.0042,84.7174
2025-10-05,3304557,202541,20.6972,25.5605,31.9986,0.0025,0.4617,0.6147,3.6933,0.9869,0.9904,0.9929,33.2636,58.0657,77.9185
2025-10-06,3304557,202541,20.5258,27.0709,34.9665,0.0,0.0773,0.6147,0.6182,0.982,0.9853,0.9882,26.6841,53.7076,77.711
2025-10-07,3304557,202541,21.1344,24.3463,27.89,0.0,0.0746,0.5002,0.5971,0.9822,0.9858,0.9903,53.7568,69.6221,82.6985
2025-10-08,3304557,202541,18.31,19.8913,20.6362,0.3741,2.9493,7.4894,23.5946,0.991,0.9929,0.9943,84.2438,89.0533,94.2449
2025-10-09,3304557,202541,17.9001,18.8954,20.597,2.1725,6.2183,9.0734,49.746,0.9946,0.996,0.9971,69.499,84.8956,94.8265
2025-10-10,3304557,202541,18.098,19.8446,22.9958,0.0047,4.3172,8.7974,34.5373,0.9918,0.9938,0.9967,69.4082,80.6563,89.3153
2025-10-11,3304557,202541,18.8976,21.6287,25.8239,0.2765,1.7398,9.5764,13.9188,0.9867,0.9897,0.9928,66.3066,84.1683,96.8137
2025-10-12,3304557,202542,19.781,24.5771,31.4363,0.0008,0.1351,1.0253,1.0808,0.9821,0.9863,0.9894,46.6365,76.4833,98.5441
2025-10-13,3304557,202542,22.2901,26.5115,32.5488,0.0,0.0895,0.3139,0.7158,0.9805,0.9824,0.9836,40.0775,68.0945,88.0362
2025-10-14,3304557,202542,21.7774,24.079,27.4826,1.6985,3.2775,4.8129,26.2204,0.9828,0.9863,0.99,62.0094,79.2701,93.2354
2025-10-15,3304557,202542,19.3296,21.7094,23.9504,0.3462,1.2573,4.9676,10.058,0.9909,0.9922,0.9939,64.3187,79.2747,96.0781
2025-10-16,3304557,202542,18.5192,22.4176,28.0163,0.0,0.1221,0.9303,0.9769,0.9871,0.9903,0.993,51.796,73.5247,91.1251
2025-10-17,3304557,202542,19.5113,24.7277,32.6315,0.0,0.0031,0.0107,0.0249,0.9826,0.9862,0.9894,44.0412,72.6769,93.6119
2025-10-18,3304557,202542,21.3501,24.003,28.1857,0.0,1.2358,5.531,9.8864,0.9806,0.9833,0.9853,66.2117,83.6757,95.1379
2025-10-19,3304557,202543,18.3651,19.7578,22.237,6.2698,11.0685,13.9971,88.548,0.9835,0.9889,0.9936,72.4709,86.024,94.8359
2025-10-20,3304557,202543,16.3213,18.0503,20.0874,0.1907,3.0211,14.1758,24.1688,0.9946,0.9968,0.9987,54.7728,68.4453,84.5463
2025-10-21,3304557,202543,14.248,17.3226,20.3878,0.0305,0.8143,2.5802,6.514,0.9983,0.9999,1.0014,56.5747,72.1281,88.2777
2025-10-22,3304557,202543,15.6897,18.5473,22.1012,0.0096,0.2668,1.4464,2.1343,0.9987,0.9998,1.0013,52.1481,68.328,82.0806
2025-10-23,3304557,202543,16.043,19.3408,23.581,0.0147,0.0801,0.2716,0.6406,0.9965,0.9988,1.0006,46.9402,70.8424,87.7499
2025-10-24,3304557,202543,16.0658,20.0949,25.0359,0.0019,0.0249,0.0919,0.1989,0.9934,0.9967,0.9985,43.3707,69.4441,88.4824
2025-10-25,3304557,202543,16.9122,22.172,29.0127,0.0,0.0048,0.0306,0.0384,0.9882,0.9919,0.9948,38.329,67.8852,89.2031
2025-10-26,3304557,202544,18.6066,25.0302,32.6144,0.0,0.0008,0.0019,0.0066,0.9834,0.9869,0.9897,31.2893,63.5392,88.601
2025-10-27,3304557,202544,20.592,24.3957,32.3119,0.0,0.1546,1.0052,1.2369,0.9862,0.9875,0.9907,41.3266,71.2689,88.4432
2025-10-28,3304557,202544,20.1703,22.6335,27.6198,2.8983,13.2977,18.2569,106.3817,0.9888,0.9907,0.9922,60.6368,83.3595,95.5432
2025-10-29,3304557,202544,20.5932,25.2121,32.6739,0.0018,2.6302,18.5737,21.0414,0.983,0.987,0.9912,45.1765,77.4669,96.9338
2025-10-30,3304557,202544,19.8476,20.9158,22.0153,0.1924,2.7361,5.5231,21.8885,0.9877,0.9901,0.992,76.535,89.1603,95.3793
2025-10-31,3304557,202544,18.6547,20.2208,22.4014,0.0371,2.1426,6.1897,17.1405,0.9887,0.9907,0.9929,72.0374,84.6848,92.0073
2025-11-01,3304557,202544,19.682,22.4884,26.6996,0.0358,0.9066,6.399,7.2531,0.9871,0.9891,0.9909,68.0706,83.4759,95.5496
2025-11-02,3304557,202545,20.4256,23.4921,28.0275,0.0071,1.3083,8.997,10.4668,0.9836,0.9866,0.9893,63.5669,84.3125,96.4511
2025-11-03,3304557,202545,21.3936,24.1231,29.0174,0.3854,2.3318,12.2328,18.6544,0.9819,0.9838,0.985,65.0433,84.7374,97.2659
2025-11-04,3304557,202545,20.6311,23.0977,25.8501,0.9118,1.9986,7.5136,15.9886,0.9837,0.9859,0.9873,74.7631,86.8314,97.3219
2025-11-05,3304557,202545,21.1408,25.5441,32.2971,0.0726,0.5473,2.0661,4.3787,0.9823,0.9848,0.9881,55.1274,79.6894,94.4528
2025-11-06,3304557,202545,20.5731,22.6421,24.8525,0.0001,1.2237,2.3689,9.7897,0.9839,0.9873,0.9901,69.509,82.3075,94.6683
2025-11-07,3304557,202545,19.1003,20.5727,23.3453,0.2636,0.8677,1.6882,6.9415,0.9833,0.9878,0.9904,60.696,74.9151,84.3878
2025-11-08,3304557,202545,19.6686,24.705,31.0825,0.0,0.2014,1.0029,1.611,0.9747,0.978,0.9829,59.1378,71.4344,80.812
2025-11-09,3304557,202546,19.4183,20.904,22.1266,0.5424,3.2843,4.844,26.2745,0.9834,0.9884,0.992,68.0593,77.4122,88.1951
2025-11-10,3304557,202546,17.3039,19.6761,22.4249,0.1049,0.8566,5.2205,6.853,0.9923,0.9936,0.9945,54.6791,72.6683,89.9498
2025-11-11,3304557,202546,16.6979,20.3981,24.7109,0.0,0.0368,0.2771,0.2946,0.9918,0.9935,0.995,48.9085,66.2074,85.6757
2025-11-12,3304557,202546,16.378,21.3729,28.1041,0.0,0.0007,0.0038,0.0055,0.9885,0.9912,0.9936,45.2298,66.4956,87.7928
2025-11-13,3304557,202546,17.9151,22.9107,28.7201,0.0,0.0001,0.0009,0.0009,0.9877,0.9888,0.9904,49.8751,69.3421,86.7614
2025-11-14,3304557,202546,20.6983,23.303,27.2037,0.0,0.0007,0.0019,0.0053,0.9885,0.9902,0.9912,56.898,75.5516,89.6242
2025-11-15,3304557,202546,20.5276,23.008,26.6733,0.0029,0.1292,0.7588,1.0335,0.9878,0.9903,0.9925,58.4892,78.6545,94.2184
2025-11-16,3304557,202547,20.8435,24.3273,28.6066,0.0022,0.2374,0.9132,1.899,0.984,0.9866,0.9898,57.1321,77.2,93.0193
2025-11-17,3304557,202547,22.4825,26.5263,33.1873,0.1848,1.3677,4.7362,10.9416,0.9812,0.9828,0.9852,46.7925,73.7102,90.2444
2025-11-18,3304557,202547,22.1797,25.9455,31.2386,0.0046,1.0851,7.4932,8.6811,0.9765,0.9811,0.9846,56.1694,79.4744,95.4792
2025-11-19,3304557,202547,22.0951,23.8895,25.7273,3.9307,7.9056,8.9414,63.2446,0.9784,0.9815,0.9854,57.826,78.2925,98.1356
2025-11-20,3304557,202547,19.3362,21.311,23.4848,0.0084,1.7456,8.9423,13.9646,0.9872,0.989,0.9907,57.4843,72.767,86.6917
2025-11-21,3304557,202547,17.72,22.0917,27.6156,0.0,0.1597,1.2745,1.278,0.9858,0.9889,0.9907,51.2586,68.5878,87.8981
2025-11-22,3304557,202547,20.1831,25.2284,32.8147,0.0,0.0007,0.001,0.0055,0.9837,0.9851,0.9865,38.7059,65.357,84.4179
2025-11-23,3304557,202548,21.3541,23.6902,27.4152,0.0003,0.0962,0.5468,0.7695,0.9855,0.9868,0.988,60.5219,79.5665,94.0164
2025-11-24,3304557,202548,21.1189,22.8246,25.0494,1.2082,5.0354,8.5695,40.2834,0.983,0.9863,0.9881,72.0535,85.082,94.7713
2025-11-25,3304557,202548,21.2015,22.6151,25.4436,2.854,7.6772,10.1867,61.418,0.9827,0.9844,0.9859,59.2309,79.6391,93.8459
2025-11-26,3304557,202548,19.1199,21.2679,23.8709,0.1729,1.8503,9.0359,14.8024,0.9864,0.9881,0.9892,62.7836,77.353,90.668
2025-11-27,3304557,202548,18.3692,21.3927,24.895,0.1746,0.5036,1.506,4.0285,0.9889,0.9899,0.9913,56.7109,74.6153,93.6816
2025-11-28,3304557,202548,19.5639,23.6216,28.9366,0.0009,0.2024,1.0046,1.6194,0.9836,0.9869,0.9897,52.7689,71.2227,86.8135
2025-11-29,3304557,202548,20.4343,24.2102,29.3082,0.8559,1.053,2.391,8.4243,0.982,0.9835,0.9854,56.3857,77.4191,97.9539
2025-11-30,3304557,202549,18.9749,24.6914,31.6945,0.0,0.1087,0.869,0.8699,0.9823,0.9841,0.985,32.1154,67.4462,96.2216
2025-12-01,3304557,202549,19.8776,24.8479,31.0761,0.0,0.0002,0.0004,0.0014,0.9808,0.9836,0.9855,49.3208,72.4914,92.8027
2025-12-02,3304557,202549,22.5247,25.4867,31.1277,0.0005,1.5813,10.0855,12.6506,0.9798,0.9816,0.9832,56.9668,76.5336,88.7002
2025-12-03,3304557,202549,22.3735,25.0069,28.3597,0.8042,4.2656,19.2895,34.1248,0.98,0.9818,0.9829,64.9061,82.2538,97.2387
2025-12-04,3304557,202549,22.0824,23.6301,25.7642,0.0097,0.5877,2.7481,4.7013,0.9832,0.9847,0.9862,66.4022,79.8007,92.6575
2025-12-05,3304557,202549,20.9636,23.2947,26.5163,0.1174,0.3035,0.9471,2.428,0.9861,0.9874,0.9888,56.6187,73.0146,85.3162
2025-12-06,3304557,202549,20.4172,24.3584,29.7222,0.0001,0.036,0.2845,0.2879,0.986,0.9877,0.9892,50.7948,71.0938,89.0371
2025-12-07,3304557,202550,21.1677,25.5948,31.6545,0.0,0.0062,0.0227,0.0496,0.9848,0.9865,0.9877,48.069,71.4044,90.0901
2025-12-08,3304557,202550,22.9259,26.9383,32.6076,0.0,0.1322,0.5155,1.0573,0.9828,0.9849,0.9862,48.2907,72.1348,92.1487
2025-12-09,3304557,202550,25.0945,26.3133,28.981,0.0118,0.9657,4.3346,7.7253,0.9783,0.9821,0.9847,60.6195,75.8181,84.6847
2025-12-10,3304557,202550,24.3346,28.2204,33.2802,3.2235,6.9109,8.9411,55.2873,0.9729,0.9759,0.9786,44.7394,65.6919,87.5992
2025-12-11,3304557,202550,24.9122,28.1382,32.552,0.0,0.9252,7.3856,7.4016,0.975,0.9771,0.98,45.706,59.9788,75.6569
2025-12-12,3304557,202550,22.0669,26.8976,33.1944,0.0,0.0017,0.008,0.0134,0.9796,0.981,0.9819,42.6378,64.4243,85.6589
2025-12-13,3304557,202550,24.4582,27.6395,31.7278,0.0022,0.2241,0.4593,1.7928,0.9791,0.9807,0.9821,58.6173,70.2501,83.9842
2025-12-14,3304557,202551,24.6578,27.3099,29.2265,0.1408,0.8891,2.1713,7.1124,0.9809,0.982,0.9834,62.8335,73.4362,89.3128
2025-12-15,3304557,202551,23.9374,27.0563,32.3552,1.146,3.2392,6.6091,25.9135,0.9807,0.982,0.9836,54.9646,78.6065,94.7566
2025-12-16,3304557,202551,25.0934,28.6337,33.5179,0.0248,1.0669,6.7284,8.5348,0.9782,0.9803,0.9825,50.5546,71.3856,87.6943
2025-12-17,3304557,202551,20.4401,23.1975,27.0389,0.3702,12.1384,24.1357,97.1071,0.9817,0.9855,0.9886,75.7088,85.3272,93.5893
2025-12-18,3304557,202551,20.7282,21.8045,23.8528,0.2617,4.1864,25.0859,33.4913,0.9872,0.9883,0.9893,69.0861,80.4381,88.874
2025-12-19,3304557,202551,19.7653,22.0922,25.5512,0.9478,6.7733,9.9367,54.1862,0.9864,0.9877,0.9892,71.2314,85.542,94.4377
2025-12-20,3304557,202551,22.37,24.2423,26.8844,0.0444,1.5054,9.9878,12.043,0.9869,0.988,0.9891,72.3897,81.5797,91.0171
2025-12-21,3304557,202552,21.67,25.1531,29.3982,0.0029,0.1581,0.9023,1.2649,0.9859,0.9879,0.9897,55.5561,76.3968,95.5485
2025-12-22,3304557,202552,21.0082,25.8361,31.4796,0.0,0.017,0.1353,0.136,0.9838,0.9867,0.9882,42.0544,68.2566,89.4009
2025-12-23,3304557,202552,22.1289,27.4115,33.2913,0.0,0.0004,0.0014,0.003,0.9838,0.9857,0.9873,39.8138,65.0019,85.3774
2025-12-24,3304557,202552,23.8177,28.8972,34.2291,0.0,0.0002,0.0012,0.0012,0.9828,0.9844,0.9853,39.8352,62.5632,83.1006
2025-12-25,3304557,202552,23.9934,29.7112,35.3869,0.0,0.0028,0.0227,0.0227,0.9827,0.9839,0.9852,34.8832,61.7574,88.8916
2025-12-26,3304557,202552,24.7398,29.7809,35.1841,0.0,0.2188,0.8557,1.7501,0.9831,0.984,0.9854,42.5063,62.7602,86.323
2025-12-27,3304557,202552,25.107,29.2896,34.0052,0.0,0.1077,0.8557,0.8613,0.9838,0.9851,0.9867,41.4994,61.9611,83.7134
2025-12-28,3304557,202553,24.1393,29.0164,34.8964,0.0,0.0016,0.0049,0.0128,0.9823,0.9836,0.9852,43.367,64.1688,86.6082
2025-12-29,3304557,202553,24.5956,28.7266,34.2436,0.0,0.0022,0.0088,0.0177,0.9827,0.9832,0.9839,40.3464,62.1692,84.277
2025-12-30,3304557,202553,25.4612,28.8087,34.0966,0.0,0.2334,0.8592,1.8675,0.9826,0.9842,0.9851,47.4756,63.3825,78.6406
2025-12-31,3304557,202553,25.7977,29.8056,35.1358,0.0639,0.4437,1.1141,3.55,0.9825,0.9843,0.9855,48.068,64.3989,80.1082
2026-01-01,3304557,202553,26.7019,29.3722,32.0009,0.0,1.4809,4.2581,11.8471,0.9798,0.9823,0.9842,54.5843,70.5461,84.3901
2026-01-02,3304557,202553,26.3554,27.6868,29.8341,0.0999,3.6193,6.8452,28.9547,0.9776,0.9796,0.9815,60.4919,76.2835,87.4336
2026-01-03,3304557,202553,24.6676,26.699,29.7011,2.245,7.5573,12.9232,60.4584,0.9783,0.9793,0.9802,67.1499,82.3418,92.1488
2026-01-04,3304557,202601,23.0722,25.4993,27.0601,0.0123,3.4119,12.9312,27.2955,0.9798,0.9826,0.9864,74.6272,84.2359,91.5626
2026-01-05,3304557,202601,21.3204,22.6634,24.5666,0.9121,3.3122,9.7274,26.4978,0.9875,0.9892,0.9905,61.8384,76.9963,89.3571
2026-01-06,3304557,202601,21.3293,23.1682,26.2509,0.0033,0.4607,3.0124,3.6854,0.9897,0.9909,0.9918,55.5267,67.8512,74.2958
2026-01-07,3304557,202601,21.4187,23.9562,27.0015,0.0013,0.4391,1.5758,3.513,0.9882,0.9898,0.9911,65.8239,79.2917,89.9268
2026-01-08,3304557,202601,22.8062,26.8498,33.0868,0.0,0.1981,1.5787,1.585,0.9866,0.9881,0.9891,41.9264,72.0404,92.6551
2026-01-09,3304557,202601,22.8612,28.0419,33.0322,0.0,0.0217,0.0918,0.1734,0.9865,0.9879,0.9893,44.381,68.8145,92.9305
2026-01-10,3304557,202601,23.5292,28.7733,34.5304,0.0,0.0116,0.0918,0.0926,0.9832,0.987,0.9888,36.6603,64.7047,89.1651
2026-01-11,3304557,202602,22.5348,29.2079,36.2461,0.0,0.0001,0.0004,0.0006,0.9824,0.9848,0.9864,26.1318,54.1833,81.661
2026-01-12,3304557,202602,23.6403,30.0253,36.7425,0.0,0.0001,0.0004,0.0004,0.9828,0.9841,0.9858,26.5904,53.3841,79.3683
2026-01-13,3304557,202602,24.5372,29.3898,35.3603,0.0,0.0841,0.456,0.6731,0.9845,0.9858,0.9873,33.6702,60.8893,83.5083
2026-01-14,3304557,202602,24.7899,28.379,32.6706,0.0002,0.7848,4.8629,6.2781,0.9864,0.9878,0.9891,47.4902,67.5982,84.7569
2026-01-15,3304557,202602,24.6784,28.1764,32.475,0.003,0.8149,5.9492,6.5194,0.987,0.9881,0.9896,42.8483,66.8816,86.1775
2026-01-16,3304557,202602,23.9677,27.6215,31.0612,0.0455,0.1982,0.358,1.5852,0.9853,0.9882,0.9898,47.4681,62.3392,80.9747
2026-01-17,3304557,202602,24.2275,28.3739,33.4474,0.0,0.183,1.2193,1.4639,0.9825,0.985,0.9869,39.1801,62.8597,80.7278
2026-01-18,3304557,202603,24.6638,27.4371,30.3632,0.0206,0.4549,1.3746,3.6393,0.98,0.9828,0.9844,51.2679,67.1334,83.8874
2026-01-19,3304557,202603,24.679,27.4367,32.1871,0.0,0.7942,5.082,6.3534,0.9773,0.9797,0.981,47.931,63.7414,80.5635
2026-01-20,3304557,202603,22.2295,23.2487,24.0151,8.3672,19.8483,26.5709,158.7861,0.9807,0.9845,0.9875,68.3632,81.3835,93.177
2026-01-21,3304557,202603,20.6164,22.1395,24.6118,1.8575,7.0345,27.3474,56.2762,0.9871,0.9883,0.9891,61.4346,76.858,87.8598
2026-01-22,3304557,202603,19.8688,21.2176,22.5001,0.1342,3.2423,9.2128,25.9387,0.9873,0.9887,0.9899,78.4663,86.2016,92.7066
2026-01-23,3304557,202603,20.9273,21.87,23.1759,2.2591,11.8511,27.777,94.8085,0.9869,0.9882,0.9893,81.2981,88.7143,94.2409
2026-01-24,3304557,202603,20.3961,22.2076,23.8425,1.0025,7.771,29.26,62.1679,0.987,0.9886,0.9897,79.553,89.3469,96.3211
2026-01-25,3304557,202604,21.6384,23.4726,27.2254,3.0962,11.5325,20.3671,92.2603,0.9888,0.9898,0.9912,74.3905,90.9828,97.2355
2026-01-26,3304557,202604,21.7535,24.6242,29.4151,9.7932,16.2688,27.2665,130.15,0.9889,0.99,0.991,68.104,86.2433,96.4894
2026-01-27,3304557,202604,22.3566,25.6942,29.5326,0.0261,3.2366,21.1927,25.8928,0.9879,0.9894,0.9907,61.851,80.8472,95.7171
2026-01-28,3304557,202604,22.4853,26.1614,30.4501,0.004,0.5815,3.914,4.652,0.9866,0.9883,0.9898,57.4188,77.2556,94.2672
2026-01-29,3304557,202604,23.0682,26.952,31.6033,0.0,0.4031,1.7636,3.2247,0.9848,0.9865,0.9878,52.867,72.9879,88.0364
2026-01-30,3304557,202604,23.4,25.0761,26.0843,0.0172,3.2602,13.1417,26.0816,0.9816,0.9837,0.986,79.3085,83.8512,89.691
2026-01-31,3304557,202604,22.2911,25.4087,29.1287,0.9548,4.1276,20.0217,33.0207,0.979,0.9811,0.9823,67.0314,83.4116,95.562
2026-02-01,3304557,202605,22.6945,27.5226,33.9063,0.0,0.6978,4.1934,5.5825,0.9772,0.9802,0.9823,50.7479,75.534,94.9183
2026-02-02,3304557,202605,23.9742,27.0049,30.7462,0.488,1.5807,4.3703,12.6459,0.9802,0.9816,0.9828,62.7247,81.4258,95.0171
2026-02-03,3304557,202605,24.4182,26.6157,30.8109,2.4621,6.81,22.8628,54.4802,0.9809,0.9827,0.9838,66.2134,84.1648,94.5077
2026-02-04,3304557,202605,24.2671,26.9636,31.2359,2.3768,7.0469,24.5041,56.3755,0.9808,0.982,0.9834,62.9666,83.1423,97.0925
2026-02-05,3304557,202605,24.2677,25.7267,27.7205,3.4724,10.7675,18.127,86.1403,0.9827,0.9836,0.9845,76.4227,88.2674,95.8253
2026-02-06,3304557,202605,23.5667,24.8522,26.1427,2.8656,13.5504,25.0019,108.4036,0.9839,0.9849,0.9864,81.643,91.3571,95.5268
2026-02-07,3304557,202605,23.7468,25.7683,29.6157,0.4476,7.6191,25.3353,60.9525,0.9841,0.9852,0.9866,71.7439,87.9876,95.2675
2026-02-08,3304557,202606,23.3644,24.1682,25.5547,7.2542,19.9678,31.1806,159.7421,0.9839,0.9861,0.9874,71.9744,88.1344,95.613
2026-02-09,3304557,202606,22.5115,23.2811,24.0575,2.2295,11.7079,32.5678,93.6634,0.9856,0.9867,0.9875,77.7807,87.535,93.8223
2026-02-10,3304557,202606,22.2681,24.3305,27.4444,2.0316,7.7096,20.8227,61.6771,0.9861,0.9872,0.9883,73.0013,87.2702,96.2014
2026-02-11,3304557,202606,23.6474,26.3729,30.0639,0.2633,1.6601,7.8207,13.2807,0.9859,0.987,0.9881,66.7744,81.3435,92.6524
2026-02-12,3304557,202606,23.9862,27.5276,32.6057,0.0001,0.4068,2.6098,3.2546,0.9866,0.9879,0.9893,55.7786,76.3506,90.5203
2026-02-13,3304557,202606,22.6621,27.8306,33.2784,0.0,0.0755,0.6009,0.6039,0.9859,0.9886,0.9908,46.4175,72.1726,90.3895
2026-02-14,3304557,202606,22.3426,26.7432,30.5607,0.0,0.0097,0.0367,0.0772,0.9867,0.988,0.9897,59.7812,76.8986,89.4592
2026-02-15,3304557,202607,23.0709,26.1499,29.6467,0.0031,0.0911,0.2134,0.7291,0.9875,0.9886,0.99,63.0926,82.3864,97.6654
2026-02-16,3304557,202607,23.254,27.1457,31.5389,0.0034,0.0333,0.2135,0.2665,0.9864,0.9882,0.9899,54.7372,77.4874,97.1021
2026-02-17,3304557,202607,23.2145,27.5578,32.3222,0.0,0.0505,0.1926,0.4039,0.9835,0.9864,0.988,51.9122,73.8255,91.2207
2026-02-18,3304557,202607,24.0892,28.2007,32.7716,0.0003,1.176,4.7531,9.4077,0.9828,0.984,0.985,55.0245,73.1027,90.8639
2026-02-19,3304557,202607,23.6366,26.23,28.2886,0.0,3.0517,7.8435,24.414,0.9819,0.9832,0.9844,69.2852,82.0986,92.3472
