date,geocodigo,epiweek,temp_min,temp_med,temp_max,precip_min,precip_med,precip_max,precip_tot,pressao_min,pressao_med,pressao_max,umid_min,umid_med,umid_max
2014-12-01,4209102,201449,19.796,22.8081,26.8458,0.0095,0.2844,1.313,2.2748,0.9617,0.9646,0.967,68.5004,83.98,96.8024
2014-12-02,4209102,201449,20.8012,24.1519,28.037,0.0411,0.3522,1.116,2.8179,0.9597,0.9626,0.9645,67.6036,84.5897,98.9056
2014-12-03,4209102,201449,20.9846,25.5131,32.063,0.0,0.3256,1.4481,2.6046,0.9574,0.9599,0.9616,45.2265,76.0538,97.7046
2014-12-04,4209102,201449,19.4776,20.959,23.1601,6.8496,14.095,16.2463,112.7603,0.9619,0.9649,0.967,67.5646,83.1078,95.4788
2014-12-05,4209102,201449,18.1607,20.4469,23.5427,0.284,4.2476,16.2829,33.9811,0.9667,0.9682,0.9697,57.0127,77.5287,93.6675
2014-12-06,4209102,201449,17.5192,20.2427,24.0645,0.0202,0.4635,3.3253,3.7082,0.9654,0.9681,0.9696,60.8399,75.4235,88.211
2014-12-07,4209102,201450,18.4372,22.5663,27.8129,0.0032,0.0264,0.0796,0.2109,0.9636,0.9661,0.9676,59.6921,79.0423,92.6543
2014-12-08,4209102,201450,20.3508,24.2528,28.988,0.0012,0.1072,0.294,0.8573,0.9612,0.9644,0.9659,57.8569,80.3002,98.1557
2014-12-09,4209102,201450,21.3676,23.9865,28.7011,0.0003,3.0661,12.7347,24.5292,0.959,0.9621,0.9641,65.2926,85.8406,97.5667
2014-12-10,4209102,201450,21.884,23.7952,27.6115,0.0505,8.2752,22.4447,66.2015,0.9587,0.9602,0.9613,73.4211,89.3693,98.7658
2014-12-11,4209102,201450,20.7398,23.9235,28.2942,0.001,6.1566,22.5289,49.253,0.9606,0.9614,0.9627,68.4715,86.1029,97.5926
2014-12-12,4209102,201450,21.5991,22.841,24.7218,1.9173,7.7738,15.2135,62.1907,0.9596,0.9621,0.9637,88.3782,94.0937,98.571
2014-12-13,4209102,201450,21.2252,23.9342,28.4717,2.8064,8.1225,20.515,64.9801,0.9554,0.9579,0.9611,67.5848,86.0018,97.1032
2014-12-14,4209102,201451,20.37,21.9395,23.3492,2.2956,5.1426,16.7296,41.1411,0.9596,0.9619,0.9636,72.6513,84.027,94.7557
2014-12-15,4209102,201451,17.7557,20.0912,22.6876,0.1078,1.5457,4.459,12.3657,0.9655,0.9668,0.9684,71.0364,81.9438,92.626
2014-12-16,4209102,201451,17.7683,20.5844,23.4872,0.2423,1.2009,2.8511,9.6073,0.9663,0.9675,0.9689,64.9652,81.1463,96.2235
2014-12-17,4209102,201451,16.421,21.4177,27.8295,0.0011,0.2179,1.7314,1.7432,0.96,0.9643,0.9672,50.0677,76.1042,96.8245
2014-12-18,4209102,201451,19.3673,22.7543,26.3276,0.0,1.0633,5.0151,8.5066,0.9594,0.9606,0.9614,71.1532,83.7873,96.3697
2014-12-19,4209102,201451,20.4485,22.0711,24.4629,1.2979,4.0903,7.032,32.7224,0.9585,0.9609,0.9622,78.7059,88.6333,95.8257
2014-12-20,4209102,201451,19.6751,24.4233,30.5523,0.6697,2.1183,7.4197,16.9464,0.955,0.9585,0.9606,62.5351,82.3946,98.0979
2014-12-21,4209102,201452,22.8248,26.9132,32.9419,0.001,0.91,2.54,7.28,0.9538,0.9568,0.9593,52.2909,78.4662,98.039
2014-12-22,4209102,201452,19.8555,23.2085,26.5341,0.0312,37.133,109.0262,297.0642,0.9558,0.9592,0.9633,77.0146,88.5327,95.4535
2014-12-23,4209102,201452,17.6249,18.5303,19.3652,7.117,28.1869,122.4635,225.4954,0.9658,0.9677,0.9697,84.6107,89.8448,93.4406
2014-12-24,4209102,201452,17.1379,18.2744,19.6479,0.3459,4.8245,23.278,38.5961,0.9677,0.9691,0.9704,79.4716,88.1819,93.3159
2014-12-25,4209102,201452,17.9344,19.576,22.4327,0.17,1.6498,6.8893,13.1984,0.9673,0.9687,0.9696,83.3882,91.7403,96.5006
2014-12-26,4209102,201452,20.0051,23.057,27.2014,0.173,1.0788,2.9534,8.6306,0.9664,0.9683,0.9694,72.6445,87.8653,98.0804
2014-12-27,4209102,201452,21.1298,24.3538,30.0229,0.4909,2.4647,9.8047,19.718,0.9628,0.9655,0.969,65.4478,87.4002,99.25
2014-12-28,4209102,201453,21.8007,25.7349,31.9763,0.0,2.961,16.1168,23.6879,0.9591,0.9614,0.9643,56.9278,83.8824,97.4493
2014-12-29,4209102,201453,22.5603,24.6043,28.6253,0.0018,10.8568,32.8072,86.8547,0.9588,0.9598,0.9607,72.8627,89.8774,98.5912
2014-12-30,4209102,201453,21.5055,24.6417,28.8377,0.3872,5.1402,33.8985,41.1215,0.9581,0.9602,0.9614,67.6903,84.7197,98.782
2014-12-31,4209102,201453,22.3188,26.3974,31.3808,0.0,0.3971,2.5725,3.1765,0.957,0.9583,0.9595,57.2212,76.9779,91.8532
2015-01-01,4209102,201453,23.3192,27.7165,33.055,0.0,0.615,2.5664,4.9197,0.9571,0.9587,0.9605,54.0343,73.3827,87.4365
2015-01-02,4209102,201453,23.1445,26.4216,30.7842,0.0,3.2387,17.5332,25.9095,0.9581,0.9596,0.9613,58.9483,78.1927,94.3975
2015-01-03,4209102,201453,19.9572,20.9012,21.9453,3.956,12.2816,26.3018,98.2528,0.9641,0.9657,0.9673,84.6595,91.2178,94.7835
2015-01-04,4209102,201501,20.1242,22.581,26.4106,0.1604,3.374,15.6298,26.9921,0.9641,0.9661,0.9672,70.591,84.66,92.3252
2015-01-05,4209102,201501,20.969,22.7356,24.7139,0.2112,1.5264,3.8895,12.2108,0.9655,0.9668,0.968,82.3654,90.0694,97.345
2015-01-06,4209102,201501,21.0611,23.9513,27.7978,0.2934,1.2615,2.9598,10.0924,0.9647,0.9668,0.9683,67.6497,84.9283,97.6231
2015-01-07,4209102,201501,22.5212,25.3323,29.3151,0.0467,3.3308,13.1697,26.6461,0.9618,0.9643,0.9661,71.9886,85.9518,97.8606
2015-01-08,4209102,201501,22.8203,26.5111,31.0682,0.5162,3.842,13.3401,30.7357,0.9616,0.9631,0.9645,63.4721,83.135,97.5304
2015-01-09,4209102,201501,22.4392,26.0942,31.157,0.2511,3.0823,19.8454,24.6584,0.9609,0.963,0.9646,60.868,83.9759,99.2475
2015-01-10,4209102,201501,23.5619,27.4634,32.4493,0.0013,1.1875,4.0361,9.5001,0.9619,0.9627,0.964,55.1249,76.8263,89.1387
2015-01-11,4209102,201502,22.5984,26.2972,30.666,3.1333,5.169,10.1961,41.3522,0.9618,0.9635,0.9648,68.813,84.2429,97.9374
2015-01-12,4209102,201502,22.7945,27.9412,33.9401,0.0,1.5712,8.4569,12.5698,0.9607,0.9623,0.9635,52.856,77.6444,95.3397
2015-01-13,4209102,201502,23.6081,26.0506,28.267,1.769,6.1244,13.9863,48.9955,0.9622,0.9639,0.9657,76.792,86.6021,96.9745
2015-01-14,4209102,201502,22.9549,27.3378,33.2438,0.0663,1.9024,14.2451,15.2188,0.9604,0.963,0.965,55.2163,81.0419,96.7191
2015-01-15,4209102,201502,22.9629,26.0289,29.9718,1.029,3.0801,7.3575,24.6409,0.9628,0.9647,0.9657,69.3962,83.1569,93.9391
2015-01-16,4209102,201502,22.2663,25.3647,29.0035,0.478,1.8463,8.3102,14.7703,0.963,0.9659,0.9677,63.7067,82.7541,96.6815
2015-01-17,4209102,201502,23.7495,26.9004,32.5298,0.003,1.3476,7.2474,10.7807,0.9604,0.963,0.9651,60.2905,83.2151,97.4896
2015-01-18,4209102,201503,22.8615,25.9523,31.1101,0.0,1.9537,9.1097,15.6298,0.9617,0.9631,0.9645,63.5061,84.0016,97.9177
2015-01-19,4209102,201503,23.2528,25.9241,30.0593,4.8865,8.7576,15.6624,70.0609,0.9623,0.9642,0.9656,67.9929,85.9069,97.3773
2015-01-20,4209102,201503,22.5944,25.7318,29.5581,2.0004,9.8062,16.4918,78.4493,0.9611,0.9632,0.9643,71.0443,87.0817,98.8817
2015-01-21,4209102,201503,21.7439,23.6828,26.8482,2.0628,10.171,28.2231,81.368,0.9619,0.9636,0.9662,76.4576,88.9393,97.1351
2015-01-22,4209102,201503,19.5575,21.0569,22.834,0.0462,5.1379,22.1143,41.1034,0.9673,0.9683,0.9691,79.5175,83.4607,90.9098
2015-01-23,4209102,201503,18.3253,21.6305,25.4655,0.1322,1.2598,8.0458,10.0784,0.9651,0.968,0.9697,54.24,72.2829,86.173
2015-01-24,4209102,201503,19.1905,22.8834,27.4678,0.0868,0.3198,0.8199,2.5586,0.9617,0.9645,0.9663,61.6313,80.2596,96.3945
2015-01-25,4209102,201504,20.8209,24.1471,28.6498,0.0152,1.8019,6.6036,14.4152,0.9609,0.9627,0.9641,68.4039,84.95,96.7109
2015-01-26,4209102,201504,20.6011,24.8002,29.3575,0.0047,3.3894,10.0076,27.1152,0.9601,0.9621,0.9632,66.3567,84.2822,97.6284
2015-01-27,4209102,201504,21.296,24.8155,27.8563,0.1948,6.6295,19.1577,53.0362,0.9618,0.9627,0.9641,78.2558,87.8749,98.2691
2015-01-28,4209102,201504,21.6271,24.7787,28.1723,0.0526,6.4035,19.338,51.2277,0.96,0.962,0.9637,72.9633,86.1382,96.8335
2015-01-29,4209102,201504,23.3552,26.1944,30.8005,0.0061,3.0611,16.4161,24.4889,0.9578,0.96,0.9618,54.5302,76.6108,90.0501
2015-01-30,4209102,201504,19.5127,20.4041,23.3852,5.4047,11.8798,18.8805,95.0388,0.9623,0.9659,0.968,84.6142,90.0294,94.3971
2015-01-31,4209102,201504,19.2237,20.835,23.266,0.3524,3.1516,19.4226,25.2126,0.9679,0.9689,0.9703,68.5208,82.2847,92.3374
2015-02-01,4209102,201505,19.6054,22.1239,25.0363,0.0119,0.7106,2.288,5.6847,0.9661,0.9674,0.9688,72.5488,83.4805,92.3334
2015-02-02,4209102,201505,20.4456,23.2033,26.5726,0.0354,1.1154,3.3578,8.9234,0.9636,0.9657,0.967,71.618,85.9372,98.5537
2015-02-03,4209102,201505,21.1931,23.3813,27.2079,0.2157,2.9514,10.9783,23.6116,0.9609,0.9634,0.9653,73.1318,87.5467,97.9204
2015-02-04,4209102,201505,20.6982,22.4392,25.9056,0.6741,12.0688,36.0922,96.5503,0.9577,0.9603,0.9625,81.4437,92.873,99.0297
2015-02-05,4209102,201505,20.41,21.2245,22.797,2.6427,35.586,58.3424,284.6883,0.9567,0.9581,0.9598,82.6543,93.9992,97.8089
2015-02-06,4209102,201505,18.5628,21.9303,25.8622,0.0812,7.865,59.1441,62.9199,0.9568,0.9579,0.9593,70.9383,82.9007,95.549
2015-02-07,4209102,201505,18.9554,22.5555,26.4496,0.5111,1.3039,3.1182,10.4311,0.9574,0.9584,0.9594,67.1366,82.3051,94.5739
2015-02-08,4209102,201506,20.22,22.983,26.463,0.7416,2.0152,3.8445,16.1219,0.9604,0.9613,0.9628,74.7248,85.401,96.6925
2015-02-09,4209102,201506,20.6354,24.1039,28.8097,0.0504,0.5802,2.9399,4.6413,0.9599,0.962,0.9636,61.262,81.0883,96.2145
2015-02-10,4209102,201506,21.5467,24.8566,28.2087,0.0263,0.5678,1.5786,4.5426,0.9612,0.9622,0.9636,67.4948,84.5848,98.0388
2015-02-11,4209102,201506,22.1507,25.7146,30.177,0.0001,2.5475,13.4743,20.3797,0.9618,0.9631,0.9646,68.3001,85.7571,97.1393
2015-02-12,4209102,201506,22.6798,26.1058,30.9711,0.4009,4.5871,19.5027,36.697,0.9624,0.9632,0.9642,66.3188,85.7731,98.3927
2015-02-13,4209102,201506,23.4258,25.1937,27.4863,0.0016,5.3387,13.4385,42.7099,0.964,0.9647,0.9658,78.0798,88.4369,96.1326
2015-02-14,4209102,201506,20.886,22.2013,23.0209,3.3485,27.4733,68.3079,219.7866,0.9643,0.9652,0.966,91.5538,95.2462,98.8135
2015-02-15,4209102,201507,20.0173,20.6636,21.8107,4.3183,19.4821,78.8919,155.8566,0.9646,0.9656,0.967,78.7426,91.2241,96.8434
2015-02-16,4209102,201507,17.8535,20.5881,23.6068,0.007,2.3507,14.5625,18.8056,0.964,0.965,0.9658,70.2673,82.1572,89.1798
2015-02-17,4209102,201507,19.7323,20.4633,21.354,1.1752,6.3476,16.0988,50.7811,0.9626,0.9645,0.9659,87.9632,93.4847,97.3113
2015-02-18,4209102,201507,19.1029,20.9448,23.5019,0.4443,7.9036,19.2995,63.2291,0.9578,0.9605,0.9634,79.489,90.4186,96.8594
2015-02-19,4209102,201507,20.6423,23.9577,29.2653,0.2337,2.4365,12.2525,19.4922,0.9563,0.9583,0.9596,65.1446,84.3032,97.3324
2015-02-20,4209102,201507,22.1538,24.8739,28.8066,0.0113,6.9276,28.8048,55.4208,0.9593,0.9609,0.9628,68.5338,84.7357,93.3683
2015-02-21,4209102,201507,21.9298,23.1556,25.3522,3.8662,17.4336,32.4047,139.4688,0.9652,0.967,0.9688,82.8994,93.1417,98.9421
2015-02-22,4209102,201508,21.8531,24.1981,28.0878,0.2104,2.99,21.4184,23.9203,0.9664,0.9687,0.9702,61.2133,84.4538,98.7546
2015-02-23,4209102,201508,20.9959,24.2479,29.0024,0.0858,0.1805,0.4907,1.4442,0.9645,0.9669,0.9685,58.3141,83.3021,99.0192
2015-02-24,4209102,201508,21.5551,23.6666,26.8813,0.4207,7.471,13.8124,59.7678,0.9637,0.9657,0.9669,73.309,89.5174,97.6827
2015-02-25,4209102,201508,19.7041,24.3743,29.4224,0.0091,2.8779,13.9854,23.0228,0.9635,0.9652,0.9662,60.9513,84.2321,98.8801
2015-02-26,4209102,201508,20.3789,24.6487,28.9932,0.442,2.2051,5.5468,17.6404,0.9598,0.9633,0.9658,73.5946,86.8035,98.3523
2015-02-27,4209102,201508,21.5373,24.9171,30.6624,2.1434,5.8014,18.9802,46.4111,0.9577,0.9607,0.9626,60.4152,84.2013,96.3144
2015-02-28,4209102,201508,21.4074,22.5387,24.1191,0.6105,5.8492,20.3997,46.7933,0.9617,0.9647,0.967,78.89,87.8005,96.1814
2015-03-01,4209102,201509,19.4613,21.7617,25.0093,0.8912,2.3718,8.8812,18.9741,0.9679,0.9689,0.9703,55.8328,74.8693,88.9712
2015-03-02,4209102,201509,19.8272,22.101,25.1952,0.0057,0.3543,1.6304,2.8346,0.9649,0.9679,0.97,65.5339,76.4099,86.2647
2015-03-03,4209102,201509,19.4684,22.8323,26.7445,0.1045,0.2231,0.6465,1.7851,0.9642,0.9661,0.9676,62.2289,82.2828,97.2347
2015-03-04,4209102,201509,19.3939,22.8993,26.7313,0.0353,0.1123,0.2408,0.8988,0.9635,0.9656,0.9672,62.8893,83.2309,98.2802
2015-03-05,4209102,201509,21.2027,23.9234,27.7792,0.0141,1.6963,7.7369,13.5705,0.9618,0.964,0.9662,69.0959,86.6274,98.0474
2015-03-06,4209102,201509,21.5375,23.0138,24.6567,5.7803,16.2919,29.5906,130.3354,0.962,0.9628,0.9638,83.2656,93.5594,98.7481
2015-03-07,4209102,201509,20.2079,22.444,25.4186,0.9087,5.1709,31.965,41.3673,0.9624,0.9635,0.9645,72.5888,86.3538,97.5434
2015-03-08,4209102,201510,20.8861,22.2331,24.8375,0.6774,2.8301,6.3106,22.6409,0.9627,0.9636,0.9645,84.266,91.6985,97.4452
2015-03-09,4209102,201510,20.8064,22.178,25.3739,0.7983,7.2434,20.6047,57.9469,0.9607,0.9623,0.9636,83.1544,92.4096,97.1448
2015-03-10,4209102,201510,20.8511,23.039,27.7091,0.6389,5.3851,21.1282,43.0809,0.9574,0.96,0.9621,65.6701,86.3376,97.2334
2015-03-11,4209102,201510,19.7539,21.6492,24.4471,0.0686,10.0346,23.0452,80.277,0.9578,0.9591,0.96,78.7333,89.6514,94.9996
2015-03-12,4209102,201510,19.5601,22.9938,26.7215,0.504,3.6571,23.6676,29.2564,0.9589,0.9603,0.9618,69.0025,83.153,94.5712
2015-03-13,4209102,201510,20.9015,22.8616,25.9391,0.8072,2.6926,6.05,21.5405,0.9613,0.9621,0.9637,87.4462,92.1031,97.01
2015-03-14,4209102,201510,21.6601,23.6718,27.049,0.2622,3.0772,8.1789,24.6173,0.9619,0.9631,0.9646,74.0086,89.1192,98.1026
2015-03-15,4209102,201511,20.4605,23.4473,27.1003,0.0098,3.6956,11.549,29.5647,0.962,0.9632,0.9647,74.9794,90.0908,99.5299
2015-03-16,4209102,201511,20.0669,22.3441,25.8384,0.1788,4.5151,13.4758,36.1204,0.9618,0.9636,0.9653,82.8895,92.1767,98.481
2015-03-17,4209102,201511,20.3351,21.4746,23.1077,0.2351,2.514,11.6373,20.1119,0.9643,0.9656,0.9671,77.3132,89.5294,96.3984
2015-03-18,4209102,201511,19.6959,20.9873,21.9191,0.24,1.7387,3.4079,13.9098,0.9667,0.9674,0.9685,82.2705,88.7542,95.1066
2015-03-19,4209102,201511,19.0866,21.0064,22.742,0.0504,0.5527,3.4388,4.4213,0.9665,0.9679,0.969,76.1993,84.7447,93.5221
2015-03-20,4209102,201511,19.6414,21.6964,24.7517,0.3482,2.3398,7.2021,18.7187,0.9616,0.9646,0.9676,76.6312,88.5903,97.3864
2015-03-21,4209102,201511,19.339,22.6401,28.3588,0.0034,1.4211,7.2441,11.3687,0.9579,0.9609,0.9633,54.8651,83.4792,98.513
2015-03-22,4209102,201512,18.5706,19.698,20.4869,2.411,5.4956,6.8973,43.9651,0.9621,0.9636,0.9652,77.0134,86.8456,95.3943
2015-03-23,4209102,201512,17.7519,18.9282,20.5978,0.1283,2.7051,7.1662,21.6405,0.9669,0.968,0.9695,83.9494,87.6601,91.0502
2015-03-24,4209102,201512,17.8313,20.3805,23.7564,0.898,3.3114,5.7929,26.4909,0.9692,0.9701,0.972,80.0005,90.0221,98.7737
2015-03-25,4209102,201512,18.0274,21.2373,25.3265,0.0742,0.7119,4.7219,5.6953,0.9661,0.9694,0.971,63.4554,83.0773,98.3143
2015-03-26,4209102,201512,18.2449,22.1923,28.3894,0.0007,0.0293,0.2007,0.2342,0.9616,0.9643,0.9666,59.799,83.2728,97.2101
2015-03-27,4209102,201512,20.5931,21.0852,21.9296,0.4789,2.8316,7.3304,22.6532,0.9647,0.9663,0.9681,92.4767,94.6214,96.6609
2015-03-28,4209102,201512,19.8241,20.2407,20.7571,1.6529,6.08,9.7012,48.6403,0.9676,0.9688,0.9703,94.5056,96.456,97.8122
2015-03-29,4209102,201513,19.4244,19.7882,19.9635,3.0427,23.7185,43.9746,189.7479,0.9655,0.967,0.9685,95.5824,97.2964,98.8321
2015-03-30,4209102,201513,19.2726,21.4153,24.6981,0.8766,10.4661,47.4374,83.7285,0.9597,0.963,0.9665,83.9592,92.0811,98.3321
2015-03-31,4209102,201513,17.2438,22.1803,27.9992,0.0,1.4724,11.7785,11.7793,0.9608,0.9619,0.9634,46.9106,78.1502,96.4048
2015-04-01,4209102,201513,17.2788,21.4717,24.8661,0.0009,0.3563,1.0712,2.8506,0.9641,0.9653,0.9666,65.0835,82.1355,96.3522
2015-04-02,4209102,201513,16.8765,20.3994,23.8592,0.0254,0.245,1.1089,1.9601,0.9662,0.9677,0.9693,66.7464,84.9063,98.1824
2015-04-03,4209102,201513,17.0736,20.6244,24.6177,0.0136,0.0739,0.3669,0.5912,0.9638,0.9663,0.9677,63.8626,84.3133,97.6662
2015-04-04,4209102,201513,17.7452,21.0165,25.5657,0.0106,0.0294,0.0545,0.235,0.9602,0.9635,0.9655,57.5794,82.6682,97.2385
2015-04-05,4209102,201514,19.628,20.6961,22.4352,0.0175,7.3964,24.1826,59.1711,0.9557,0.9596,0.9625,87.8349,93.5666,97.3835
2015-04-06,4209102,201514,18.8513,20.6243,23.1015,0.2027,5.5333,24.8654,44.2662,0.9573,0.9602,0.9642,65.4221,83.9905,97.6277
2015-04-07,4209102,201514,14.7877,17.7412,20.2615,0.0069,0.68,4.3922,5.4402,0.9664,0.9676,0.9695,64.2289,76.7816,88.702
2015-04-08,4209102,201514,14.7523,18.1004,21.9732,0.0194,0.1694,0.4895,1.3551,0.9681,0.9691,0.9703,61.334,79.7157,93.3659
2015-04-09,4209102,201514,15.2212,18.7992,22.4667,0.0065,0.3383,1.0857,2.7061,0.9686,0.9693,0.9709,70.9937,84.0716,95.7758
2015-04-10,4209102,201514,18.218,20.1265,23.4195,0.0572,0.5553,1.2049,4.4424,0.9691,0.9701,0.9714,71.8678,87.8247,97.1441
2015-04-11,4209102,201514,17.7336,21.0423,25.9797,0.0145,0.1709,1.2221,1.3671,0.9659,0.9683,0.9698,59.7309,83.6586,98.3738
2015-04-12,4209102,201515,16.7885,20.1502,24.6567,0.0007,0.006,0.0244,0.0484,0.9659,0.9668,0.9679,62.8457,86.249,99.5822
2015-04-13,4209102,201515,17.4786,20.2946,23.4326,0.0772,0.4798,0.6912,3.8384,0.9672,0.9685,0.9699,67.3388,85.9423,97.9241
2015-04-14,4209102,201515,18.041,20.9045,24.5911,0.0251,0.3001,1.2133,2.4009,0.9648,0.967,0.9683,63.0523,84.0437,97.7588
2015-04-15,4209102,201515,18.2071,20.7742,23.3857,0.0005,0.767,2.3781,6.1363,0.9625,0.9646,0.9662,76.7661,89.5079,98.6477
2015-04-16,4209102,201515,18.9666,21.0939,23.898,0.0774,1.0018,2.9591,8.0142,0.9636,0.9647,0.966,77.9571,89.6395,98.3287
2015-04-17,4209102,201515,19.0601,20.6164,22.9705,2.4228,8.1147,13.8601,64.9177,0.966,0.9674,0.9688,83.778,92.228,98.0831
2015-04-18,4209102,201515,19.6425,22.1089,26.0974,0.1336,2.1559,14.1111,17.2473,0.9621,0.9644,0.9668,70.1289,88.1861,97.8136
2015-04-19,4209102,201516,20.1057,20.9884,22.0955,1.2964,3.0922,4.5658,24.738,0.9631,0.9642,0.9655,87.0441,93.0341,97.8993
2015-04-20,4209102,201516,20.3698,22.2682,25.4432,0.0287,4.1912,12.6814,33.5299,0.9597,0.9627,0.9648,81.2818,92.941,98.0984
2015-04-21,4209102,201516,21.0222,22.0269,23.306,0.001,2.2077,12.6814,17.6612,0.9594,0.9622,0.9647,78.029,88.7188,96.9647
2015-04-22,4209102,201516,18.281,18.7625,19.8961,0.5573,11.6759,30.1439,93.4076,0.9663,0.9672,0.9683,88.8375,94.0817,96.5042
2015-04-23,4209102,201516,17.4311,18.0472,18.7448,1.0277,8.195,32.7361,65.5604,0.9685,0.9695,0.9704,91.4801,94.5571,96.9893
2015-04-24,4209102,201516,18.0153,19.9659,23.6406,0.7829,2.999,10.316,23.992,0.9666,0.9683,0.9698,70.6301,88.729,97.9344
2015-04-25,4209102,201516,16.0548,19.3137,22.6179,0.5752,0.9389,3.2691,7.5113,0.9685,0.9693,0.9707,62.8315,83.32,96.4352
2015-04-26,4209102,201517,16.1607,18.5881,21.8074,0.2995,0.8792,1.5167,7.034,0.9692,0.9704,0.9716,71.939,86.5609,96.3733
2015-04-27,4209102,201517,17.4009,19.5401,22.8749,0.1487,0.6547,1.6595,5.2373,0.9662,0.9687,0.97,70.3453,87.5326,97.0838
2015-04-28,4209102,201517,16.9585,19.4693,22.781,0.1881,0.7563,1.8466,6.0507,0.9658,0.9671,0.968,73.3052,88.5048,98.6274
2015-04-29,4209102,201517,15.2378,17.4126,19.1819,0.1505,1.5977,4.7876,12.7815,0.9683,0.9693,0.9707,81.2071,87.8354,94.3639
2015-04-30,4209102,201517,15.6722,16.5308,18.4248,2.6019,4.2493,6.7922,33.9947,0.9686,0.9703,0.9718,69.6642,84.7622,94.5329
2015-05-01,4209102,201517,13.0265,17.2019,21.0927,0.0009,0.5817,4.3791,4.6536,0.9659,0.9682,0.9696,62.0875,82.6788,96.5942
2015-05-02,4209102,201517,14.2185,17.6734,22.2735,0.003,0.0245,0.1583,0.1961,0.9636,0.9658,0.9672,62.7137,85.1336,98.4385
2015-05-03,4209102,201518,15.2297,18.7144,24.3011,0.0004,0.0055,0.0147,0.0442,0.9599,0.963,0.965,68.6579,87.0149,96.9965
2015-05-04,4209102,201518,18.4232,19.6117,21.3076,1.0613,22.2782,31.3871,178.2257,0.959,0.9614,0.9649,81.3659,91.3648,96.7916
2015-05-05,4209102,201518,16.0957,16.7586,17.7778,0.5059,7.0708,32.2448,56.5662,0.9677,0.969,0.9705,80.7921,88.6792,92.4765
2015-05-06,4209102,201518,15.6515,18.1774,21.7509,0.4042,1.6101,6.6603,12.8807,0.9663,0.9687,0.9701,66.8036,85.587,97.8835
2015-05-07,4209102,201518,14.5438,16.2743,18.0042,0.0,0.8606,1.4131,6.8851,0.9662,0.9688,0.9718,71.6721,87.3141,98.7502
2015-05-08,4209102,201518,13.6234,15.701,18.6509,0.0363,0.2399,1.4173,1.9196,0.9716,0.9731,0.9748,65.3834,77.0541,86.124
2015-05-09,4209102,201518,11.3015,15.9455,21.947,0.0,0.0183,0.1461,0.1463,0.9678,0.9702,0.9721,63.3624,82.8966,95.1847
2015-05-10,4209102,201519,14.6577,15.7138,17.0862,0.0001,11.8767,36.7294,95.0139,0.9636,0.9663,0.9685,96.0955,97.4047,98.7171
2015-05-11,4209102,201519,15.5825,17.9686,21.3758,0.0286,4.9226,36.9706,39.3805,0.9612,0.9626,0.9643,66.1497,84.4341,97.9983
2015-05-12,4209102,201519,15.664,17.0028,18.5743,0.7378,1.3378,2.7401,10.7025,0.9631,0.9672,0.97,69.441,77.8691,87.3424
2015-05-13,4209102,201519,14.2578,16.4079,19.0795,0.2638,1.1347,3.0819,9.0775,0.9713,0.9723,0.9736,70.4971,86.2617,95.0481
2015-05-14,4209102,201519,14.9725,16.6703,18.7567,1.5874,3.5839,5.7999,28.671,0.971,0.9725,0.9736,80.4018,91.6022,98.4667
2015-05-15,4209102,201519,15.4126,17.4259,20.1204,0.136,1.9017,6.2415,15.2137,0.9709,0.972,0.9731,79.8152,91.2535,98.2633
2015-05-16,4209102,201519,14.9206,18.0711,21.5434,0.0843,0.5416,2.8268,4.3332,0.9716,0.973,0.9746,68.8442,88.684,99.6018
2015-05-17,4209102,201520,15.2034,17.8413,21.5543,0.1366,0.4954,0.7012,3.9631,0.9718,0.9732,0.9744,70.6316,89.5173,98.8862
2015-05-18,4209102,201520,17.0519,18.3629,20.6111,0.1647,0.9242,3.3038,7.3933,0.9712,0.9727,0.974,81.3308,93.2946,98.5677
2015-05-19,4209102,201520,17.3685,17.8983,19.0368,0.5942,4.1882,8.9272,33.5056,0.9712,0.9723,0.9734,92.5906,95.9186,97.8229
2015-05-20,4209102,201520,17.3934,18.6044,20.8721,0.2609,2.4914,9.1577,19.9311,0.9703,0.9715,0.9728,85.5839,93.8297,98.5812
2015-05-21,4209102,201520,17.6634,19.4217,22.3776,0.4114,1.0358,3.7433,8.2864,0.9711,0.9725,0.9739,71.5394,89.1642,98.9799
2015-05-22,4209102,201520,16.9177,19.3245,23.0903,0.0154,0.1461,0.8298,1.1686,0.9694,0.9716,0.973,70.0587,90.6301,99.1512
2015-05-23,4209102,201520,18.1133,20.8371,25.9753,0.0032,0.0353,0.0951,0.2826,0.964,0.9678,0.97,62.5764,87.1181,99.0252
2015-05-24,4209102,201521,18.7495,21.7749,26.4426,0.0,0.0729,0.5063,0.5828,0.9611,0.9628,0.9642,66.8302,82.3349,91.3445
2015-05-25,4209102,201521,18.7684,19.5503,20.2352,0.0475,8.3963,18.0647,67.1707,0.9646,0.9659,0.9674,96.8946,97.9917,98.5992
2015-05-26,4209102,201521,18.3055,18.7914,19.4787,0.2412,6.8199,18.4854,54.5595,0.9674,0.9686,0.9695,96.201,96.8885,98.6489
2015-05-27,4209102,201521,18.9911,20.0111,22.7567,3.3853,12.3743,18.3635,98.9945,0.9617,0.9649,0.968,82.6225,95.8001,99.062
2015-05-28,4209102,201521,18.1631,19.157,20.7997,0.0001,2.3548,18.8339,18.8382,0.96,0.9613,0.9621,59.7166,76.0812,94.5223
2015-05-29,4209102,201521,12.4546,15.8072,19.1043,0.0,0.0868,0.3434,0.6947,0.9621,0.9636,0.9649,64.5947,80.1883,91.7973
2015-05-30,4209102,201521,10.0212,14.8192,20.2259,0.0021,0.0535,0.3434,0.4281,0.9638,0.9646,0.9656,59.7488,82.2192,95.5173
2015-05-31,4209102,201522,11.2733,14.9663,19.4021,0.0003,0.0109,0.0342,0.0873,0.9658,0.9673,0.9688,68.8868,83.9345,93.7523
2015-06-01,4209102,201522,12.2781,15.2613,19.2335,0.0007,0.0099,0.0227,0.0791,0.9693,0.9708,0.9727,68.9491,88.0428,99.0112
2015-06-02,4209102,201522,12.4151,15.7158,19.9821,0.0277,0.2995,0.3852,2.3964,0.9696,0.9716,0.9732,61.3177,85.4669,99.0416
2015-06-03,4209102,201522,12.8616,16.4412,22.3412,0.0001,0.0556,0.3852,0.4445,0.9685,0.9702,0.9717,61.3639,85.161,96.4028
2015-06-04,4209102,201522,12.8787,17.3878,23.5676,0.0,0.0026,0.0154,0.0211,0.9699,0.9708,0.9722,62.019,85.4751,98.1178
2015-06-05,4209102,201522,12.5128,17.6582,23.2499,0.0,0.0002,0.0016,0.0016,0.9683,0.9709,0.9728,62.1893,83.7394,93.7318
2015-06-06,4209102,201522,14.7167,18.8169,25.436,0.0004,0.006,0.0101,0.0476,0.9641,0.967,0.9693,58.4913,83.5281,97.9694
2015-06-07,4209102,201523,15.0645,19.9678,26.3099,0.0,0.0013,0.0101,0.0101,0.9647,0.9662,0.9677,55.9492,77.6765,89.4564
2015-06-08,4209102,201523,16.0926,20.5701,26.8568,0.0,0.0,0.0,0.0,0.9649,0.9667,0.9679,48.373,75.0328,88.3463
2015-06-09,4209102,201523,16.2317,20.6121,26.6668,0.0,0.0001,0.0009,0.0009,0.964,0.9652,0.9664,50.7243,75.3323,89.2789
2015-06-10,4209102,201523,16.1366,20.6846,27.3457,0.0,0.0027,0.0101,0.022,0.9622,0.9642,0.9655,52.2421,71.5138,83.2525
2015-06-11,4209102,201523,17.6124,21.5034,27.0486,0.0,0.0027,0.0101,0.0214,0.9597,0.9625,0.9643,59.647,76.7817,87.0251
2015-06-12,4209102,201523,13.0647,15.2526,20.1139,1.7354,19.5888,36.5393,156.7105,0.9646,0.9685,0.9704,72.0685,85.9383,93.1012
2015-06-13,4209102,201523,12.9068,15.5105,20.2767,3.8716,14.1778,43.1212,113.4221,0.9612,0.9655,0.9692,82.4058,92.206,96.8665
2015-06-14,4209102,201524,16.0433,20.0888,26.0984,0.003,2.0208,13.5255,16.1661,0.9545,0.958,0.962,65.1204,84.0215,96.7132
2015-06-15,4209102,201524,14.0339,16.0516,19.2111,8.7531,13.3106,14.8629,106.485,0.9595,0.9646,0.9677,47.4324,74.7444,95.2205
2015-06-16,4209102,201524,6.7386,11.6573,16.8839,0.0,1.8579,14.8629,14.863,0.9686,0.9698,0.9714,54.557,75.3324,86.1136
2015-06-17,4209102,201524,9.7788,14.138,19.6583,0.0,0.1675,0.4757,1.3403,0.966,0.9682,0.9696,72.0609,85.4617,96.4005
2015-06-18,4209102,201524,13.4423,14.6951,17.5662,0.0,9.228,31.8463,73.824,0.9612,0.9649,0.9699,88.1795,93.2361,95.2933
2015-06-19,4209102,201524,10.783,12.1463,13.1315,0.2515,4.5584,31.9513,36.4673,0.9723,0.9763,0.9791,58.355,78.6472,95.6384
2015-06-20,4209102,201524,11.0452,12.9617,16.415,0.1387,0.2756,0.7368,2.205,0.9753,0.9774,0.9791,79.5432,85.9298,90.4431
2015-06-21,4209102,201525,13.1455,16.4183,21.6774,0.0366,0.1511,0.3949,1.2091,0.9713,0.974,0.976,70.7025,88.699,98.26
2015-06-22,4209102,201525,13.4704,18.1375,24.6268,0.0005,0.0595,0.4705,0.4758,0.9698,0.9717,0.9727,67.5416,87.4571,97.8506
2015-06-23,4209102,201525,14.879,16.7682,19.1923,0.0001,0.2265,1.109,1.8123,0.9703,0.9725,0.9756,82.4257,89.4508,96.2899
2015-06-24,4209102,201525,10.9935,12.4821,13.947,0.1793,0.6796,1.7386,5.4364,0.9776,0.9795,0.9811,74.3051,79.5388,88.1431
2015-06-25,4209102,201525,12.2111,14.0712,17.0194,0.0256,0.3845,0.7916,3.0759,0.9796,0.9806,0.9815,70.5691,84.572,92.4791
2015-06-26,4209102,201525,13.2774,15.158,17.8031,0.1663,0.7151,1.2675,5.7204,0.9796,0.9808,0.9819,76.8799,88.5879,96.5043
2015-06-27,4209102,201525,13.2556,15.7986,19.655,0.0214,0.2555,1.2947,2.0443,0.9751,0.9781,0.9798,66.3815,88.349,98.7662
2015-06-28,4209102,201526,11.8584,15.5597,20.7161,0.0015,0.0296,0.2045,0.237,0.9702,0.9735,0.9756,65.2407,87.5653,98.7895
2015-06-29,4209102,201526,12.5454,16.0092,21.7065,0.0013,0.0073,0.011,0.0585,0.9668,0.9695,0.9712,65.7651,86.9743,99.1833
2015-06-30,4209102,201526,13.0908,17.5078,24.1609,0.0,0.3324,2.4687,2.6589,0.9621,0.9653,0.9675,63.888,84.3583,96.4562
2015-07-01,4209102,201526,14.7563,17.4057,20.9107,0.6982,1.3506,4.4058,10.8047,0.9648,0.9671,0.9695,68.7272,88.0165,95.1164
2015-07-02,4209102,201526,14.6114,15.5229,16.5225,1.0304,2.3079,2.7762,18.4633,0.9675,0.9704,0.9719,80.6649,90.5891,95.983
2015-07-03,4209102,201526,15.076,17.1672,21.1019,2.949,14.9756,23.2736,119.8046,0.9592,0.9635,0.9677,78.2624,90.5419,96.9415
2015-07-04,4209102,201526,13.8047,15.8657,17.8152,0.5176,3.7212,25.9443,29.77,0.9603,0.9643,0.969,44.0712,75.1602,96.1708
2015-07-05,4209102,201527,9.0043,12.1743,14.6461,0.0,0.0732,0.5524,0.5855,0.9715,0.9728,0.9743,60.3381,74.1173,82.3314
2015-07-06,4209102,201527,12.8683,14.1175,16.3519,0.1279,0.9265,1.762,7.4121,0.9693,0.9712,0.9724,86.4174,90.9821,95.1401
2015-07-07,4209102,201527,14.9672,16.834,19.7,1.4873,6.2202,12.4683,49.7613,0.965,0.9676,0.9702,83.8623,94.4165,98.7933
2015-07-08,4209102,201527,16.2839,16.8708,17.6405,1.4611,8.7359,15.5723,69.8873,0.9618,0.9645,0.9663,95.8795,98.2464,99.1967
2015-07-09,4209102,201527,15.4195,17.7973,21.8109,0.0005,1.7913,14.1613,14.3306,0.9614,0.9628,0.9649,52.9547,77.2618,96.5367
2015-07-10,4209102,201527,11.2311,15.5982,20.7571,0.0,0.0097,0.0598,0.0779,0.9666,0.9687,0.9703,67.5516,83.2951,93.3006
2015-07-11,4209102,201527,15.018,16.9239,19.5595,0.2819,10.1877,14.0106,81.5012,0.9654,0.9673,0.9697,86.4406,93.3943,98.8829
2015-07-12,4209102,201528,14.7871,18.3139,23.299,0.0065,1.8872,14.0107,15.0977,0.9617,0.965,0.9667,73.8207,89.4664,97.0239
2015-07-13,4209102,201528,15.4773,20.0044,26.1523,0.2456,0.3522,0.9687,2.8173,0.959,0.9618,0.9641,69.1135,85.3409,97.2873
2015-07-14,4209102,201528,19.7019,22.1953,25.9699,0.0,0.0473,0.3138,0.3781,0.9608,0.9621,0.9643,67.1418,77.2583,82.1013
2015-07-15,4209102,201528,16.3399,18.3195,21.624,0.0065,2.1026,4.6803,16.8209,0.9668,0.9698,0.972,83.7801,92.7348,98.6439
2015-07-16,4209102,201528,15.437,16.621,18.3243,0.064,1.1612,6.4391,9.2898,0.9702,0.9713,0.9722,89.6297,94.7881,98.0894
2015-07-17,4209102,201528,15.9152,18.1369,22.8579,2.2855,20.8165,31.2695,166.5318,0.9679,0.9708,0.9726,71.6395,91.6734,99.0953
2015-07-18,4209102,201528,15.1446,17.6188,20.1112,0.0023,4.0343,31.2695,32.2744,0.9691,0.9706,0.9721,76.3333,88.739,95.5306
2015-07-19,4209102,201529,15.6915,18.5241,23.9001,0.018,0.0724,0.3313,0.5788,0.9663,0.9698,0.9725,65.3793,86.8989,97.6287
2015-07-20,4209102,201529,15.4029,20.0867,26.904,0.0011,0.0093,0.0437,0.0743,0.9612,0.9651,0.9676,50.596,78.239,93.904
2015-07-21,4209102,201529,14.9772,17.6264,20.4355,0.0055,9.8407,14.2179,78.7254,0.9611,0.9656,0.9695,63.5492,76.1556,91.376
2015-07-22,4209102,201529,13.0219,13.8401,14.5825,0.5015,2.6376,14.6525,21.1007,0.9716,0.9735,0.9753,78.3353,84.0641,88.9735
2015-07-23,4209102,201529,12.9392,13.9825,15.6166,1.0238,3.1014,8.3432,24.8111,0.9738,0.9748,0.9757,87.6241,93.5898,97.1624
2015-07-24,4209102,201529,14.1332,15.3293,17.3868,1.0788,8.4118,23.1064,67.2944,0.9672,0.9701,0.9733,94.0275,96.5974,98.1524
2015-07-25,4209102,201529,14.0496,15.9374,18.5782,0.2802,3.5059,24.3629,28.0472,0.9681,0.9694,0.9708,65.3234,84.3353,96.5661
2015-07-26,4209102,201530,11.0337,15.6665,20.165,0.0,0.0955,0.7371,0.7642,0.9666,0.9682,0.9695,60.6691,82.5884,96.4354
2015-07-27,4209102,201530,11.7318,15.836,21.496,0.0,0.0037,0.0193,0.0295,0.9664,0.9682,0.9694,63.7804,86.8929,99.0816
2015-07-28,4209102,201530,11.8406,15.8752,21.8364,0.0,0.0071,0.0128,0.0571,0.9681,0.9688,0.9703,64.8698,87.7637,99.1612
2015-07-29,4209102,201530,12.2055,16.8519,23.1286,0.0,0.0118,0.0187,0.0947,0.9692,0.9706,0.9724,64.8589,84.2962,96.6203
2015-07-30,4209102,201530,13.0764,17.5972,22.6384,0.0,0.0111,0.0187,0.0887,0.9693,0.9712,0.9726,63.4181,85.0642,95.814
2015-07-31,4209102,201530,13.7868,17.1393,22.7592,0.0043,0.0764,0.1168,0.6112,0.9682,0.9702,0.9712,63.4892,86.1596,99.5581
2015-08-01,4209102,201530,14.6163,18.6559,25.8959,0.0,0.0147,0.1177,0.1177,0.9681,0.9689,0.9698,55.8889,81.4515,94.9888
2015-08-02,4209102,201531,13.272,18.3707,25.0298,0.0,0.0027,0.0052,0.0215,0.9636,0.9669,0.969,61.1008,84.4273,98.1254
2015-08-03,4209102,201531,15.2887,20.5889,28.4178,0.0,0.001,0.0065,0.0082,0.9639,0.9652,0.9668,44.897,71.4866,89.5643
2015-08-04,4209102,201531,15.969,19.4015,23.4006,0.0,0.0045,0.0128,0.0357,0.9659,0.9685,0.9703,70.8206,83.0329,91.8044
2015-08-05,4209102,201531,17.1795,18.7891,21.5171,0.1427,0.3597,0.5313,2.8774,0.9665,0.9689,0.9701,74.188,90.7499,98.9529
2015-08-06,4209102,201531,16.9164,19.3034,24.2093,0.0244,0.1967,0.532,1.5733,0.963,0.966,0.968,66.4093,89.1201,99.0616
2015-08-07,4209102,201531,17.2391,20.1056,25.4349,0.0035,0.2462,0.3529,1.97,0.9634,0.9646,0.9658,64.4537,87.1903,98.3062
2015-08-08,4209102,201531,17.6098,20.1533,24.1591,0.0619,0.3022,0.3999,2.4175,0.9664,0.9676,0.9691,71.6118,90.3017,98.9518
2015-08-09,4209102,201532,17.9162,19.6267,22.8407,0.1085,0.5389,0.9495,4.311,0.9681,0.9698,0.9716,68.6808,88.571,99.2301
2015-08-10,4209102,201532,18.0057,20.1459,24.9921,0.4205,0.833,1.2187,6.6639,0.969,0.9706,0.9716,62.5937,86.7362,96.6867
2015-08-11,4209102,201532,18.0351,19.5629,22.3504,0.0873,0.3847,0.9234,3.0777,0.9709,0.9721,0.9738,72.4926,90.0635,98.9199
2015-08-12,4209102,201532,16.4257,19.1572,23.4148,0.13,0.2822,0.5337,2.2575,0.9692,0.9719,0.9736,64.6374,86.6024,98.5531
2015-08-13,4209102,201532,16.9103,19.3598,23.9005,0.0069,0.1825,0.2851,1.4598,0.9692,0.9706,0.9714,68.2509,88.661,99.1765
2015-08-14,4209102,201532,16.2538,18.8781,22.8264,0.0008,0.0913,0.2258,0.7302,0.9681,0.9704,0.9718,68.6526,87.9428,99.0313
2015-08-15,4209102,201532,15.8936,19.7619,25.7066,0.0063,0.0528,0.1228,0.4224,0.9665,0.9684,0.9702,57.9479,85.2125,98.7663
2015-08-16,4209102,201533,16.4163,19.1988,22.1898,0.0006,0.1491,0.3808,1.1927,0.9684,0.9706,0.9728,75.6149,86.455,92.4694
2015-08-17,4209102,201533,16.8594,19.1282,23.1036,0.2564,0.497,0.7316,3.9759,0.9682,0.9715,0.9741,65.2557,86.7029,97.1025
2015-08-18,4209102,201533,16.9948,20.3635,26.3551,0.0114,0.111,0.5352,0.8879,0.9618,0.9666,0.9695,57.0953,84.3948,98.9802
2015-08-19,4209102,201533,17.7853,19.9647,22.8237,0.1106,0.1944,0.3103,1.5551,0.9608,0.9626,0.9641,47.5091,68.9818,87.659
2015-08-20,4209102,201533,12.4366,16.3378,18.7085,0.0066,0.2029,0.8335,1.6236,0.9662,0.9691,0.9713,63.7978,78.1119,92.6295
2015-08-21,4209102,201533,13.8364,15.4728,18.208,0.0473,0.2685,1.009,2.1484,0.969,0.9714,0.9733,73.5087,80.49,85.7219
2015-08-22,4209102,201533,14.1936,17.2336,22.2447,0.0078,0.0621,0.3826,0.497,0.9647,0.9675,0.9694,62.8912,85.2277,97.0593
2015-08-23,4209102,201534,14.9394,18.5662,24.224,0.0,0.1236,0.9299,0.9891,0.9617,0.9636,0.9655,59.0582,80.9643,97.8155
2015-08-24,4209102,201534,14.2079,15.578,18.1364,0.1142,2.2962,4.8408,18.3693,0.9652,0.9683,0.9705,79.1348,88.5363,95.8223
2015-08-25,4209102,201534,12.9628,14.5518,16.5717,2.0673,5.4322,7.4482,43.4577,0.9677,0.9695,0.9714,87.8086,92.1521,96.6459
2015-08-26,4209102,201534,15.2864,17.4045,20.7719,0.0153,1.2586,7.4696,10.069,0.965,0.9674,0.969,76.4216,90.9221,97.9047
2015-08-27,4209102,201534,17.392,19.789,25.1818,0.202,12.2062,20.069,97.6495,0.9635,0.9649,0.9658,57.0332,85.5418,98.7308
2015-08-28,4209102,201534,12.2173,17.595,21.6922,0.1012,2.8029,20.069,22.4233,0.9671,0.9703,0.9726,57.5481,77.4723,92.4654
2015-08-29,4209102,201534,13.0252,17.6835,24.5508,0.0006,0.0488,0.3783,0.3906,0.9681,0.9708,0.9723,53.0088,79.9101,95.3864
2015-08-30,4209102,201535,13.2502,19.5104,27.6786,0.0,0.0013,0.0024,0.0103,0.9658,0.9681,0.9695,52.8372,77.8014,96.6822
2015-08-31,4209102,201535,14.8941,21.716,31.238,0.0,0.0029,0.0037,0.0229,0.9637,0.9663,0.968,36.7174,70.5251,90.4499
2015-09-01,4209102,201535,15.9841,19.5292,22.6606,0.0,0.4064,2.1626,3.2509,0.9653,0.9683,0.9727,68.2493,73.8792,85.5006
2015-09-02,4209102,201535,12.9531,14.0854,15.5989,1.057,4.3618,7.2922,34.8946,0.9702,0.9731,0.9748,83.0824,89.4502,93.493
2015-09-03,4209102,201535,14.4935,15.8679,18.1068,1.4611,9.4244,20.2742,75.3955,0.9651,0.9673,0.9703,92.8065,95.1903,97.1414
2015-09-04,4209102,201535,14.5224,16.5413,19.1596,0.9706,5.0476,21.0511,40.381,0.9647,0.967,0.9689,70.9477,88.9552,99.1762
2015-09-05,4209102,201535,14.7718,16.1743,18.6563,1.5762,5.2947,8.6568,42.3575,0.9679,0.9696,0.9709,79.7895,91.1944,97.78
2015-09-06,4209102,201536,14.7071,16.6616,18.8778,0.1484,1.8722,8.9847,14.9774,0.9618,0.9658,0.9684,76.3798,87.5579,94.9477
2015-09-07,4209102,201536,14.5092,17.7578,23.1423,0.1529,0.521,2.0479,4.1678,0.9586,0.9615,0.9632,64.6079,86.604,99.0862
2015-09-08,4209102,201536,16.6944,18.0559,20.8505,0.27,8.5933,19.7822,68.7465,0.9543,0.9566,0.9593,83.8723,91.5904,97.6129
2015-09-09,4209102,201536,14.0039,16.9549,20.7828,0.0002,2.5935,19.7822,20.7479,0.957,0.961,0.9635,66.7381,83.9979,93.1761
2015-09-10,4209102,201536,15.5833,18.6932,24.1676,0.026,0.414,2.1815,3.3121,0.9575,0.9624,0.9649,60.0178,85.0565,96.0004
2015-09-11,4209102,201536,15.0475,17.5612,20.5062,0.5693,2.9555,9.2133,23.6439,0.9574,0.9605,0.9646,73.9041,91.616,98.987
2015-09-12,4209102,201536,11.8014,14.5094,18.3383,1.6948,5.4873,12.8637,43.8987,0.9673,0.9694,0.9713,60.0862,80.021,95.8259
2015-09-13,4209102,201537,11.854,13.6119,16.0537,0.3812,3.0238,5.5556,24.1902,0.9713,0.9723,0.9739,72.2705,83.2388,89.7994
2015-09-14,4209102,201537,12.4026,15.4266,19.0507,0.0414,0.6846,3.8732,5.4772,0.9712,0.9726,0.9741,62.5409,81.3546,95.0561
2015-09-15,4209102,201537,14.107,17.3545,22.6385,0.0836,0.2643,0.506,2.1143,0.9645,0.9695,0.9728,67.5611,85.9622,97.6396
2015-09-16,4209102,201537,15.7495,21.9029,29.5542,0.002,0.0995,0.3933,0.7959,0.9583,0.9622,0.9656,60.9175,82.6959,98.8224
2015-09-17,4209102,201537,18.6354,23.0483,29.0075,0.0311,1.212,6.281,9.6957,0.9601,0.9615,0.9629,65.5242,84.3312,95.4593
2015-09-18,4209102,201537,19.088,22.9029,28.9636,0.2208,0.8642,2.0753,6.9135,0.9608,0.963,0.9644,67.1281,87.2515,96.3875
2015-09-19,4209102,201537,19.0018,21.3314,25.1494,0.0047,0.6176,2.0841,4.9405,0.9647,0.9662,0.9675,76.7835,92.1557,99.2766
2015-09-20,4209102,201538,19.1348,22.1055,27.2145,0.0388,0.2911,1.2264,2.3291,0.9629,0.9654,0.967,69.4526,87.1066,98.4084
2015-09-21,4209102,201538,17.3961,21.1996,27.5047,0.0,0.0525,0.194,0.4204,0.9621,0.965,0.9666,63.8859,86.8874,99.3199
2015-09-22,4209102,201538,18.0235,21.7002,28.2477,0.0022,0.0324,0.0672,0.2592,0.9612,0.9636,0.9649,66.2368,85.799,97.7945
2015-09-23,4209102,201538,18.3634,22.7203,28.9724,0.0478,0.0736,0.205,0.589,0.9592,0.9625,0.9649,61.9839,82.8121,95.5014
2015-09-24,4209102,201538,19.9293,25.0968,33.1523,0.003,0.0178,0.0601,0.1422,0.9566,0.9592,0.9608,48.4609,76.2003,96.8443
2015-09-25,4209102,201538,21.497,24.79,29.4955,0.0003,0.6736,2.7511,5.389,0.9579,0.9598,0.9621,65.467,79.062,89.0585
2015-09-26,4209102,201538,17.0227,18.2875,20.2454,1.8197,5.9183,15.7039,47.3463,0.9645,0.9662,0.9682,87.6902,91.7434,97.2257
2015-09-27,4209102,201539,18.4783,20.7077,24.1015,0.9192,9.1165,17.9617,72.9324,0.959,0.9621,0.9654,85.0657,93.4484,97.7079
2015-09-28,4209102,201539,18.0448,20.3674,22.9149,2.9984,9.3804,19.2158,75.0431,0.9572,0.9601,0.9625,61.9607,83.7072,97.0292
2015-09-29,4209102,201539,15.9767,18.8249,24.2547,0.0591,1.3854,9.5744,11.0834,0.9608,0.9633,0.965,62.8626,79.4467,85.7689
2015-09-30,4209102,201539,17.2083,18.6139,19.6886,0.0068,2.3388,8.1143,18.7102,0.9623,0.964,0.9655,87.5405,94.5129,97.7426
2015-10-01,4209102,201539,16.1499,17.2984,19.1594,0.7412,3.5749,8.6141,28.5992,0.9663,0.9673,0.9689,85.7303,91.3537,95.0886
2015-10-02,4209102,201539,18.189,20.8547,24.9534,0.9005,3.1294,6.2514,25.0356,0.962,0.9646,0.9671,71.6311,90.2796,99.259
2015-10-03,4209102,201539,16.8923,19.5853,21.1992,0.2236,2.457,6.4921,19.6559,0.9609,0.9635,0.9656,88.1306,93.4304,97.0968
2015-10-04,4209102,201540,14.6763,15.7504,17.1133,2.4918,4.9863,8.7022,39.8908,0.9663,0.9675,0.9686,84.8444,91.269,97.1556
2015-10-05,4209102,201540,13.9952,15.1804,16.3933,0.6748,1.8701,5.572,14.9608,0.9683,0.9697,0.9711,80.7276,87.3987,93.4179
2015-10-06,4209102,201540,14.7813,17.3976,21.593,0.0318,0.3379,1.8612,2.7032,0.9667,0.9694,0.9711,66.639,82.1924,91.5869
2015-10-07,4209102,201540,16.7019,19.7671,24.8313,0.018,0.0811,0.2752,0.6486,0.9632,0.9661,0.9681,68.3138,84.3443,95.4613
2015-10-08,4209102,201540,18.4651,21.5774,27.4054,0.0257,0.4615,2.3365,3.6924,0.9601,0.9628,0.9652,69.3821,88.7074,98.9065
2015-10-09,4209102,201540,19.172,21.4279,24.7989,2.3381,10.6425,16.9075,85.1401,0.9607,0.9621,0.9633,77.5863,92.5602,98.0684
2015-10-10,4209102,201540,18.0972,20.4254,22.2209,3.6897,12.5162,21.0375,100.1293,0.959,0.9628,0.9663,89.7805,95.4791,98.7355
2015-10-11,4209102,201541,16.6575,18.3005,20.3562,0.6449,13.0275,22.4413,104.2201,0.9634,0.9656,0.968,92.9134,96.1009,98.8757
2015-10-12,4209102,201541,18.294,20.249,23.2188,3.1598,12.9657,24.9193,103.726,0.9631,0.9644,0.9654,73.6596,89.1451,98.511
2015-10-13,4209102,201541,16.3023,17.483,19.0307,0.4011,6.5499,19.3457,52.3994,0.966,0.9676,0.9698,87.2552,92.6393,98.661
2015-10-14,4209102,201541,16.8245,18.8071,21.9962,1.5382,10.8912,16.7127,87.1294,0.9627,0.9657,0.9681,82.3524,93.0105,97.9622
2015-10-15,4209102,201541,18.6634,24.2934,32.5899,0.0408,2.1756,16.718,17.4045,0.9578,0.9608,0.9637,49.0025,81.1198,98.6053
2015-10-16,4209102,201541,19.7616,22.8601,25.415,1.0159,1.6013,2.2799,12.8105,0.9619,0.9645,0.9667,81.3222,86.843,94.078
2015-10-17,4209102,201541,15.0744,16.4724,18.0036,0.3258,1.5539,2.7492,12.4308,0.9686,0.9703,0.9725,81.8215,87.0211,91.0408
2015-10-18,4209102,201542,12.2753,14.2604,16.0148,0.3042,1.1499,3.3731,9.1992,0.9723,0.9739,0.9755,72.0458,79.9246,86.7472
2015-10-19,4209102,201542,14.1449,16.573,19.9716,0.0191,0.1976,1.0451,1.5804,0.966,0.9701,0.9734,73.1643,79.9691,85.4957
2015-10-20,4209102,201542,17.2386,20.8459,26.7225,0.0351,0.1272,0.2994,1.0174,0.9598,0.9632,0.967,68.7221,85.8299,96.8547
2015-10-21,4209102,201542,19.7663,23.1196,28.7838,0.0048,3.7701,14.8357,30.1608,0.9595,0.9605,0.9624,68.9979,87.4612,98.0004
2015-10-22,4209102,201542,19.2611,22.7988,27.7032,0.0903,33.1655,48.8528,265.3243,0.9583,0.9601,0.9612,72.3227,87.9272,99.1943
2015-10-23,4209102,201542,19.3751,20.5342,21.8848,0.4029,7.7744,48.8591,62.1949,0.9624,0.9651,0.9677,86.2977,92.1628,97.8689
2015-10-24,4209102,201542,17.0519,18.2087,20.0071,0.8292,2.0235,4.6759,16.1882,0.9694,0.9706,0.9722,75.0234,86.4379,95.7692
2015-10-25,4209102,201543,14.8873,16.1853,17.6988,0.1897,2.3734,7.3724,18.9871,0.9701,0.9714,0.9729,79.303,86.7257,92.6822
2015-10-26,4209102,201543,15.6043,17.1373,19.1694,0.1351,4.1375,7.6966,33.0999,0.9664,0.9683,0.9707,88.1681,94.2846,97.5917
2015-10-27,4209102,201543,18.0485,19.3104,21.4916,0.1337,6.1981,13.8282,49.5851,0.9644,0.966,0.968,90.5432,96.6359,99.302
2015-10-28,4209102,201543,19.0203,19.8186,21.5923,0.2097,4.6314,14.164,37.0512,0.9649,0.9661,0.9673,87.7555,95.6816,99.2895
2015-10-29,4209102,201543,18.1855,19.3908,21.422,1.319,6.4785,10.8431,51.828,0.9679,0.9689,0.9701,80.6827,91.0894,98.4353
2015-10-30,4209102,201543,17.2631,20.079,23.9277,0.6676,2.8188,12.1493,22.5506,0.9634,0.9672,0.9696,68.6992,87.4026,98.8388
2015-10-31,4209102,201543,19.3378,21.6477,25.6663,0.0424,4.5038,19.3219,36.0308,0.9608,0.9626,0.9645,76.6147,91.7682,99.0435
2015-11-01,4209102,201544,17.2109,18.7089,20.7213,9.4763,15.4055,31.5559,123.244,0.9636,0.9654,0.9671,84.4807,93.2751,98.9443
2015-11-02,4209102,201544,15.9414,16.6191,17.2511,1.584,14.3818,27.4981,115.054,0.9638,0.9664,0.9682,93.944,95.4097,97.1741
2015-11-03,4209102,201544,16.2141,18.4491,21.6872,0.9801,6.6206,30.462,52.9645,0.9625,0.9638,0.9651,82.4019,91.3601,96.2662
2015-11-04,4209102,201544,17.5155,18.664,19.303,1.4561,10.4839,24.0022,83.8714,0.9638,0.965,0.9662,95.252,97.2175,99.024
2015-11-05,4209102,201544,17.0973,18.6415,21.8865,3.1062,11.6595,27.5185,93.2761,0.9621,0.9646,0.9673,78.8051,92.2268,98.219
2015-11-06,4209102,201544,16.0665,16.8325,18.2713,2.6692,8.67,14.9118,69.3596,0.9657,0.9681,0.9701,79.36,90.4899,97.2207
2015-11-07,4209102,201544,14.8936,17.0237,19.7962,0.0532,1.6099,10.8921,12.8788,0.9679,0.9694,0.9706,73.1788,84.4845,92.6359
2015-11-08,4209102,201545,16.6079,17.8744,19.5091,0.0327,5.4821,14.3466,43.8569,0.9656,0.9674,0.9692,90.3692,95.2419,97.7723
2015-11-09,4209102,201545,18.4574,21.1604,25.3123,0.4778,3.1079,15.355,24.8633,0.9649,0.9662,0.9676,70.4187,89.1615,99.28
2015-11-10,4209102,201545,20.1948,22.4502,25.4173,0.0513,0.5695,2.5852,4.5564,0.9656,0.9674,0.9685,76.8671,90.414,99.3168
2015-11-11,4209102,201545,20.7808,24.2576,30.6109,0.0432,1.6488,6.2548,13.1904,0.9623,0.9643,0.9675,61.9309,86.7558,98.6103
2015-11-12,4209102,201545,20.0987,21.9147,23.3805,0.677,1.8852,6.2891,15.0819,0.9611,0.9631,0.9645,80.7519,90.5827,97.7416
2015-11-13,4209102,201545,19.4227,23.1536,28.6732,0.6208,1.6395,4.399,13.1159,0.9571,0.9607,0.9638,67.5688,85.5239,96.8825
2015-11-14,4209102,201545,20.9243,24.5761,31.625,0.0,2.2327,7.5159,17.8618,0.9574,0.9586,0.9594,58.846,83.2367,92.7865
2015-11-15,4209102,201546,18.4941,19.4229,20.63,0.4637,2.6523,7.9891,21.2181,0.9613,0.9629,0.9643,85.0591,90.0483,93.3571
2015-11-16,4209102,201546,17.7079,18.8251,20.2477,0.312,1.1615,4.5724,9.2917,0.9625,0.964,0.9654,81.2048,87.4859,91.6711
2015-11-17,4209102,201546,18.3416,20.2614,23.3781,0.0715,0.9598,2.4093,7.6786,0.9577,0.961,0.9633,78.2704,90.1241,96.3363
2015-11-18,4209102,201546,19.4462,23.4391,27.8388,1.7491,2.4248,3.7818,19.3981,0.9545,0.9572,0.9591,64.756,84.6191,98.2201
2015-11-19,4209102,201546,20.9604,24.468,29.1434,2.6433,5.7429,7.4005,45.9432,0.9529,0.9553,0.9567,57.7307,82.1287,97.8221
2015-11-20,4209102,201546,21.553,24.035,27.1207,0.7652,2.5169,7.4231,20.1356,0.95,0.9541,0.9569,64.0397,81.4436,93.8301
2015-11-21,4209102,201546,17.2773,18.4805,19.544,1.2979,4.3726,5.5074,34.9809,0.9603,0.9639,0.9666,72.9799,84.5401,93.991
2015-11-22,4209102,201547,17.578,20.004,23.2293,0.0093,0.9969,5.5217,7.9751,0.9608,0.9645,0.9662,73.001,83.2271,91.6688
2015-11-23,4209102,201547,18.8871,20.3686,22.6412,5.6748,8.7638,13.8608,70.1103,0.9594,0.9613,0.9629,80.5209,92.6209,99.1542
2015-11-24,4209102,201547,17.5651,18.8433,21.1883,3.1079,9.4721,16.7695,75.7767,0.9581,0.9595,0.961,82.4408,93.1821,97.1438
2015-11-25,4209102,201547,17.2996,19.3795,22.3377,1.9188,4.9453,13.4237,39.5625,0.9597,0.9618,0.9632,80.4584,89.7095,95.0605
2015-11-26,4209102,201547,19.5187,20.8367,23.1193,1.5344,5.4861,7.7864,43.8891,0.9638,0.9652,0.967,79.1129,91.5362,98.5193
2015-11-27,4209102,201547,19.7182,21.2795,23.8038,0.4089,2.2204,8.0448,17.763,0.9618,0.9645,0.9665,74.109,89.1506,97.4905
2015-11-28,4209102,201547,19.5595,22.3206,26.8589,0.5406,5.4869,11.7734,43.8955,0.9586,0.9603,0.9628,69.4317,88.5716,98.4548
2015-11-29,4209102,201548,18.2723,19.975,21.9773,1.0461,9.7409,15.4894,77.9268,0.9606,0.9635,0.9657,78.4458,88.9204,98.5471
2015-11-30,4209102,201548,16.5316,17.2368,17.9259,0.4029,9.0894,16.4817,72.7153,0.9677,0.969,0.9703,86.2227,89.3236,93.8877
2015-12-01,4209102,201548,15.3394,17.9488,21.3782,0.576,5.9243,17.3244,47.3942,0.967,0.9692,0.9708,77.3313,87.4716,95.3328
2015-12-02,4209102,201548,18.3443,20.5658,24.0156,0.0117,3.1789,6.8948,25.4316,0.9643,0.9663,0.9686,78.1159,89.5733,96.969
2015-12-03,4209102,201548,19.827,20.4621,21.0448,3.4379,7.7112,11.8156,61.6896,0.9641,0.9652,0.9662,93.9597,97.1434,99.0158
2015-12-04,4209102,201548,19.3864,21.3921,24.5371,0.4823,2.9037,13.5449,23.2296,0.9604,0.9633,0.9656,75.7944,89.5939,98.3395
2015-12-05,4209102,201548,20.0906,23.7055,28.113,0.004,0.5986,2.3332,4.7889,0.9579,0.9597,0.9612,66.6216,84.6168,97.4513
2015-12-06,4209102,201549,18.1107,19.3301,21.6803,1.9936,11.5792,33.989,92.6334,0.9618,0.9626,0.9637,92.2092,93.8698,96.3284
2015-12-07,4209102,201549,17.6009,19.0387,21.3852,0.3622,5.9521,37.8609,47.6172,0.9628,0.964,0.965,77.8705,89.1638,96.8345
2015-12-08,4209102,201549,18.1159,20.5148,24.4864,1.5088,3.5448,4.4748,28.3583,0.9635,0.9654,0.9666,72.1631,87.2287,97.3006
2015-12-09,4209102,201549,19.491,23.0853,27.6992,0.0318,0.7698,4.5096,6.1587,0.9596,0.9637,0.9662,67.3769,84.2077,97.3181
2015-12-10,4209102,201549,22.3229,23.817,26.7217,0.0,4.6748,10.9596,37.3983,0.9567,0.9588,0.961,74.7356,88.0148,94.2057
2015-12-11,4209102,201549,19.6321,22.0029,25.0651,0.087,1.8789,12.0135,15.0309,0.9615,0.963,0.9643,67.9535,82.9948,92.9181
2015-12-12,4209102,201549,20.9338,22.5567,24.3033,0.0108,2.8185,9.1612,22.5482,0.9617,0.9634,0.9645,81.3898,90.4898,96.3326
2015-12-13,4209102,201550,19.132,24.1577,30.0193,0.0041,1.3719,10.0848,10.9755,0.959,0.9615,0.9635,54.8385,82.0053,98.3591
2015-12-14,4209102,201550,21.7466,25.7406,30.4103,0.0,2.9469,16.4593,23.5751,0.9594,0.9605,0.9619,65.8449,81.457,91.8632
2015-12-15,4209102,201550,22.3604,25.9597,32.6106,0.0,3.6159,16.4773,28.9275,0.96,0.9609,0.9622,55.6021,83.0355,97.2424
2015-12-16,4209102,201550,20.4455,21.9512,23.1385,1.8067,4.1556,12.4234,33.2448,0.9647,0.9665,0.9681,74.3881,85.7781,96.3004
2015-12-17,4209102,201550,19.6703,22.4407,26.2037,0.0648,0.9291,4.8847,7.4326,0.9615,0.9652,0.9676,69.5796,84.032,97.7787
2015-12-18,4209102,201550,20.8477,25.3929,31.5382,0.0016,0.7232,3.1662,5.7852,0.9591,0.9612,0.9635,60.1895,81.5316,96.5888
2015-12-19,4209102,201550,22.4912,25.1625,28.2762,0.0249,5.1932,23.5253,41.5453,0.9606,0.962,0.9641,74.1767,85.9543,97.7308
2015-12-20,4209102,201551,19.2869,20.3989,21.9543,5.5071,18.8214,31.5584,150.571,0.9654,0.9671,0.9688,85.49,93.1236,97.5122
2015-12-21,4209102,201551,18.6886,19.9704,22.2089,0.8338,9.8407,24.6552,78.7254,0.965,0.9667,0.9684,89.919,94.2444,96.7252
2015-12-22,4209102,201551,20.9497,23.4265,26.8995,1.2755,4.1767,17.8028,33.4137,0.962,0.9646,0.9667,73.767,88.5759,97.733
2015-12-23,4209102,201551,22.2945,25.4851,29.9777,0.0408,1.9223,6.9658,15.3782,0.9609,0.9628,0.9641,70.8783,87.4849,99.4763
2015-12-24,4209102,201551,22.5295,26.0583,31.1388,0.0001,5.1985,23.9132,41.588,0.9617,0.9628,0.9641,67.6354,85.637,95.3501
2015-12-25,4209102,201551,22.5975,24.961,28.7753,0.0025,5.4265,24.742,43.412,0.9618,0.9633,0.9648,75.6269,90.579,99.2736
2015-12-26,4209102,201551,22.4559,24.2897,26.1615,4.4814,9.3977,15.34,75.1817,0.9593,0.9616,0.9632,83.8133,93.2055,99.1652
2015-12-27,4209102,201552,22.797,24.8265,28.0486,0.3228,8.3794,26.1028,67.0356,0.958,0.9597,0.9611,80.372,90.196,97.8295
2015-12-28,4209102,201552,22.3704,23.9451,25.8197,0.0071,6.9223,26.1526,55.3784,0.9591,0.9606,0.9621,90.358,95.1455,98.9231
2015-12-29,4209102,201552,22.3732,24.2124,27.2082,1.043,8.4918,17.1665,67.9341,0.9608,0.9621,0.9635,82.2523,91.5632,99.0507
2015-12-30,4209102,201552,22.8323,25.7711,30.3082,0.1213,4.1934,17.6787,33.5472,0.9583,0.9605,0.9621,63.8481,83.9817,97.4925
2015-12-31,4209102,201552,24.2304,27.0785,31.4726,0.0561,1.5605,6.9744,12.4842,0.9567,0.9581,0.9598,56.4621,73.419,83.6318
2016-01-01,4209102,201552,22.2836,23.4925,25.9758,0.691,4.7835,9.5381,38.268,0.9595,0.9608,0.9622,84.1239,91.1405,96.5255
2016-01-02,4209102,201552,20.5375,21.1904,21.8015,1.2039,9.2931,18.4801,74.3446,0.9629,0.964,0.9653,93.6943,95.5051,96.9159
2016-01-03,4209102,201601,19.83,20.733,21.6044,0.5321,5.4359,19.0791,43.4869,0.9645,0.9655,0.9666,82.9774,90.7667,96.6856
2016-01-04,4209102,201601,19.7507,21.475,23.974,0.3367,2.2376,6.4981,17.9008,0.9652,0.9662,0.9668,72.4051,85.2647,95.1069
2016-01-05,4209102,201601,19.4774,22.2098,25.3493,0.0435,0.9508,4.0075,7.6065,0.9648,0.9664,0.9674,67.5999,82.0579,95.6404
2016-01-06,4209102,201601,20.3291,22.8894,26.5392,0.0245,0.2766,1.1405,2.2128,0.9618,0.9643,0.9661,69.3475,83.5324,96.5569
2016-01-07,4209102,201601,21.1093,23.8193,27.0519,0.3221,1.9226,3.7862,15.3807,0.9591,0.9615,0.9636,75.105,85.7987,96.608
2016-01-08,4209102,201601,22.2494,23.8417,26.2174,0.0627,1.1245,3.8789,8.9956,0.9606,0.9615,0.9624,76.6671,88.6345,97.2219
2016-01-09,4209102,201601,21.1791,23.7515,27.8636,0.1248,0.563,2.7686,4.5036,0.9614,0.963,0.9642,66.4335,87.7824,99.1882
2016-01-10,4209102,201602,22.2118,22.6835,23.2236,1.9968,21.0091,50.0717,168.0729,0.9587,0.9619,0.964,94.642,97.0203,98.8202
2016-01-11,4209102,201602,22.4479,24.1929,26.7873,0.9208,14.2752,56.8459,114.2019,0.9559,0.9578,0.9598,81.5426,91.0907,98.3126
2016-01-12,4209102,201602,21.9916,23.6751,25.02,2.3314,6.2268,24.2003,49.8147,0.9573,0.9582,0.959,83.2783,90.5985,98.497
2016-01-13,4209102,201602,20.7218,24.4145,28.82,0.011,0.6858,5.1854,5.4868,0.958,0.9591,0.9604,62.9149,83.9514,99.1486
2016-01-14,4209102,201602,21.2358,23.3243,25.6956,0.3709,2.1962,3.059,17.5693,0.9613,0.962,0.9629,63.0929,82.0048,96.3489
2016-01-15,4209102,201602,19.2676,22.6681,26.0347,0.0928,0.6008,3.1283,4.8066,0.9592,0.9611,0.963,65.6099,81.7638,97.6311
2016-01-16,4209102,201602,20.5915,22.4251,24.474,0.0255,1.637,3.9502,13.0961,0.9615,0.9626,0.9638,72.6785,85.2779,95.4506
2016-01-17,4209102,201603,18.2859,22.0749,26.6717,0.0069,0.5214,3.9503,4.1713,0.9639,0.9645,0.9651,56.9999,79.2187,97.7192
2016-01-18,4209102,201603,18.3429,22.1601,26.5318,0.001,0.0148,0.0556,0.1186,0.9635,0.9648,0.9656,55.0999,77.4253,96.5803
2016-01-19,4209102,201603,17.2518,21.9159,26.753,0.0,0.0064,0.0154,0.0514,0.9632,0.9643,0.9652,53.7788,75.9862,95.6647
2016-01-20,4209102,201603,19.2502,22.3584,25.7715,0.0307,0.3532,0.5379,2.8257,0.9643,0.965,0.9659,56.5122,77.6661,95.513
2016-01-21,4209102,201603,19.1635,21.8149,25.2409,0.0114,0.4533,1.7556,3.6267,0.9646,0.9658,0.9666,63.777,80.1345,91.8388
2016-01-22,4209102,201603,18.3145,20.8605,23.472,1.835,5.6605,9.4546,45.2843,0.9662,0.9671,0.9681,70.8223,85.6496,96.674
2016-01-23,4209102,201603,16.5649,21.9756,28.4847,0.0055,1.1913,9.4643,9.5304,0.963,0.9659,0.9678,52.7586,76.2925,96.5153
2016-01-24,4209102,201604,16.9668,22.2149,27.041,0.0,0.0016,0.0106,0.013,0.9613,0.9635,0.9647,58.2057,79.562,97.8023
2016-01-25,4209102,201604,18.4784,23.6524,30.3678,0.0,0.1101,0.5621,0.8806,0.9593,0.9622,0.9642,61.543,79.813,96.7231
2016-01-26,4209102,201604,22.0109,25.9535,32.9048,0.0,2.1392,11.7761,17.114,0.9587,0.9595,0.9606,55.9041,83.1945,95.979
2016-01-27,4209102,201604,20.202,21.6492,23.5716,1.6409,6.9759,14.7304,55.807,0.9604,0.963,0.9652,84.9307,92.4972,97.3159
2016-01-28,4209102,201604,19.8386,21.3257,23.7867,0.9459,6.2299,12.0077,49.839,0.9646,0.9659,0.9672,84.7996,92.6949,96.638
2016-01-29,4209102,201604,21.9817,24.4175,28.0839,0.6161,2.4127,12.0893,19.3013,0.9625,0.9647,0.9662,68.5092,87.3043,99.3481
2016-01-30,4209102,201604,21.5539,25.2756,29.9417,0.0124,1.786,7.7617,14.2882,0.9602,0.963,0.965,63.4472,85.6982,98.11
2016-01-31,4209102,201605,22.3734,26.734,31.9613,0.1,1.9737,7.7992,15.7898,0.961,0.9631,0.9645,55.2245,79.7953,94.684
2016-02-01,4209102,201605,22.5189,24.3143,26.7238,0.0205,3.1062,7.6742,24.8499,0.9642,0.9652,0.9668,79.0339,90.7992,96.6422
2016-02-02,4209102,201605,21.1839,22.4735,23.9272,1.5048,4.5257,10.1583,36.2057,0.9648,0.9659,0.9671,81.608,92.5426,98.8222
2016-02-03,4209102,201605,20.7158,22.3304,24.834,0.5245,3.2427,6.5469,25.9412,0.9636,0.9652,0.9664,80.6688,90.413,96.0891
2016-02-04,4209102,201605,21.4806,23.7968,27.4365,1.3905,4.6075,8.166,36.8604,0.9616,0.9638,0.9655,74.9972,89.8679,98.9737
2016-02-05,4209102,201605,21.2576,24.3152,29.2822,0.0131,5.535,23.0692,44.2797,0.963,0.9643,0.9655,69.336,87.6127,97.1956
2016-02-06,4209102,201605,22.1971,23.3553,25.0159,0.7431,6.6992,23.4043,53.5937,0.9661,0.9669,0.9681,87.1834,93.5758,98.4969
2016-02-07,4209102,201606,21.6812,22.8205,24.6293,2.5634,5.9728,12.1256,47.7825,0.9648,0.9672,0.9685,81.9556,91.2496,96.4995
2016-02-08,4209102,201606,21.4889,24.5196,28.4414,0.2342,1.6707,8.3983,13.3657,0.9632,0.9656,0.9671,68.9041,85.2195,98.2618
2016-02-09,4209102,201606,22.7632,26.6605,32.1811,0.0043,0.7893,3.4048,6.3147,0.9622,0.9642,0.9659,58.9285,82.7772,97.2984
2016-02-10,4209102,201606,23.2267,25.1191,27.2824,0.0,4.2903,15.8872,34.3227,0.9626,0.964,0.965,81.8213,90.487,95.8358
2016-02-11,4209102,201606,21.1506,22.7624,24.6534,0.4131,3.4678,17.4942,27.7425,0.9639,0.9656,0.9667,76.6785,88.3629,96.9173
2016-02-12,4209102,201606,20.0776,22.7286,25.41,0.01,0.6682,2.6425,5.3453,0.9632,0.9649,0.9665,68.5317,82.2901,96.0221
2016-02-13,4209102,201606,18.5655,23.037,27.5881,0.0035,0.1214,0.9257,0.9715,0.9612,0.9631,0.9649,59.059,78.1188,96.8148
2016-02-14,4209102,201607,20.9164,24.484,29.2218,0.0,1.0774,4.8881,8.6194,0.958,0.9608,0.9636,67.8206,82.5235,92.244
2016-02-15,4209102,201607,22.9308,24.1559,25.6142,0.8006,4.0037,8.5739,32.0296,0.9602,0.962,0.9634,81.9953,91.3678,98.1465
2016-02-16,4209102,201607,21.4684,22.8301,24.582,1.6002,4.8958,10.734,39.1665,0.9622,0.9639,0.9651,86.1517,92.3589,97.2947
2016-02-17,4209102,201607,21.6295,24.4804,28.3535,2.0922,5.7004,14.3195,45.6035,0.9614,0.9624,0.964,71.4185,88.0418,99.0705
2016-02-18,4209102,201607,21.3878,25.616,31.1901,0.2242,2.4262,10.9919,19.4094,0.9601,0.9624,0.9644,64.7387,84.8342,99.4318
2016-02-19,4209102,201607,21.2238,24.8918,29.3846,0.4486,1.8202,6.8058,14.5616,0.9615,0.9626,0.9637,67.8753,86.8437,97.3973
2016-02-20,4209102,201607,22.8678,25.1069,28.1289,0.5155,2.0753,4.7981,16.6023,0.9614,0.9626,0.9638,74.4444,88.9599,98.7328
2016-02-21,4209102,201608,22.0953,23.3238,24.3596,1.5728,8.1256,20.7974,65.0052,0.9625,0.9636,0.965,90.3003,94.9551,98.8377
2016-02-22,4209102,201608,21.1171,22.6875,24.8935,0.4326,7.0831,22.4999,56.6647,0.9616,0.9633,0.9644,82.2153,91.9089,98.2629
2016-02-23,4209102,201608,21.4953,23.0423,25.2665,2.1114,14.6708,25.5131,117.3665,0.9616,0.9629,0.9642,86.8933,93.8638,98.4051
2016-02-24,4209102,201608,21.7679,23.984,26.3227,0.312,5.4616,30.2511,43.6927,0.9595,0.9617,0.963,79.0659,85.884,93.2898
2016-02-25,4209102,201608,22.1363,24.8682,28.555,0.0001,2.9024,13.6754,23.2193,0.9577,0.9598,0.9611,67.7183,81.8135,87.7514
2016-02-26,4209102,201608,21.7569,25.2103,29.1694,0.086,3.1536,16.0085,25.2284,0.956,0.9587,0.9601,63.6767,83.3144,97.9755
2016-02-27,4209102,201608,23.7673,26.7255,31.4135,0.0034,1.0706,4.3297,8.565,0.9584,0.9594,0.9602,56.2468,75.0102,85.4953
2016-02-28,4209102,201609,21.5452,23.2013,25.7632,2.1406,8.5493,25.8008,68.3941,0.9602,0.9627,0.9652,83.1567,91.7785,95.1555
2016-02-29,4209102,201609,18.3491,21.5936,24.7224,0.5687,4.0684,28.2828,32.5475,0.9677,0.9687,0.9699,59.1195,79.1619,94.0094
2016-03-01,4209102,201609,17.8244,21.3654,25.0429,0.0225,0.1125,0.6371,0.9004,0.9681,0.9699,0.9712,53.8082,72.1883,88.8077
2016-03-02,4209102,201609,18.0045,20.136,22.2562,0.0017,0.7982,4.1491,6.3859,0.9643,0.9673,0.9695,77.1377,85.3247,97.0106
2016-03-03,4209102,201609,19.794,22.1692,26.889,1.9764,5.1035,7.793,40.8283,0.9557,0.9596,0.9644,69.2662,87.9733,98.7496
2016-03-04,4209102,201609,18.6859,22.0387,25.3621,0.0515,1.6336,10.0466,13.0685,0.9563,0.9579,0.9596,65.9943,81.9841,94.0243
2016-03-05,4209102,201609,19.6555,21.2365,23.3278,4.0148,13.791,21.6076,110.3284,0.9611,0.9624,0.9638,76.2115,86.1125,95.7557
2016-03-06,4209102,201610,19.8973,22.4202,26.0629,1.2438,6.336,22.4267,50.6879,0.9632,0.9642,0.9659,70.4606,85.9686,96.884
2016-03-07,4209102,201610,19.704,22.7833,27.2071,0.0072,2.6442,9.6965,21.1537,0.9639,0.9651,0.966,70.2856,88.5757,98.4361
2016-03-08,4209102,201610,20.8442,22.7107,25.3979,1.1437,3.2454,11.3284,25.9629,0.9647,0.9664,0.9676,76.2811,89.1323,97.8871
2016-03-09,4209102,201610,21.5858,24.1661,27.6752,0.0677,0.8561,3.6351,6.8484,0.9606,0.9638,0.9663,71.1619,87.4135,98.8482
2016-03-10,4209102,201610,21.8031,23.9458,27.2901,4.3725,9.9237,18.215,79.3899,0.9558,0.9589,0.9626,74.5256,90.184,97.6727
2016-03-11,4209102,201610,19.5473,22.6603,26.7187,0.0343,3.1226,18.4272,24.981,0.9578,0.9586,0.9602,59.8324,82.5217,94.4136
2016-03-12,4209102,201610,16.4748,21.0018,24.7854,0.1154,0.5464,3.2975,4.3716,0.9625,0.9645,0.9672,57.7983,78.2874,91.4911
2016-03-13,4209102,201611,17.5893,20.2471,22.7175,0.5386,0.6861,0.8214,5.4889,0.9692,0.9708,0.9726,62.595,77.0853,88.3593
2016-03-14,4209102,201611,17.792,20.6429,23.9303,0.0131,0.3934,1.173,3.1469,0.9701,0.9713,0.9723,73.154,81.0078,87.9448
2016-03-15,4209102,201611,20.0937,21.981,25.6425,0.8328,1.894,3.7629,15.1519,0.9692,0.9705,0.9717,71.8125,87.4289,97.8291
2016-03-16,4209102,201611,20.0797,22.7186,25.7078,0.1137,1.2773,3.7976,10.2184,0.9696,0.9708,0.9721,72.0545,87.1651,98.9781
2016-03-17,4209102,201611,20.6917,22.7819,25.5304,0.0781,1.0844,2.8914,8.6753,0.9674,0.9695,0.9709,75.2811,89.5974,98.0096
2016-03-18,4209102,201611,20.1228,23.3427,27.6241,0.1056,0.4478,2.6105,3.5825,0.9655,0.9673,0.969,64.4638,85.9929,99.0398
2016-03-19,4209102,201611,21.147,24.0975,28.6073,0.0073,0.7241,4.5197,5.7932,0.9642,0.9663,0.9675,65.9115,86.8414,98.5072
2016-03-20,4209102,201612,21.2726,22.8315,25.2557,0.576,3.4314,6.8075,27.4513,0.9665,0.9676,0.9691,85.3606,92.2347,97.4872
2016-03-21,4209102,201612,21.0389,24.105,29.3058,0.2219,1.1492,7.1367,9.1939,0.9628,0.9657,0.9684,58.2062,84.1594,98.5646
2016-03-22,4209102,201612,21.2704,24.2147,29.4431,0.0,0.9036,4.6015,7.2287,0.9612,0.9632,0.9645,53.3561,82.7304,96.9438
2016-03-23,4209102,201612,20.865,21.8216,23.1847,1.4009,4.685,6.5722,37.48,0.9638,0.9649,0.9662,76.9518,87.7129,96.2542
2016-03-24,4209102,201612,19.4941,21.4888,23.6284,0.7197,2.7121,6.91,21.6967,0.9648,0.9657,0.9666,76.9412,86.9408,95.4446
2016-03-25,4209102,201612,20.158,21.0055,21.9446,2.1552,14.0797,34.0247,112.6377,0.9626,0.965,0.9674,92.6718,96.5826,98.0593
2016-03-26,4209102,201612,19.2254,22.9205,28.5196,1.7576,9.7455,38.628,77.9639,0.9601,0.962,0.9643,49.2949,79.6055,96.2693
2016-03-27,4209102,201613,17.6665,22.4189,27.6047,0.0,0.8033,6.426,6.4261,0.9624,0.9636,0.9655,47.6451,69.7826,85.7192
2016-03-28,4209102,201613,16.742,21.9476,28.0985,0.0,0.0,0.0,0.0,0.9639,0.9654,0.9668,49.2132,72.1186,84.8477
2016-03-29,4209102,201613,17.9989,22.3395,26.4308,0.0,0.0877,0.3624,0.7016,0.9659,0.967,0.9683,64.313,82.0272,98.8176
2016-03-30,4209102,201613,20.1485,22.0863,24.6667,0.1716,0.9199,3.6985,7.3591,0.9679,0.9687,0.9696,77.3096,88.6128,97.0203
2016-03-31,4209102,201613,20.1491,23.0238,26.1356,0.4975,1.945,4.325,15.5601,0.9671,0.9685,0.9697,74.7645,88.5147,98.6334
2016-04-01,4209102,201613,19.6692,22.3625,26.7855,1.8382,2.8972,8.4815,23.1775,0.9658,0.9676,0.9693,71.3316,88.8678,97.6649
2016-04-02,4209102,201613,20.8062,23.5326,27.265,0.7551,1.3431,2.9924,10.7447,0.9635,0.9654,0.967,70.9891,87.2409,99.0035
2016-04-03,4209102,201614,20.6899,24.6623,29.8933,0.0005,0.2694,1.5431,2.1554,0.9632,0.9645,0.9655,68.0463,86.1294,98.8508
2016-04-04,4209102,201614,21.4515,22.9316,24.4188,0.5351,2.4885,3.7131,19.9078,0.9674,0.9689,0.9709,79.0769,90.1674,97.6567
2016-04-05,4209102,201614,21.3123,23.6199,27.4509,0.0501,0.5966,3.807,4.7731,0.9673,0.9695,0.971,65.2022,85.1255,97.4745
2016-04-06,4209102,201614,21.2319,24.1827,29.3442,0.0107,0.0622,0.1984,0.4979,0.9623,0.9658,0.9685,58.4724,84.6259,98.4949
2016-04-07,4209102,201614,20.373,24.8807,30.5501,0.0,0.2322,1.4614,1.8577,0.9611,0.9628,0.9641,60.4578,81.9593,96.9545
2016-04-08,4209102,201614,22.4879,24.2565,26.7848,0.0753,0.6952,1.4715,5.5617,0.9619,0.9632,0.9644,78.1477,91.0352,98.8208
2016-04-09,4209102,201614,23.2317,25.0793,28.18,0.141,1.1887,2.7429,9.5093,0.962,0.9633,0.9649,74.2638,88.9787,98.1381
2016-04-10,4209102,201615,22.3772,23.5455,24.5767,3.2084,6.6076,14.5966,52.8606,0.9632,0.9645,0.9657,91.9105,95.2088,98.0021
2016-04-11,4209102,201615,21.2287,21.7942,22.4533,7.4388,44.1324,76.5675,353.0592,0.9655,0.9664,0.9675,92.4363,96.2099,98.4543
2016-04-12,4209102,201615,21.3682,22.7923,24.7947,0.3789,10.7808,76.8718,86.246,0.966,0.9672,0.9685,83.6858,92.2915,98.4728
2016-04-13,4209102,201615,21.4775,23.3101,26.6994,0.5356,1.6019,3.8498,12.8149,0.9653,0.9673,0.9687,73.3464,89.213,97.2172
2016-04-14,4209102,201615,21.519,24.1741,27.8369,0.0248,0.6595,2.1369,5.2757,0.9641,0.9656,0.9669,70.6027,88.1984,98.544
2016-04-15,4209102,201615,21.8907,24.2019,28.0848,0.0107,0.8417,2.5085,6.7335,0.9649,0.9661,0.9674,70.7956,89.6329,99.4518
2016-04-16,4209102,201615,21.1088,24.5527,29.18,0.0008,0.4104,2.5094,3.2832,0.9645,0.9661,0.9674,71.0151,88.2111,98.8068
2016-04-17,4209102,201616,22.5401,24.9973,28.5836,0.0,0.1132,0.5807,0.9055,0.9662,0.9677,0.9693,67.3422,87.8046,99.4459
2016-04-18,4209102,201616,21.6145,25.0966,29.8047,0.0036,0.0492,0.0865,0.3932,0.9653,0.9669,0.9682,62.3749,85.3824,98.7127
2016-04-19,4209102,201616,20.82,25.1735,29.9688,0.0,0.1055,0.3708,0.8438,0.9637,0.9652,0.9667,60.794,82.1298,96.7919
2016-04-20,4209102,201616,21.1006,25.3738,30.1432,0.0001,0.0709,0.3708,0.5675,0.9619,0.9644,0.9661,56.1324,79.6782,96.6191
2016-04-21,4209102,201616,20.8671,25.5965,31.7204,0.0,0.0147,0.0937,0.1176,0.9605,0.9628,0.964,46.6229,79.3086,97.7222
2016-04-22,4209102,201616,22.1464,23.1102,24.6747,0.0,1.5649,4.0117,12.5193,0.963,0.9654,0.9678,79.6555,85.1945,90.534
2016-04-23,4209102,201616,21.4221,24.2351,29.3902,0.2222,0.8561,4.5601,6.8491,0.961,0.9643,0.9669,61.1101,84.3763,96.6102
2016-04-24,4209102,201617,21.7729,25.3418,30.2945,0.0005,0.164,0.5098,1.3119,0.9588,0.9607,0.962,61.6353,83.8295,97.8789
2016-04-25,4209102,201617,21.9106,26.1013,32.1453,0.0,0.0861,0.3923,0.6891,0.9525,0.9562,0.9596,45.6756,73.4643,93.3742
2016-04-26,4209102,201617,19.8775,22.7162,25.9785,0.0218,16.6285,59.7058,133.0278,0.9544,0.9556,0.9565,71.5516,86.136,94.6937
2016-04-27,4209102,201617,11.7622,15.5086,19.127,20.2091,29.7442,75.3541,237.9532,0.9582,0.9635,0.9664,48.3607,72.6622,92.7066
2016-04-28,4209102,201617,8.8778,12.8462,17.0758,0.0,3.0226,24.1806,24.1806,0.9684,0.9697,0.9713,50.8817,59.6429,69.7268
2016-04-29,4209102,201617,10.457,13.3756,17.8214,0.0,0.0024,0.0084,0.0195,0.9676,0.97,0.9716,60.2361,76.173,87.1684
2016-04-30,4209102,201617,10.4086,13.6688,18.0923,0.0,0.0173,0.0522,0.1386,0.9662,0.9675,0.9686,46.0032,77.5104,97.7299
2016-05-01,4209102,201618,6.9434,12.7232,18.4972,0.0,0.0066,0.0531,0.0531,0.9691,0.9701,0.9719,54.8629,67.6935,80.7426
2016-05-02,4209102,201618,8.1375,14.2886,21.3055,0.0,0.0004,0.0009,0.0034,0.9689,0.9709,0.9726,57.1208,81.9719,97.0867
2016-05-03,4209102,201618,12.0268,15.5711,20.1635,0.0,0.004,0.0249,0.0323,0.9683,0.9698,0.9711,69.8815,89.022,98.7183
2016-05-04,4209102,201618,15.4098,17.6426,20.9094,0.0567,0.4785,1.0569,3.8282,0.967,0.9688,0.9703,71.2935,87.9567,97.8737
2016-05-05,4209102,201618,15.3879,17.9396,21.389,0.0611,0.4121,1.0591,3.2967,0.9682,0.9693,0.971,69.4892,87.6621,98.2436
2016-05-06,4209102,201618,17.0382,17.5253,18.2348,2.2087,9.14,19.1878,73.1202,0.9677,0.9689,0.9702,92.6308,96.3539,98.6154
2016-05-07,4209102,201618,16.5075,17.7953,19.9984,0.7382,3.6349,22.4232,29.0793,0.9672,0.9687,0.97,78.4593,91.4441,98.8207
2016-05-08,4209102,201619,15.3909,17.9149,20.6759,0.0082,0.5139,1.4439,4.111,0.9657,0.9678,0.9689,74.7625,89.0911,97.3285
2016-05-09,4209102,201619,16.534,18.7077,21.9047,0.129,1.7064,3.7966,13.6509,0.9642,0.966,0.9673,80.4947,91.2318,97.9958
2016-05-10,4209102,201619,16.7898,19.3477,22.8798,1.15,3.3871,4.576,27.0966,0.9635,0.9643,0.9651,71.1388,86.6948,95.3172
2016-05-11,4209102,201619,17.6285,18.47,19.1757,0.5561,2.8224,4.776,22.5794,0.9663,0.9677,0.969,81.8557,89.7093,96.8826
2016-05-12,4209102,201619,15.7903,16.8275,18.0198,3.419,11.2572,17.9202,90.0574,0.9697,0.9706,0.9717,82.3806,89.518,94.6995
2016-05-13,4209102,201619,14.8174,15.6393,16.637,0.2773,3.4353,18.4016,27.482,0.972,0.9726,0.9736,81.0965,88.6234,92.2794
2016-05-14,4209102,201619,15.2962,16.4514,19.0437,1.8376,5.2059,7.4008,41.6469,0.971,0.9725,0.9738,77.5335,90.8343,96.4909
2016-05-15,4209102,201620,15.0372,18.7464,24.9799,0.0257,0.9764,7.4083,7.8116,0.9608,0.9664,0.971,59.7857,84.7627,97.8338
2016-05-16,4209102,201620,19.0594,20.5378,22.7782,0.0328,3.811,6.0742,30.4881,0.9594,0.9608,0.9621,54.0673,77.0087,95.6185
2016-05-17,4209102,201620,10.9014,15.2766,19.8042,0.0,0.7596,6.0742,6.0767,0.964,0.9651,0.9666,50.8475,72.5146,88.1362
2016-05-18,4209102,201620,10.0799,14.0684,18.0501,0.0,0.0024,0.009,0.0195,0.9665,0.9675,0.9687,69.0393,81.9753,94.89
2016-05-19,4209102,201620,12.3858,13.6275,14.7458,0.1928,0.613,0.9823,4.9043,0.97,0.9715,0.973,80.7742,85.4946,88.8635
2016-05-20,4209102,201620,13.1833,14.4424,16.6985,0.0844,3.2101,15.641,25.6812,0.9694,0.9721,0.9736,81.5672,90.0434,97.5639
2016-05-21,4209102,201620,14.5622,18.0313,23.5485,0.6353,4.117,18.3406,32.9364,0.9639,0.9662,0.9685,71.3899,89.6955,98.7856
2016-05-22,4209102,201621,16.6493,17.3393,18.2963,2.1139,11.0279,20.057,88.2233,0.9641,0.9659,0.9673,89.5696,95.1593,96.9038
2016-05-23,4209102,201621,12.9875,15.2222,17.3814,0.121,2.6677,20.176,21.3416,0.9662,0.97,0.9734,43.9055,72.0296,94.8263
2016-05-24,4209102,201621,10.4618,13.7723,16.8438,0.0,0.034,0.1742,0.2723,0.975,0.9767,0.9783,61.0767,75.1449,87.8071
2016-05-25,4209102,201621,13.4038,15.2269,17.9571,0.1721,2.466,3.9886,19.7282,0.9728,0.9756,0.9782,75.6978,88.9638,97.6469
2016-05-26,4209102,201621,14.9309,16.5815,19.3362,0.0825,0.8494,4.0013,6.7956,0.9681,0.9708,0.973,75.8909,89.1054,95.9538
2016-05-27,4209102,201621,15.048,15.9918,17.3743,0.4224,7.1284,16.7711,57.027,0.9686,0.9699,0.9712,88.9002,96.5586,99.3861
2016-05-28,4209102,201621,15.2003,15.9614,17.4717,1.0741,4.32,18.981,34.5598,0.9719,0.9727,0.9741,86.6929,94.3618,98.53
2016-05-29,4209102,201622,15.8396,16.7379,18.2912,0.011,3.1689,8.1816,25.3511,0.9645,0.9688,0.9721,90.09,95.3023,96.6172
2016-05-30,4209102,201622,14.2282,17.8823,22.7851,0.0027,1.1346,8.6808,9.0771,0.9616,0.9633,0.9648,57.7545,82.7125,97.3995
2016-05-31,4209102,201622,16.544,18.4992,21.4657,0.0162,0.3735,0.8613,2.9877,0.9615,0.9622,0.9637,70.2544,86.1644,93.4167
2016-06-01,4209102,201622,16.0708,16.6108,17.5967,1.1087,6.6121,12.4286,52.8966,0.9616,0.9638,0.9656,87.6362,95.6269,98.7993
2016-06-02,4209102,201622,14.8349,16.2817,17.8121,0.2997,2.6742,17.093,21.3933,0.9608,0.9618,0.9633,76.0622,89.6588,98.0755
2016-06-03,4209102,201622,10.8655,14.8131,19.601,0.0008,0.124,0.9818,0.9919,0.9616,0.9628,0.964,60.7815,84.3645,98.5111
2016-06-04,4209102,201622,11.094,13.9368,16.3152,0.0015,0.0247,0.0893,0.1979,0.9634,0.9643,0.9659,79.4206,89.1801,98.1302
2016-06-05,4209102,201623,13.5474,14.0383,14.9189,0.1667,1.7004,5.3639,13.6029,0.9619,0.9638,0.9653,92.1512,94.1971,96.7855
2016-06-06,4209102,201623,12.0287,12.6086,13.5204,1.7975,7.1735,13.1624,57.3883,0.9632,0.9642,0.9653,93.3451,95.3316,97.176
2016-06-07,4209102,201623,11.3203,13.5476,17.355,0.136,1.9986,14.2923,15.989,0.9653,0.9663,0.9682,57.9256,82.833,96.3336
2016-06-08,4209102,201623,6.4409,11.4844,17.6953,0.0,0.0374,0.2994,0.2994,0.9679,0.9689,0.9705,46.1487,72.2108,93.0309
2016-06-09,4209102,201623,4.9337,9.7642,15.5363,0.0,0.0,0.0,0.0,0.9705,0.9715,0.9731,40.0235,69.1085,85.3592
2016-06-10,4209102,201623,4.3726,10.0628,17.5656,0.0,0.0004,0.0017,0.0035,0.9679,0.9704,0.9717,41.215,70.165,91.0505
2016-06-11,4209102,201623,4.0912,8.7698,13.8204,0.0,0.0005,0.0026,0.0043,0.9712,0.9726,0.9739,42.6599,68.8263,86.0583
2016-06-12,4209102,201624,3.3294,8.4473,15.0466,0.0,0.0003,0.0009,0.0026,0.9744,0.9751,0.9763,41.8434,65.5114,81.069
2016-06-13,4209102,201624,4.5235,9.054,14.5008,0.0,0.0003,0.0009,0.0026,0.9767,0.9781,0.9796,61.6568,75.3417,83.6614
2016-06-14,4209102,201624,6.8116,11.5499,16.2934,0.0,0.0111,0.0172,0.0891,0.9754,0.9776,0.979,71.1469,85.0783,95.1894
2016-06-15,4209102,201624,8.8512,12.7162,18.5289,0.0029,0.0067,0.0186,0.0535,0.9729,0.9751,0.9767,68.5354,87.734,97.7957
2016-06-16,4209102,201624,11.1193,14.3934,19.182,0.0,0.0022,0.008,0.0173,0.9697,0.9722,0.9738,76.7681,91.4055,98.5473
2016-06-17,4209102,201624,13.1193,15.9804,20.5364,0.0,1.2721,5.4907,10.1771,0.967,0.969,0.9703,77.5512,93.4743,99.022
2016-06-18,4209102,201624,10.476,11.9677,14.5447,0.8617,12.3357,24.4236,98.6859,0.9704,0.9719,0.9736,88.3375,93.7614,97.7979
2016-06-19,4209102,201625,10.5606,11.579,13.4614,1.2044,8.0866,25.9191,64.6929,0.9716,0.973,0.974,85.2985,92.4142,95.6701
2016-06-20,4209102,201625,11.0452,11.5294,12.0745,0.4568,1.9,7.9544,15.2003,0.9727,0.9739,0.9754,75.7411,87.5819,94.8874
2016-06-21,4209102,201625,9.1151,10.6404,12.2606,0.9952,9.7253,16.9765,77.8022,0.9756,0.9765,0.9775,83.7342,89.4155,95.2616
2016-06-22,4209102,201625,10.3033,12.0047,13.9559,0.5787,13.1544,21.3212,105.2353,0.971,0.9739,0.9766,93.024,96.0084,98.3849
2016-06-23,4209102,201625,9.1325,13.014,18.0862,0.0006,2.6834,21.3217,21.4672,0.9698,0.971,0.9717,71.0669,91.2058,99.1681
2016-06-24,4209102,201625,10.7523,13.286,16.6564,0.0028,0.0195,0.0851,0.1562,0.9721,0.9733,0.9747,74.4052,91.0128,99.3607
2016-06-25,4209102,201625,13.5704,14.9764,17.9505,0.0294,0.0548,0.0814,0.4382,0.974,0.9753,0.9761,75.3779,89.7179,96.0975
2016-06-26,4209102,201626,12.4531,14.8127,18.6419,0.0031,0.0254,0.0816,0.203,0.9747,0.9757,0.9768,75.5032,89.846,97.7216
2016-06-27,4209102,201626,12.7209,15.0039,18.6002,0.029,0.1071,0.1491,0.8565,0.9746,0.9759,0.9771,71.7574,90.3469,99.0159
2016-06-28,4209102,201626,10.6312,14.1059,20.0065,0.0,0.0209,0.1491,0.167,0.9723,0.9744,0.9757,66.5159,90.0491,99.5247
2016-06-29,4209102,201626,11.2646,14.7583,20.0013,0.0008,0.0265,0.0419,0.2118,0.9709,0.9727,0.9737,71.8347,88.801,98.0731
2016-06-30,4209102,201626,13.5688,15.3561,18.8374,0.0084,0.1359,0.2103,1.0871,0.9728,0.9736,0.975,79.6321,93.8156,99.2873
2016-07-01,4209102,201626,13.6324,15.984,20.4015,0.0001,0.0698,0.2112,0.5588,0.9718,0.9737,0.9753,72.1198,91.2809,98.9604
2016-07-02,4209102,201626,12.8812,16.0197,22.2946,0.0001,0.0884,0.1334,0.7075,0.9718,0.9732,0.9743,65.6829,90.5455,99.6827
2016-07-03,4209102,201627,12.8612,16.454,22.1195,0.0001,0.0457,0.1334,0.3659,0.971,0.9724,0.9733,70.8226,90.0103,98.468
2016-07-04,4209102,201627,14.2553,17.6155,22.8645,0.0165,0.144,0.2016,1.1519,0.9689,0.9712,0.9725,68.7736,89.9601,98.3982
2016-07-05,4209102,201627,15.6325,18.6422,23.2837,0.0338,0.0854,0.2043,0.6832,0.9657,0.9689,0.9708,68.7132,86.0604,96.621
2016-07-06,4209102,201627,15.9286,18.374,22.4934,0.0009,0.1832,0.5329,1.4654,0.9621,0.9635,0.9658,58.3931,77.2884,90.2849
2016-07-07,4209102,201627,9.5932,14.5998,19.9236,0.0,0.0676,0.5329,0.5411,0.9647,0.9673,0.969,45.2927,62.5289,77.3243
2016-07-08,4209102,201627,6.8362,12.2669,18.0736,0.0,0.0011,0.0021,0.0086,0.9708,0.9726,0.974,55.9887,77.3182,90.8116
2016-07-09,4209102,201627,9.1717,13.2575,18.3054,0.0,0.0042,0.0078,0.0338,0.9682,0.9709,0.9734,65.4439,85.9562,97.452
2016-07-10,4209102,201628,11.9242,16.7418,24.2078,0.0034,0.0103,0.0244,0.0825,0.9629,0.9656,0.9682,62.0638,81.7113,95.9999
2016-07-11,4209102,201628,14.2463,18.7949,25.1306,0.0,0.0906,0.1336,0.7248,0.9599,0.963,0.9651,63.8716,84.0489,96.3419
2016-07-12,4209102,201628,17.0432,20.2973,25.5424,0.0,0.831,6.5132,6.6477,0.9603,0.9614,0.9646,61.799,77.6207,89.4814
2016-07-13,4209102,201628,15.8742,16.9696,18.293,0.2964,8.9194,17.3521,71.3549,0.9658,0.9669,0.9686,93.9211,97.4816,99.331
2016-07-14,4209102,201628,15.6693,16.9341,18.6825,0.7091,4.7433,18.8533,37.9466,0.9621,0.9646,0.9669,87.1317,95.6789,99.4704
2016-07-15,4209102,201628,16.7334,19.0599,23.477,0.1093,1.1775,3.7802,9.4197,0.9593,0.9612,0.9628,71.1526,88.4105,97.9907
2016-07-16,4209102,201628,13.6403,15.6824,18.0571,3.8498,33.9239,53.1524,271.3911,0.9602,0.9618,0.9644,62.3018,88.5351,98.2032
2016-07-17,4209102,201629,7.4606,11.3037,15.8937,0.0,6.6446,53.1524,53.1567,0.9667,0.9675,0.9688,40.4598,58.2853,68.2096
2016-07-18,4209102,201629,3.8256,8.9217,13.8852,0.0,0.0006,0.0021,0.0047,0.9699,0.9715,0.9732,52.3853,69.0915,84.6785
2016-07-19,4209102,201629,8.0588,10.6581,14.5005,0.0,0.0069,0.0209,0.0551,0.9705,0.9726,0.9737,69.0042,80.7549,90.214
2016-07-20,4209102,201629,10.3188,11.1869,12.5998,0.0903,0.6522,1.2902,5.2177,0.9712,0.9719,0.9728,81.9888,89.3542,95.4265
2016-07-21,4209102,201629,10.5964,11.8264,14.0647,0.2758,0.9821,1.5507,7.8569,0.9706,0.9718,0.9726,79.2387,89.3771,94.8787
2016-07-22,4209102,201629,11.0446,12.5274,15.0513,0.2206,0.8098,1.3063,6.4781,0.9716,0.9728,0.9742,75.1542,88.5775,94.8233
2016-07-23,4209102,201629,10.7598,13.3266,17.8443,0.0121,0.1532,1.0091,1.2252,0.9689,0.9715,0.9731,68.035,87.0193,97.3815
2016-07-24,4209102,201630,9.9879,15.105,23.3608,0.0001,0.0054,0.0397,0.0433,0.968,0.9693,0.9703,61.3147,86.5084,98.9793
2016-07-25,4209102,201630,13.6435,16.3905,20.6114,0.0001,0.0195,0.0309,0.1557,0.9687,0.9705,0.9721,70.9007,89.7249,99.618
2016-07-26,4209102,201630,13.011,17.4984,24.5673,0.0017,0.0225,0.0341,0.1801,0.9614,0.9657,0.9691,63.1197,84.7244,99.6153
2016-07-27,4209102,201630,14.0536,17.2544,19.9745,0.0157,0.0183,0.0343,0.1462,0.9625,0.9656,0.9688,45.8045,63.4821,79.8497
2016-07-28,4209102,201630,11.0703,12.5877,14.0147,0.0,1.2519,2.8414,10.0155,0.9709,0.9731,0.9746,70.2487,84.028,93.6508
2016-07-29,4209102,201630,11.5706,12.5661,14.2981,0.7555,2.349,3.2247,18.792,0.9734,0.9744,0.9752,81.6539,90.3498,95.527
2016-07-30,4209102,201630,11.7214,14.7432,18.9527,0.0308,0.43,3.078,3.4399,0.9718,0.9739,0.975,72.3051,87.7755,97.0019
2016-07-31,4209102,201631,14.2184,16.4244,20.6459,0.0211,0.1826,0.2787,1.4608,0.9688,0.9721,0.9737,69.1291,88.8634,98.072
2016-08-01,4209102,201631,13.5241,18.4775,26.3005,0.0036,0.0423,0.2787,0.3388,0.9642,0.9674,0.9696,55.1145,80.7252,99.0869
2016-08-02,4209102,201631,13.6598,15.5638,19.2707,0.0215,2.1155,4.3715,16.9238,0.9676,0.972,0.975,83.9138,91.2227,97.8345
2016-08-03,4209102,201631,12.8029,13.9175,15.576,0.4118,4.516,8.8462,36.1277,0.9728,0.9745,0.9757,90.6346,93.6761,96.7348
2016-08-04,4209102,201631,14.6876,16.6198,20.1192,0.1503,1.4303,8.9664,11.4426,0.9701,0.9726,0.9742,73.2827,90.1369,98.5347
2016-08-05,4209102,201631,14.3043,17.5279,22.9447,0.0249,0.1291,0.5062,1.0329,0.9659,0.9692,0.9714,66.9934,88.9563,99.1688
2016-08-06,4209102,201631,14.5839,19.8216,27.2668,0.0,0.0174,0.119,0.1392,0.9623,0.9651,0.9672,60.0469,81.8577,96.4305
2016-08-07,4209102,201632,13.9,15.9718,20.2785,0.0042,4.0848,9.0701,32.6783,0.9635,0.9668,0.9694,84.9368,90.1749,94.444
2016-08-08,4209102,201632,11.3652,12.2727,12.884,0.9784,16.2249,35.909,129.7994,0.9694,0.9703,0.9712,86.2963,91.7119,96.3179
2016-08-09,4209102,201632,12.3722,13.9283,16.7721,0.3139,7.6455,37.2218,61.1638,0.9685,0.9696,0.9705,82.2178,92.4349,97.9389
2016-08-10,4209102,201632,8.0857,12.9901,18.0592,0.0,0.5653,4.5201,4.5225,0.9692,0.9703,0.9714,48.4798,79.209,97.9916
2016-08-11,4209102,201632,7.7615,12.6636,16.8491,0.0,0.0008,0.0044,0.0062,0.9715,0.9723,0.9731,59.4908,77.885,97.1196
2016-08-12,4209102,201632,6.668,12.6368,18.4152,0.0,0.0007,0.0044,0.0053,0.9702,0.9723,0.9736,60.0982,81.0062,97.5285
2016-08-13,4209102,201632,8.1551,13.1992,20.6561,0.0,0.0005,0.0017,0.0042,0.9646,0.9682,0.9705,56.6489,82.89,98.378
2016-08-14,4209102,201633,10.7852,16.4835,24.1035,0.0,0.0007,0.0014,0.0057,0.9621,0.9641,0.9655,54.7826,79.4217,93.5801
2016-08-15,4209102,201633,14.682,17.2435,20.7142,0.0009,5.6313,12.229,45.0508,0.958,0.9614,0.9639,77.8647,90.8838,99.3305
2016-08-16,4209102,201633,14.06,18.3652,24.7255,0.0,1.5549,12.229,12.4394,0.9597,0.9611,0.9628,60.7107,81.4592,92.0056
2016-08-17,4209102,201633,14.6106,19.5999,26.7857,0.0,0.2787,1.205,2.2294,0.9603,0.9614,0.9623,60.2399,82.7286,96.4307
2016-08-18,4209102,201633,13.0308,14.9271,17.7327,3.7637,6.2839,13.7959,50.2711,0.9651,0.9689,0.9711,80.759,90.6098,95.4437
2016-08-19,4209102,201633,10.2067,12.6655,15.7303,2.9304,12.1784,17.5645,97.4271,0.9661,0.9699,0.9725,84.5111,91.7598,96.0221
2016-08-20,4209102,201633,14.3014,16.2405,19.7758,6.5842,13.5144,20.0758,108.1156,0.9585,0.9618,0.9653,91.6003,94.6129,97.2322
2016-08-21,4209102,201634,11.5603,14.0281,16.4516,5.8927,27.6952,37.2848,221.5619,0.9579,0.9649,0.9726,81.5557,91.1646,98.7476
2016-08-22,4209102,201634,5.236,10.6796,16.8643,0.0,4.6698,37.352,37.3586,0.9729,0.9742,0.9758,53.9959,79.8992,97.3209
2016-08-23,4209102,201634,6.2422,11.8564,18.1909,0.0,0.0005,0.004,0.004,0.9727,0.9735,0.9743,58.4614,79.9691,95.2855
2016-08-24,4209102,201634,7.7198,12.7915,18.4871,0.0,0.0108,0.0316,0.0867,0.9715,0.9735,0.9746,68.0598,84.7672,98.691
2016-08-25,4209102,201634,12.6336,15.7767,21.2025,0.008,0.0425,0.0748,0.34,0.9693,0.9714,0.9728,70.8105,87.889,96.4494
2016-08-26,4209102,201634,13.6531,16.9931,23.2161,0.0,0.0242,0.0748,0.1936,0.967,0.9688,0.9702,68.9728,90.3115,99.4459
2016-08-27,4209102,201634,14.9188,18.1652,24.2336,0.0048,0.1519,0.2416,1.2154,0.9642,0.9674,0.9694,58.5916,86.3606,99.7043
2016-08-28,4209102,201635,13.5344,19.4746,27.6268,0.0,0.0352,0.2416,0.2818,0.9622,0.9639,0.9651,53.9575,78.6692,94.5118
2016-08-29,4209102,201635,15.2756,19.7439,23.9266,0.0028,0.0047,0.0089,0.0377,0.964,0.9654,0.9666,68.9004,84.7341,96.691
2016-08-30,4209102,201635,17.1631,19.4798,23.646,0.0075,3.2328,8.3044,25.8627,0.962,0.9644,0.9664,74.5844,91.5131,98.2261
2016-08-31,4209102,201635,17.4686,19.5751,22.5973,3.1411,4.3726,10.8807,34.9809,0.9615,0.9628,0.964,47.4412,73.862,97.0049
2016-09-01,4209102,201635,12.288,16.729,20.9064,0.0021,0.5045,3.4975,4.0363,0.9663,0.9694,0.9715,64.0881,80.8032,94.0748
2016-09-02,4209102,201635,14.6734,16.1622,17.7997,1.0114,3.0088,5.4562,24.0704,0.9723,0.9731,0.9745,80.5272,90.1265,96.863
2016-09-03,4209102,201635,15.2348,16.5084,18.5144,0.0556,2.7629,10.5982,22.1035,0.9703,0.9721,0.9732,86.8449,94.7721,98.7544
2016-09-04,4209102,201636,16.6383,18.464,22.2143,17.794,39.5249,49.5044,316.1991,0.9663,0.9685,0.971,72.0863,90.5451,99.0448
2016-09-05,4209102,201636,14.8569,16.9022,18.8174,0.0211,7.1229,49.5068,56.9833,0.9681,0.9695,0.9714,83.7538,92.9319,99.4629
2016-09-06,4209102,201636,15.9247,18.3228,22.0254,3.1702,7.3887,8.7752,59.1093,0.9642,0.9658,0.9678,50.0343,78.9028,97.7242
2016-09-07,4209102,201636,9.7072,15.2403,21.0017,0.0,1.0971,8.7752,8.7765,0.9648,0.9668,0.9683,45.3462,57.9071,67.9663
2016-09-08,4209102,201636,9.4788,15.1647,21.9736,0.0,0.0003,0.0009,0.0026,0.9668,0.9681,0.9695,49.7596,71.3852,86.5748
2016-09-09,4209102,201636,12.3611,15.4586,19.3258,0.0,0.1602,0.4211,1.2815,0.97,0.9718,0.9737,68.3355,84.9137,98.01
2016-09-10,4209102,201636,13.3417,16.7555,21.4648,0.0032,0.2781,0.5074,2.2249,0.9719,0.9736,0.9754,66.3805,86.7921,98.5085
2016-09-11,4209102,201637,14.9004,18.2696,23.624,0.0039,0.0871,0.5082,0.6971,0.9669,0.9706,0.9729,61.5589,86.0338,98.7659
2016-09-12,4209102,201637,17.4712,20.1336,25.0999,0.0617,0.576,0.9673,4.608,0.96,0.9646,0.9679,67.6923,88.5465,99.1559
2016-09-13,4209102,201637,18.2404,23.1099,30.5834,0.0064,0.2686,0.9779,2.1486,0.954,0.9573,0.9606,41.2979,71.6846,98.1102
2016-09-14,4209102,201637,14.2478,19.3507,24.3246,0.0075,0.118,0.8913,0.9437,0.9597,0.961,0.963,32.5112,48.4481,58.952
2016-09-15,4209102,201637,10.3228,15.7434,20.9042,0.0,0.0011,0.0075,0.0087,0.9639,0.9661,0.9679,49.4596,63.5094,78.6151
2016-09-16,4209102,201637,13.7549,15.401,18.6678,0.0015,0.9879,1.6881,7.9031,0.9691,0.9704,0.9725,70.8649,83.0425,89.4369
2016-09-17,4209102,201637,13.9323,17.377,22.3451,0.0298,0.2753,1.6898,2.2026,0.9651,0.968,0.9702,64.7426,80.8023,92.5478
2016-09-18,4209102,201638,16.35,19.7555,25.8813,0.0023,0.8756,3.4444,7.0052,0.9628,0.9652,0.9665,65.0608,86.8393,98.1723
2016-09-19,4209102,201638,16.5448,17.846,19.4804,0.0155,0.9616,3.4444,7.6926,0.9653,0.9662,0.968,81.8183,91.2139,97.2655
2016-09-20,4209102,201638,11.3765,15.4951,20.4498,0.3689,0.712,2.5134,5.6957,0.9678,0.9689,0.9704,47.409,75.2242,96.7411
2016-09-21,4209102,201638,11.2256,14.8157,18.652,0.0,0.3375,1.0488,2.6997,0.97,0.9717,0.9734,70.1847,81.6459,90.7551
2016-09-22,4209102,201638,13.7368,16.4444,20.4133,0.2748,0.8249,1.3269,6.599,0.9695,0.9717,0.9735,61.0255,81.556,96.1222
2016-09-23,4209102,201638,13.6258,17.6016,24.172,0.001,0.1472,0.9242,1.1775,0.9669,0.9697,0.9713,54.2406,78.0713,94.3328
2016-09-24,4209102,201638,13.8963,16.3398,19.2421,0.0046,0.4799,0.6748,3.8395,0.9679,0.9694,0.9709,68.8591,84.2116,96.195
2016-09-25,4209102,201639,12.052,14.3717,17.1179,0.9741,2.7296,3.9718,21.8369,0.9674,0.9691,0.9705,73.3579,85.6283,94.5747
2016-09-26,4209102,201639,12.6672,15.6648,21.8727,0.4082,1.0273,4.1084,8.2185,0.966,0.9684,0.9702,53.0241,76.7054,86.5079
2016-09-27,4209102,201639,12.8281,15.767,20.1501,0.0325,0.1892,0.6222,1.5137,0.9681,0.9694,0.9713,62.2865,82.1128,94.9547
2016-09-28,4209102,201639,12.7325,17.4308,24.6139,0.0061,0.0308,0.1711,0.2461,0.9645,0.9684,0.9706,53.3984,80.1129,97.8769
2016-09-29,4209102,201639,14.4731,17.3819,21.0162,0.0,0.0018,0.0129,0.0143,0.9647,0.9661,0.9677,59.0725,78.1141,93.1182
2016-09-30,4209102,201639,13.1255,14.3134,15.4879,0.6336,2.1994,3.0881,17.5951,0.9681,0.9691,0.9706,74.2216,81.4564,90.0367
2016-10-01,4209102,201639,13.3343,14.9801,17.2069,0.1219,2.2945,4.9723,18.356,0.9709,0.9722,0.9735,76.2013,86.648,94.8974
2016-10-02,4209102,201640,14.1291,15.8848,18.1229,0.7902,2.903,5.8304,23.2244,0.9716,0.9732,0.9745,69.2435,84.6152,95.4594
2016-10-03,4209102,201640,14.5728,15.982,17.9746,0.3392,3.6575,8.9345,29.2599,0.966,0.9691,0.9718,85.9463,92.0878,96.9419
2016-10-04,4209102,201640,15.7991,16.2919,17.3521,3.2,8.682,12.6588,69.4563,0.9642,0.9657,0.9667,89.0982,95.7643,98.4593
2016-10-05,4209102,201640,13.8746,16.7047,19.8757,2.5886,5.7154,13.8392,45.7228,0.9622,0.966,0.9679,67.4057,86.1779,97.6729
2016-10-06,4209102,201640,13.6961,15.0775,15.9454,0.4377,17.9301,56.09,143.4406,0.957,0.9592,0.9627,91.7352,95.6344,98.3003
2016-10-07,4209102,201640,13.2278,15.0087,18.4371,1.0921,9.9789,60.3636,79.8314,0.9615,0.9631,0.9649,73.8333,88.5538,96.245
2016-10-08,4209102,201640,12.7703,18.0389,24.3181,0.0021,0.6601,5.1092,5.2806,0.9624,0.9643,0.9654,53.6929,80.877,97.4403
2016-10-09,4209102,201641,14.4764,16.1567,17.9311,0.6023,1.1459,1.9204,9.1669,0.9662,0.9695,0.9717,70.9437,83.1413,95.1658
2016-10-10,4209102,201641,14.2471,15.7762,17.6362,0.5411,2.5753,4.1583,20.6028,0.9708,0.9727,0.9745,76.7963,85.4428,94.095
2016-10-11,4209102,201641,14.1458,16.3163,19.1341,0.1502,2.0589,4.3211,16.4713,0.9664,0.9697,0.9718,80.1949,88.4027,94.9294
2016-10-12,4209102,201641,15.4201,18.5732,22.5325,0.0325,0.6648,3.6187,5.3181,0.9651,0.967,0.9683,71.9573,88.3909,98.9339
2016-10-13,4209102,201641,17.6112,20.7295,25.6682,0.139,1.9718,4.4842,15.7745,0.9586,0.9625,0.9663,73.2807,89.8935,99.1844
2016-10-14,4209102,201641,17.7267,21.1938,26.8892,0.0,2.718,10.2031,21.7437,0.9623,0.9647,0.9669,63.1156,85.2879,96.1572
2016-10-15,4209102,201641,17.0583,19.5939,23.5216,0.6011,1.9501,10.8498,15.6006,0.9641,0.9671,0.9692,75.2944,89.65,97.9139
2016-10-16,4209102,201642,19.0736,23.0768,29.589,0.5527,0.7085,1.0977,5.6676,0.9594,0.9625,0.9658,62.0922,86.5577,98.7298
2016-10-17,4209102,201642,20.1357,24.2843,30.6092,0.0029,0.6134,4.2841,4.9076,0.9602,0.962,0.9634,66.0203,87.5554,98.1698
2016-10-18,4209102,201642,19.4167,21.9967,26.0846,0.0348,0.3167,0.8089,2.5339,0.9614,0.9634,0.9656,74.3404,86.936,95.9609
2016-10-19,4209102,201642,18.8789,21.8363,26.5599,0.0003,0.7464,2.4777,5.9714,0.9589,0.9614,0.9645,74.6371,89.4236,98.3289
2016-10-20,4209102,201642,20.1987,24.106,30.3976,0.0001,2.0744,6.9646,16.5951,0.9587,0.9598,0.9616,66.3026,85.7835,96.6807
2016-10-21,4209102,201642,16.1981,18.5633,21.6708,1.4087,3.2924,7.2608,26.3394,0.9622,0.9649,0.9671,83.4014,88.9245,92.4966
2016-10-22,4209102,201642,15.5828,16.7652,18.4159,0.3311,1.2228,5.3443,9.7823,0.9681,0.9694,0.9709,75.7762,84.0599,92.2465
2016-10-23,4209102,201643,15.503,18.5396,22.2805,0.0173,0.2275,1.3085,1.82,0.9671,0.9694,0.9708,70.9108,83.0738,92.8838
2016-10-24,4209102,201643,17.8067,20.2754,23.3959,0.0026,0.2403,0.6118,1.9221,0.9641,0.9663,0.9684,75.9861,88.8581,98.1985
2016-10-25,4209102,201643,19.177,19.7981,20.7741,0.0506,3.2347,8.7055,25.8776,0.9637,0.9653,0.9666,90.9368,95.8285,97.8167
2016-10-26,4209102,201643,18.9855,20.416,23.5046,1.2208,5.3386,10.8846,42.709,0.9576,0.962,0.9654,83.2698,94.5536,98.7111
2016-10-27,4209102,201643,20.5778,22.156,26.5069,0.8695,2.7911,12.0715,22.3286,0.9525,0.9546,0.9578,37.4924,72.4951,97.3139
2016-10-28,4209102,201643,12.5629,17.559,21.8071,0.0,0.199,1.5899,1.5916,0.9582,0.9631,0.967,41.7381,49.1686,53.6165
2016-10-29,4209102,201643,13.6116,15.8581,18.0506,0.0028,0.0936,0.3042,0.7486,0.9701,0.9725,0.9744,67.287,76.8043,86.0478
2016-10-30,4209102,201644,14.3317,17.0928,20.9992,0.0301,0.1279,0.3326,1.0233,0.969,0.9722,0.9743,59.3054,72.6303,83.723
2016-10-31,4209102,201644,14.9858,18.6155,22.9637,0.0098,0.0983,0.1922,0.7861,0.9632,0.9669,0.9694,66.47,81.1807,92.8631
2016-11-01,4209102,201644,17.7635,21.5753,27.3056,0.0077,0.1595,0.3249,1.2762,0.9604,0.9631,0.9649,63.7065,85.438,98.7047
2016-11-02,4209102,201644,19.0184,23.6424,30.541,0.0043,0.6261,3.0403,5.0089,0.9586,0.9602,0.9612,54.0966,81.4704,98.2405
2016-11-03,4209102,201644,15.015,17.8891,21.882,1.407,5.1001,6.5429,40.8009,0.9624,0.9679,0.9716,68.771,82.9402,93.2178
2016-11-04,4209102,201644,15.8184,18.1822,22.0369,0.1933,1.1931,6.5475,9.5447,0.9711,0.9723,0.9736,67.963,78.7466,86.0301
2016-11-05,4209102,201644,15.3869,18.9482,22.9056,0.0034,0.1709,0.6284,1.3669,0.9716,0.9729,0.9738,59.0536,81.0789,96.7408
2016-11-06,4209102,201645,17.472,19.4638,22.5936,0.1949,0.6948,1.262,5.5584,0.9674,0.97,0.9723,72.1947,84.5754,93.9789
2016-11-07,4209102,201645,18.5141,21.0956,24.4403,0.1795,0.6526,1.4963,5.2209,0.9644,0.9666,0.9682,67.6872,85.8076,99.0335
2016-11-08,4209102,201645,18.0887,21.1535,24.8182,0.0531,0.3045,0.9956,2.4364,0.9626,0.9648,0.9662,65.1193,85.2118,99.4207
2016-11-09,4209102,201645,18.8741,21.4412,24.5967,0.0424,0.9444,3.0175,7.5552,0.9589,0.9619,0.9641,73.4521,87.6272,99.0851
2016-11-10,4209102,201645,18.957,23.41,29.6809,0.0117,0.5141,3.8899,4.1132,0.9581,0.9599,0.961,46.5047,76.5611,95.6838
2016-11-11,4209102,201645,18.4507,22.9479,28.9501,0.0037,0.1083,0.3937,0.8666,0.9594,0.9613,0.9628,53.4003,79.1491,96.3309
2016-11-12,4209102,201645,15.1393,17.2186,19.7274,1.3452,1.8957,2.4962,15.1658,0.9637,0.967,0.9694,64.084,74.8204,90.5057
2016-11-13,4209102,201646,16.4366,17.8702,19.8183,0.0148,0.3178,1.9378,2.5421,0.964,0.9664,0.9684,69.2102,75.2609,83.03
2016-11-14,4209102,201646,17.2967,19.3949,22.579,0.0051,0.2378,0.7541,1.9023,0.9595,0.9625,0.9651,73.5729,83.4559,89.1852
2016-11-15,4209102,201646,18.1741,20.0998,23.2915,0.0738,2.525,6.9481,20.2003,0.9566,0.9592,0.961,81.24,92.4488,98.167
2016-11-16,4209102,201646,18.3946,20.7871,24.3773,0.1693,4.1159,15.0197,32.9274,0.9562,0.9569,0.958,71.8986,88.6285,98.3372
2016-11-17,4209102,201646,18.8702,20.932,24.0994,11.05,14.8761,22.5174,119.0088,0.9579,0.9594,0.9613,71.8293,87.1808,97.6455
2016-11-18,4209102,201646,15.1432,18.8461,22.3444,6.1712,7.85,16.0391,62.8001,0.9605,0.9636,0.9658,37.5084,69.2239,94.2901
2016-11-19,4209102,201646,12.6775,15.9119,18.9428,0.0,0.9094,6.7692,7.2749,0.9663,0.9676,0.9691,62.9681,72.8177,85.8606
2016-11-20,4209102,201647,13.5197,17.7137,22.3946,0.0041,0.0459,0.2976,0.3673,0.9635,0.9657,0.9672,52.2531,74.415,94.1748
2016-11-21,4209102,201647,14.3008,19.8416,26.8168,0.0015,0.011,0.0331,0.088,0.9608,0.9633,0.9651,55.1869,77.1541,93.83
2016-11-22,4209102,201647,17.1002,19.1828,20.6794,0.0534,0.4315,0.9335,3.4517,0.9624,0.9645,0.966,72.1377,82.1428,89.5624
2016-11-23,4209102,201647,17.0712,18.8418,21.5957,0.6604,3.6511,6.7688,29.2085,0.9615,0.9627,0.9636,78.012,88.0773,96.4072
2016-11-24,4209102,201647,17.026,19.4618,22.8472,1.0559,2.4156,7.4766,19.3247,0.9636,0.9654,0.9668,69.5319,82.7908,93.4699
2016-11-25,4209102,201647,17.7931,20.1807,23.7936,0.0401,0.4077,1.9695,3.2616,0.9656,0.9668,0.9679,72.0118,82.5045,90.6763
2016-11-26,4209102,201647,19.5188,21.4549,24.3205,0.1326,0.5681,1.0623,4.5445,0.9643,0.9656,0.9668,75.3878,88.0971,96.9828
2016-11-27,4209102,201648,19.9119,22.4114,25.6298,0.047,0.4295,1.2271,3.4356,0.9615,0.9642,0.9657,74.9526,88.0232,97.7011
2016-11-28,4209102,201648,20.8643,24.1018,30.0751,0.6884,5.6164,26.6024,44.9313,0.9608,0.9618,0.963,64.5535,88.5357,99.1316
2016-11-29,4209102,201648,17.7825,19.8339,22.0214,0.8135,6.1948,30.6673,49.5582,0.9635,0.9655,0.9672,74.2393,89.1674,97.4654
2016-11-30,4209102,201648,15.7422,18.0744,20.4163,0.0493,1.0328,5.0307,8.2622,0.9683,0.9699,0.9714,65.147,80.3796,92.1397
2016-12-01,4209102,201648,15.4205,18.0802,20.5052,0.0915,0.2336,0.9972,1.8688,0.9695,0.971,0.9722,63.4502,74.426,84.2846
2016-12-02,4209102,201648,17.379,19.662,22.264,0.0111,0.1177,0.2775,0.9417,0.9655,0.9686,0.9702,71.3185,82.1169,90.9055
2016-12-03,4209102,201648,19.1745,20.5035,22.6251,0.0936,2.0048,8.5876,16.0384,0.9533,0.9614,0.9657,81.5382,91.8603,96.2924
2016-12-04,4209102,201649,20.1327,21.2701,23.9403,0.0161,2.2578,8.9229,18.0621,0.9528,0.9547,0.9564,66.5942,80.7275,93.3183
2016-12-05,4209102,201649,14.4019,19.7364,25.3703,0.0263,0.4688,3.5514,3.7506,0.9572,0.9583,0.9592,46.4017,72.4149,92.0078
2016-12-06,4209102,201649,15.3725,21.5883,28.8083,0.0,0.0042,0.0288,0.0336,0.9591,0.9607,0.9624,46.8062,73.7741,96.1435
2016-12-07,4209102,201649,17.909,22.2586,27.1321,0.0,0.2045,0.8061,1.6361,0.9591,0.9605,0.9617,64.5281,79.3359,94.496
2016-12-08,4209102,201649,19.355,21.6099,25.1943,0.0015,1.6248,9.111,12.9985,0.9588,0.9607,0.9617,72.2638,88.9291,97.9274
2016-12-09,4209102,201649,19.9587,20.5149,21.2721,0.5395,4.8106,10.9012,38.485,0.9602,0.9609,0.9621,86.5211,93.6517,98.9958
2016-12-10,4209102,201649,18.0908,20.0023,23.4205,0.5287,4.3835,7.4789,35.0682,0.9563,0.9599,0.9623,84.2524,92.3995,97.1876
2016-12-11,4209102,201650,20.208,23.7981,29.3161,0.0015,4.6997,25.3928,37.5973,0.955,0.9563,0.9575,63.8551,85.5997,97.9714
2016-12-12,4209102,201650,19.4698,21.4449,23.1602,0.497,6.2595,30.0539,50.0763,0.9568,0.9585,0.9605,72.1805,84.6671,93.2592
2016-12-13,4209102,201650,19.3839,23.939,30.6365,0.0535,0.7664,4.7104,6.1315,0.9556,0.9578,0.959,49.2957,77.8172,96.6008
2016-12-14,4209102,201650,19.5454,21.0242,23.9047,1.0263,9.408,13.1303,75.2637,0.9594,0.9628,0.9656,79.3281,89.1837,97.3543
2016-12-15,4209102,201650,16.2435,17.6317,18.9943,1.935,5.2909,14.1084,42.3269,0.9685,0.9717,0.9736,65.8185,77.989,90.2343
2016-12-16,4209102,201650,15.5405,17.9336,20.3533,0.0166,1.3041,5.0365,10.4331,0.9713,0.9735,0.9749,70.5145,78.1685,85.262
2016-12-17,4209102,201650,17.8796,19.6311,22.0017,1.3704,3.4103,5.062,27.2821,0.968,0.9703,0.9716,78.5193,89.8863,97.2086
2016-12-18,4209102,201651,19.052,21.9851,25.7397,0.0998,1.1637,5.3093,9.3098,0.9637,0.9665,0.969,70.6107,85.6603,97.7298
2016-12-19,4209102,201651,19.8576,23.6331,29.1965,0.0451,1.8032,6.4448,14.4256,0.9603,0.9629,0.9649,60.1699,84.4377,99.2832
2016-12-20,4209102,201651,20.4695,23.2586,28.641,0.0,6.8082,27.9357,54.4658,0.9606,0.9615,0.962,65.6572,86.6619,95.2201
2016-12-21,4209102,201651,19.9588,21.9249,24.3999,1.7299,8.0758,34.8665,64.6061,0.9615,0.9625,0.9635,81.6629,92.5101,99.099
2016-12-22,4209102,201651,19.7693,23.052,27.6891,0.3382,2.7582,11.7818,22.0653,0.9626,0.9643,0.966,69.9899,87.9555,98.9762
2016-12-23,4209102,201651,20.9711,25.5905,30.5979,0.4296,1.1945,2.0712,9.5558,0.9613,0.9632,0.9645,52.7236,76.5325,93.726
2016-12-24,4209102,201651,21.6163,25.4557,30.7288,0.0,1.2123,5.0495,9.6986,0.9607,0.962,0.9634,58.2048,76.7078,84.6377
2016-12-25,4209102,201652,21.5146,23.7063,26.2865,0.2902,1.5748,5.0805,12.5985,0.9604,0.9624,0.9636,76.1707,87.5994,96.5601
2016-12-26,4209102,201652,22.5365,26.4598,31.6573,0.0307,0.5543,2.4234,4.4343,0.9571,0.9598,0.9623,61.5294,81.8188,97.3048
2016-12-27,4209102,201652,24.2939,28.8133,34.6909,0.0247,0.5703,2.0192,4.5626,0.959,0.9601,0.9615,46.5699,75.049,95.6476
2016-12-28,4209102,201652,23.3179,25.8932,27.4239,0.0352,1.4199,3.8048,11.3591,0.9617,0.963,0.9645,78.3867,87.1813,98.3824
2016-12-29,4209102,201652,23.1408,25.2522,28.5079,0.4573,3.716,12.3986,29.7279,0.9614,0.9633,0.9648,71.6934,87.2898,97.2042
2016-12-30,4209102,201652,23.0113,24.8366,27.6919,0.6652,6.1273,20.2488,49.0183,0.9603,0.9616,0.9627,78.8426,90.3813,98.5828
2016-12-31,4209102,201652,22.2799,25.3431,28.5789,0.0,2.0291,9.4191,16.2326,0.9595,0.961,0.9622,69.1228,84.7337,96.7032
2017-01-01,4209102,201701,22.0566,26.3472,31.4811,0.386,1.9324,6.3423,15.459,0.959,0.9604,0.9616,59.9704,79.448,93.4925
2017-01-02,4209102,201701,22.201,25.5717,30.4989,0.0,3.1757,10.8676,25.4057,0.9604,0.961,0.9615,65.0169,83.2642,94.1428
2017-01-03,4209102,201701,21.8474,24.1628,27.0987,1.6934,3.8886,11.811,31.1092,0.9599,0.9629,0.9647,70.9857,85.755,97.4547
2017-01-04,4209102,201701,21.8669,25.7997,31.0111,0.0043,2.6357,9.0415,21.0854,0.9593,0.9608,0.9626,63.4045,83.4713,97.875
2017-01-05,4209102,201701,23.7058,26.5012,30.7518,0.0,2.7197,9.0415,21.7574,0.9599,0.9611,0.9618,58.8914,80.0932,91.5976
2017-01-06,4209102,201701,22.6337,23.6193,24.6915,0.6273,4.9434,10.5444,39.5468,0.962,0.9641,0.9661,79.5131,90.5454,97.003
2017-01-07,4209102,201701,21.0948,22.9723,25.3708,0.762,3.6847,9.5094,29.4773,0.9629,0.9654,0.9667,76.1472,87.6011,96.3147
2017-01-08,4209102,201702,22.5553,25.5201,30.2737,0.038,1.7096,5.7049,13.6767,0.9586,0.9619,0.9645,66.7929,82.8107,95.2324
2017-01-09,4209102,201702,22.7152,27.0656,32.3989,0.1203,1.2079,6.0776,9.6634,0.9557,0.9584,0.9609,60.4125,82.1492,98.2506
2017-01-10,4209102,201702,23.5152,27.0801,32.2541,2.1047,4.8591,11.0199,38.873,0.9565,0.9578,0.9591,61.9732,81.6628,95.4686
2017-01-11,4209102,201702,23.2038,24.7895,28.1871,0.3921,6.428,18.6933,51.4238,0.9595,0.9609,0.9619,74.2955,88.7894,96.4548
2017-01-12,4209102,201702,21.0979,22.5868,24.2353,4.3192,9.9355,25.6713,79.4837,0.9626,0.9646,0.9662,78.8141,87.5685,95.9502
2017-01-13,4209102,201702,16.4798,22.4102,28.5168,0.091,1.3661,10.2485,10.9289,0.9603,0.964,0.9665,52.1238,77.6215,95.9117
2017-01-14,4209102,201702,19.9977,24.4937,30.5495,0.0,0.0669,0.3842,0.5351,0.9581,0.9602,0.9621,54.917,80.409,97.9519
2017-01-15,4209102,201703,21.7894,25.1151,28.7625,0.1393,0.3316,0.7905,2.6528,0.9588,0.9603,0.9615,62.5019,83.0265,99.2553
2017-01-16,4209102,201703,20.8174,24.7457,29.5704,0.3884,0.6078,1.4413,4.8628,0.9577,0.9602,0.9617,57.0105,81.2791,98.1724
2017-01-17,4209102,201703,22.4616,25.2684,28.7772,1.3178,8.5375,17.8344,68.2996,0.9535,0.957,0.9596,67.4107,84.5658,97.4176
2017-01-18,4209102,201703,22.5905,25.4973,30.3925,0.0,4.6807,20.1932,37.4456,0.9556,0.9579,0.9607,58.7133,79.5389,90.1703
2017-01-19,4209102,201703,21.0394,23.0394,25.4766,2.9534,6.1317,15.2532,49.0534,0.9633,0.9648,0.9661,75.6503,87.0864,96.8918
2017-01-20,4209102,201703,19.8968,22.2155,24.7502,0.7353,2.5157,7.1711,20.1257,0.9667,0.9679,0.9693,70.2096,83.0216,94.9068
2017-01-21,4209102,201703,19.7329,22.1854,25.343,0.6515,2.1593,4.1274,17.2747,0.9657,0.9675,0.9688,69.1603,84.0368,94.4246
2017-01-22,4209102,201704,20.39,22.4017,25.8121,0.3773,3.5723,10.5269,28.5788,0.9626,0.9648,0.9662,73.1576,89.0907,97.8161
2017-01-23,4209102,201704,20.7327,23.0316,26.2687,0.0274,2.861,11.0982,22.8878,0.9618,0.9634,0.9646,74.6593,87.4249,97.0709
2017-01-24,4209102,201704,19.6447,23.7596,28.3801,0.0064,2.8143,8.6791,22.5147,0.9601,0.9622,0.9636,67.1805,84.7822,97.5162
2017-01-25,4209102,201704,21.8598,24.916,29.5217,0.0204,2.137,10.5333,17.0963,0.9577,0.9601,0.9617,64.514,83.1109,95.1227
2017-01-26,4209102,201704,20.3376,23.6871,28.2814,0.4047,4.0937,16.1932,32.7493,0.9594,0.961,0.9623,66.02,85.9889,96.4954
2017-01-27,4209102,201704,19.4244,21.5832,23.6923,23.4576,27.5721,41.5956,220.5767,0.9634,0.9655,0.9674,72.1707,83.4406,96.3073
2017-01-28,4209102,201704,20.1621,21.213,22.6236,0.3997,6.1259,27.4544,49.0072,0.9679,0.969,0.9704,84.0281,90.0372,94.9398
2017-01-29,4209102,201705,20.1585,21.8808,25.117,1.6406,7.0476,10.7,56.3809,0.9681,0.9692,0.9704,80.5961,91.7035,97.0325
2017-01-30,4209102,201705,21.6456,23.3098,25.3966,0.781,4.2151,10.2575,33.7208,0.9668,0.9683,0.9695,88.4204,93.5829,98.6317
2017-01-31,4209102,201705,21.3893,22.2781,23.7793,0.2324,5.0165,12.5699,40.132,0.9648,0.9672,0.9687,92.4447,96.0658,98.8684
2017-02-01,4209102,201705,20.0396,22.1366,24.3913,0.2543,6.3058,17.1308,50.4461,0.9611,0.9637,0.9658,85.1472,94.4853,99.0498
2017-02-02,4209102,201705,20.344,23.1939,27.5365,0.1891,6.036,19.5291,48.2878,0.9576,0.9604,0.9624,74.2844,89.3996,98.4695
2017-02-03,4209102,201705,21.159,23.7096,26.2214,0.2629,4.13,16.4477,33.0404,0.9585,0.9596,0.9608,77.5369,87.4075,95.512
2017-02-04,4209102,201705,20.6863,24.2626,28.6174,0.0481,2.0969,9.4783,16.7749,0.9593,0.9606,0.9615,68.571,86.8286,98.8434
2017-02-05,4209102,201706,22.0679,25.9498,30.371,0.0362,0.6769,3.8663,5.4148,0.9578,0.9602,0.9615,62.6927,83.7959,98.2003
2017-02-06,4209102,201706,22.8228,24.9805,27.9766,0.0953,7.5557,27.3297,60.4455,0.9587,0.9595,0.9601,78.3308,90.5674,97.7578
2017-02-07,4209102,201706,21.2984,22.3388,22.9827,1.4419,7.9279,28.0243,63.4228,0.9603,0.9618,0.9638,80.0649,88.6487,95.1752
2017-02-08,4209102,201706,20.4965,22.1536,24.4392,0.8801,3.1175,7.5818,24.9401,0.9638,0.9645,0.9655,76.0233,86.1166,94.2259
2017-02-09,4209102,201706,21.0668,22.686,25.25,0.2217,1.6895,4.1462,13.5158,0.9647,0.9655,0.9665,73.4673,85.5595,94.3983
2017-02-10,4209102,201706,20.4621,22.926,25.4964,0.2732,1.7875,3.7447,14.2998,0.9633,0.9649,0.9659,70.4518,83.5626,96.4179
2017-02-11,4209102,201706,19.8259,22.9719,26.7893,0.006,2.2389,9.1582,17.9114,0.9601,0.9627,0.9648,77.0571,86.6701,94.5298
2017-02-12,4209102,201707,22.261,24.435,27.3002,0.7249,4.4176,9.7691,35.341,0.9586,0.9601,0.9614,75.5676,90.0441,98.889
2017-02-13,4209102,201707,22.4093,24.179,26.6645,4.4375,7.6989,10.4153,61.5908,0.96,0.9609,0.9618,79.0699,90.7344,97.1018
2017-02-14,4209102,201707,22.5338,24.9677,28.9564,0.1221,1.7376,10.8148,13.9007,0.9636,0.965,0.9667,70.5157,88.4157,98.9503
2017-02-15,4209102,201707,22.5339,25.704,29.7786,0.0833,0.433,1.3835,3.4643,0.9671,0.9685,0.9699,64.4818,85.2804,99.2142
2017-02-16,4209102,201707,23.1845,25.8427,29.5565,0.0475,0.2315,0.7711,1.8516,0.964,0.9674,0.969,66.6924,85.222,99.1301
2017-02-17,4209102,201707,22.5492,25.8338,30.4931,0.0001,0.0776,0.3242,0.621,0.9622,0.9643,0.9654,61.3483,82.548,97.7564
2017-02-18,4209102,201707,22.6817,25.5767,29.0509,0.0064,0.8593,4.292,6.8743,0.963,0.9638,0.9646,69.1395,85.2281,97.8347
2017-02-19,4209102,201708,23.4159,26.163,30.1357,0.0009,0.3536,1.189,2.829,0.9644,0.9655,0.9666,62.4479,83.703,97.7947
2017-02-20,4209102,201708,22.0667,25.2441,28.8004,0.1137,0.3187,1.0702,2.5494,0.9666,0.9677,0.9693,62.4489,83.2992,98.8568
2017-02-21,4209102,201708,21.9856,24.9311,28.7863,0.1172,0.2685,0.4478,2.1482,0.9659,0.9679,0.9695,59.2131,82.5287,98.5561
2017-02-22,4209102,201708,21.5615,24.7917,29.6496,0.1012,0.1845,0.3106,1.4759,0.9632,0.9659,0.9675,55.0644,81.866,98.3251
2017-02-23,4209102,201708,22.0866,25.6702,30.7791,0.0025,1.105,5.2922,8.8398,0.9613,0.9634,0.9648,61.6225,83.5419,98.4553
2017-02-24,4209102,201708,22.3719,24.9791,28.9521,0.1547,1.813,6.7442,14.504,0.9604,0.962,0.9635,65.0141,84.0325,94.5988
2017-02-25,4209102,201708,20.5621,23.8267,28.1737,1.8279,5.5618,13.6064,44.4941,0.9603,0.9615,0.9626,67.9382,87.0113,97.4934
2017-02-26,4209102,201709,21.5792,23.4028,26.4805,0.3429,3.0666,14.4457,24.5326,0.9621,0.9627,0.9639,75.6515,88.4601,96.4423
2017-02-27,4209102,201709,20.9564,23.3759,26.8259,2.8081,3.5447,6.4799,28.3578,0.9603,0.9626,0.9644,65.8747,84.8136,98.4885
2017-02-28,4209102,201709,21.1529,24.7701,29.735,0.021,2.2185,8.8565,17.7482,0.956,0.9593,0.9614,64.2546,83.6571,96.6218
2017-03-01,4209102,201709,21.5398,25.6142,31.3052,0.3069,3.5454,14.8523,28.3634,0.9553,0.9568,0.9578,56.4687,82.9457,96.9388
2017-03-02,4209102,201709,22.6563,24.6286,27.0625,0.1279,7.0705,16.0505,56.5637,0.9592,0.9601,0.9615,80.7441,89.5385,95.572
2017-03-03,4209102,201709,21.97,25.3571,29.3469,0.0904,3.0701,13.3207,24.561,0.9598,0.9617,0.9631,71.1429,86.5068,97.7686
2017-03-04,4209102,201709,22.0539,26.2037,30.7283,0.1733,0.9923,5.8021,7.9384,0.9562,0.9593,0.9615,60.355,79.9086,95.4938
2017-03-05,4209102,201710,24.0221,25.7902,29.8869,0.0,9.4269,40.3504,75.4153,0.956,0.9576,0.9587,66.6913,82.9124,93.297
2017-03-06,4209102,201710,21.852,23.1715,25.0215,4.0364,16.3182,46.0449,130.5457,0.9611,0.9629,0.9647,77.7988,89.364,96.4088
2017-03-07,4209102,201710,21.4248,23.0493,25.3252,0.0516,5.717,19.0077,45.7364,0.9639,0.9651,0.9662,80.438,89.3413,95.0364
2017-03-08,4209102,201710,21.3941,22.7606,24.8971,1.1256,5.6137,20.4033,44.9094,0.9642,0.9657,0.9667,80.9119,90.9067,96.9226
2017-03-09,4209102,201710,21.4871,24.0176,27.9568,0.3377,2.1428,9.4836,17.1421,0.9597,0.963,0.9653,69.2568,87.3812,97.3206
2017-03-10,4209102,201710,23.3278,26.393,31.5527,0.0237,0.843,4.5853,6.744,0.9602,0.9616,0.9629,64.8299,85.2923,98.2454
2017-03-11,4209102,201710,22.3246,23.4691,24.772,0.6676,3.8879,6.1343,31.1034,0.9639,0.9653,0.9669,77.6835,88.9925,96.6266
2017-03-12,4209102,201711,21.916,25.6449,32.3631,0.0048,0.9709,6.147,7.7674,0.9588,0.9626,0.9662,54.9852,79.0985,92.2174
2017-03-13,4209102,201711,20.2507,23.0194,25.7438,0.0001,0.2962,1.5003,2.37,0.9606,0.9635,0.9659,59.4948,76.0365,87.0425
2017-03-14,4209102,201711,19.522,21.6826,24.4197,0.3754,0.7596,1.3465,6.0764,0.9646,0.9666,0.9679,67.6723,78.2018,87.0025
2017-03-15,4209102,201711,20.5312,22.4514,25.4606,0.0026,0.6826,2.1113,5.4605,0.9645,0.9663,0.9681,78.2167,85.4699,91.6355
2017-03-16,4209102,201711,21.7394,24.5396,28.6878,0.0633,0.9656,3.7906,7.725,0.9607,0.9637,0.9661,62.3798,84.1977,97.9196
2017-03-17,4209102,201711,20.0652,21.3397,23.3959,0.0,1.1331,3.791,9.0645,0.9623,0.9646,0.9668,80.6596,89.4948,96.0906
2017-03-18,4209102,201711,17.5624,18.6394,19.7372,0.3931,1.6211,3.2143,12.9691,0.9684,0.9693,0.971,74.4714,79.0466,88.3265
2017-03-19,4209102,201712,17.805,18.6971,19.9458,0.2984,3.6962,9.3246,29.5695,0.9683,0.9694,0.9703,80.3545,88.5262,95.0805
2017-03-20,4209102,201712,17.9047,19.2471,21.5641,0.9067,5.3865,11.8374,43.092,0.969,0.9702,0.9716,81.1235,91.3652,97.0815
2017-03-21,4209102,201712,17.5102,19.4566,22.1442,0.2243,3.2783,10.1908,26.2266,0.971,0.9717,0.9732,80.0618,89.4717,97.1713
2017-03-22,4209102,201712,18.2256,19.9965,22.5686,1.6943,4.1316,7.9033,33.0526,0.9694,0.9712,0.9728,85.6211,91.6052,96.1444
2017-03-23,4209102,201712,19.1247,20.5631,23.2073,1.9261,6.0563,11.512,48.4501,0.9659,0.9683,0.9701,81.5351,92.8542,98.8502
2017-03-24,4209102,201712,18.9002,21.6859,25.2223,1.4206,3.5931,12.4579,28.7451,0.9625,0.965,0.9668,74.2828,86.963,97.9651
2017-03-25,4209102,201712,19.0888,21.7171,25.0314,0.0698,1.2619,5.4919,10.0951,0.9629,0.9641,0.9653,74.6333,88.0186,98.1098
2017-03-26,4209102,201713,19.1566,20.9712,23.6928,0.3492,1.2606,3.2098,10.0851,0.9652,0.966,0.9675,72.0936,87.3355,97.1138
2017-03-27,4209102,201713,19.022,20.4513,22.2577,0.6926,3.0762,8.1296,24.6099,0.9659,0.9668,0.9681,82.0748,91.6704,98.0918
2017-03-28,4209102,201713,18.8504,20.1228,22.7879,0.2853,6.1161,16.0319,48.929,0.9674,0.9685,0.9696,83.2612,92.0047,96.4163
2017-03-29,4209102,201713,18.0781,19.6573,21.6356,2.4033,8.9048,17.9563,71.2381,0.968,0.9695,0.9706,78.4393,90.0182,97.4589
2017-03-30,4209102,201713,16.469,19.3142,22.046,0.249,2.6176,11.785,20.9408,0.9668,0.968,0.9692,68.9469,83.986,96.6011
2017-03-31,4209102,201713,16.5228,18.9784,21.9342,0.2323,2.0236,3.1211,16.1887,0.9684,0.9696,0.9711,63.4332,82.6287,96.8723
2017-04-01,4209102,201713,16.6087,18.7912,21.7688,0.2756,2.3867,4.2857,19.0932,0.9707,0.9716,0.9725,69.9337,83.8907,93.3373
2017-04-02,4209102,201714,17.0415,18.8903,22.5123,1.1408,3.7141,6.4091,29.7132,0.9662,0.9688,0.9717,75.0461,88.0971,96.3114
2017-04-03,4209102,201714,17.9736,20.0469,23.2415,0.2758,2.4805,7.0427,19.8443,0.9646,0.9665,0.9678,82.4527,92.2471,99.1489
2017-04-04,4209102,201714,19.0286,21.3712,25.1834,0.0682,0.7359,4.8355,5.8876,0.9633,0.9652,0.9669,65.4689,86.78,98.5642
2017-04-05,4209102,201714,19.9683,21.8621,24.2007,0.0628,1.9835,6.2887,15.8676,0.96,0.9631,0.9649,83.5425,92.7075,98.6148
2017-04-06,4209102,201714,20.4306,21.5945,22.773,2.3295,7.2506,14.4952,58.0049,0.9612,0.9627,0.9643,87.748,93.7121,96.7388
2017-04-07,4209102,201714,18.5135,19.8878,21.0861,0.5311,3.7515,14.7633,30.0122,0.9653,0.9662,0.9677,85.575,92.6286,97.1509
2017-04-08,4209102,201714,19.9316,21.5212,24.5684,1.3667,3.3015,5.6535,26.4121,0.9667,0.9675,0.9685,81.0815,92.8733,98.6609
2017-04-09,4209102,201715,20.218,21.9218,24.7932,1.0267,2.8763,5.543,23.0107,0.9665,0.9679,0.9692,76.8271,90.5364,98.4325
2017-04-10,4209102,201715,20.6667,22.2313,24.5533,0.8265,3.0377,4.5465,24.3017,0.964,0.9663,0.9683,82.0358,92.4282,97.5455
2017-04-11,4209102,201715,21.0274,23.5866,28.146,0.0151,2.1087,8.9346,16.8699,0.9615,0.9638,0.9656,68.8637,89.2263,99.33
2017-04-12,4209102,201715,19.4411,20.4573,21.6411,1.7851,5.1665,15.6093,41.3324,0.9659,0.9677,0.9699,71.0828,82.4172,98.2727
2017-04-13,4209102,201715,16.7637,18.4907,20.2239,0.1725,1.7414,4.7117,13.9315,0.9686,0.9701,0.9713,74.298,79.8902,84.9259
2017-04-14,4209102,201715,15.9767,19.967,23.9017,0.4092,0.8701,2.8763,6.9612,0.9672,0.9687,0.9701,61.3738,82.0498,96.6967
2017-04-15,4209102,201715,18.1411,21.225,25.6479,0.0023,0.0852,0.6166,0.6815,0.9665,0.968,0.9695,66.4187,85.9553,97.6451
2017-04-16,4209102,201716,19.6724,21.4254,24.4303,0.0001,2.1497,10.9089,17.1979,0.9631,0.9654,0.9675,77.3473,90.6642,98.0798
2017-04-17,4209102,201716,17.8289,18.48,19.4331,1.6004,5.1882,16.3092,41.506,0.9665,0.9675,0.9687,85.6315,91.8022,95.1218
2017-04-18,4209102,201716,17.3882,18.4987,20.2702,1.2111,7.9285,13.2295,63.4283,0.9683,0.9695,0.9709,81.7107,91.1277,97.3053
2017-04-19,4209102,201716,16.1191,18.9037,21.712,0.0891,1.9396,13.327,15.5167,0.9674,0.9695,0.9709,64.6246,82.495,95.7063
2017-04-20,4209102,201716,16.4902,19.6079,23.3623,0.0507,0.1705,0.6341,1.3643,0.9617,0.9655,0.9683,69.3053,86.5732,96.9805
2017-04-21,4209102,201716,19.5158,21.683,26.0012,0.0435,4.1176,7.3136,32.9405,0.958,0.9602,0.9621,64.219,87.773,97.4082
2017-04-22,4209102,201716,16.741,19.8534,21.7311,0.1181,1.333,8.4172,10.6643,0.9611,0.9643,0.9681,71.0423,82.2675,92.115
2017-04-23,4209102,201717,15.4454,18.3474,20.7922,0.0696,0.2383,0.6675,1.9067,0.9689,0.9701,0.9714,68.4523,80.1408,90.6354
2017-04-24,4209102,201717,15.737,18.9446,22.2597,0.015,0.2251,0.5743,1.8006,0.9664,0.9688,0.9704,70.3573,86.0336,98.012
2017-04-25,4209102,201717,18.2721,20.454,23.6103,0.0353,0.2348,0.6602,1.8786,0.9602,0.9639,0.9672,74.4512,89.8655,97.913
2017-04-26,4209102,201717,19.562,22.0016,26.5812,0.2979,4.415,8.0877,35.32,0.9547,0.957,0.9612,66.9844,87.8346,97.9471
2017-04-27,4209102,201717,12.8526,16.914,20.2433,0.0,1.0117,8.0877,8.0933,0.96,0.9651,0.9682,46.954,63.7095,75.9946
2017-04-28,4209102,201717,9.9267,15.3389,20.2856,0.0009,0.0025,0.0036,0.0196,0.9698,0.9715,0.9735,56.5692,71.6917,87.948
2017-04-29,4209102,201717,10.0579,14.7727,20.1471,0.0001,0.0011,0.0036,0.0084,0.9721,0.9731,0.9744,59.1108,82.2214,99.1215
2017-04-30,4209102,201718,11.1966,15.7483,20.7563,0.0,0.0033,0.0175,0.0266,0.9725,0.9738,0.9751,64.1361,83.5318,98.1239
2017-05-01,4209102,201718,15.719,17.2739,19.1377,0.022,0.4302,1.2955,3.4415,0.9715,0.973,0.9742,84.5429,91.805,97.5722
2017-05-02,4209102,201718,15.6465,17.4335,19.9809,0.0009,1.8319,5.3606,14.6549,0.9697,0.971,0.9722,82.4191,94.0486,99.3054
2017-05-03,4209102,201718,15.776,18.5224,22.2069,0.0283,0.9194,5.6104,7.3556,0.9685,0.9703,0.9723,73.3177,90.0185,98.5819
2017-05-04,4209102,201718,17.7824,19.4902,22.0902,0.0165,0.8357,4.8706,6.6859,0.9652,0.9675,0.9695,73.6324,91.1079,99.302
2017-05-05,4209102,201718,17.4916,19.3052,21.9667,0.3757,3.4471,8.6184,27.5771,0.9645,0.9658,0.9673,81.1727,92.366,98.9533
2017-05-06,4209102,201718,17.0829,19.4393,22.8602,0.2991,1.5416,8.5467,12.3329,0.9665,0.9676,0.9688,65.6187,86.5594,97.8028
2017-05-07,4209102,201719,18.0216,19.4475,21.8859,0.9621,2.5798,3.9853,20.6384,0.9665,0.968,0.9692,81.2997,91.1168,97.1282
2017-05-08,4209102,201719,16.7453,19.3485,23.2322,0.1151,0.6777,4.1587,5.4217,0.9626,0.9652,0.9672,65.2234,86.1664,99.1678
2017-05-09,4209102,201719,14.9048,19.305,25.5081,0.0,0.0496,0.2421,0.3971,0.9627,0.9638,0.9651,60.8141,82.9992,98.3024
2017-05-10,4209102,201719,18.0859,18.6442,19.3395,0.2114,2.2252,3.4914,17.8017,0.967,0.9684,0.9699,80.4602,89.2516,96.014
2017-05-11,4209102,201719,15.8275,16.5801,17.5956,0.9759,2.3331,4.3463,18.6648,0.9696,0.9705,0.972,80.8658,87.9998,93.2903
2017-05-12,4209102,201719,15.1239,17.3308,20.3952,0.1125,0.9199,2.9543,7.359,0.9663,0.9691,0.9707,73.7786,86.5682,95.3657
2017-05-13,4209102,201719,15.3781,19.4649,26.1183,0.0116,0.1753,1.0042,1.4023,0.9583,0.9639,0.967,62.0529,85.6098,97.1147
2017-05-14,4209102,201720,19.0039,20.8627,24.8427,0.0001,5.0977,6.7836,40.782,0.955,0.9574,0.9594,50.3268,73.8901,88.0595
2017-05-15,4209102,201720,12.5687,17.1847,21.6005,0.0,0.848,6.7836,6.7836,0.9624,0.9642,0.966,58.0537,76.995,91.4728
2017-05-16,4209102,201720,14.8722,17.1375,19.8526,0.0092,0.6238,1.1774,4.9906,0.9663,0.9673,0.9687,71.0435,86.437,97.1576
2017-05-17,4209102,201720,14.9013,17.465,20.3006,0.227,0.6481,1.3793,5.1846,0.9672,0.9685,0.9697,69.5691,87.0504,98.0158
2017-05-18,4209102,201720,15.8816,17.1189,19.2221,0.2129,2.9,11.3441,23.2001,0.9661,0.9678,0.9694,84.7834,94.2049,98.6207
2017-05-19,4209102,201720,16.8177,17.3198,17.9214,2.8091,22.3929,35.7576,179.143,0.9621,0.9637,0.9662,92.2534,95.2814,96.8426
2017-05-20,4209102,201720,17.5598,18.4628,20.1927,2.2617,10.3399,37.7616,82.7191,0.9636,0.9649,0.9662,88.9807,94.1869,97.2471
2017-05-21,4209102,201721,18.3823,19.2777,20.846,0.3838,9.755,19.5477,78.0401,0.9635,0.9648,0.9662,95.3167,97.3532,99.2337
2017-05-22,4209102,201721,16.4454,17.9229,18.5025,0.1202,4.4927,19.8851,35.9419,0.9658,0.9675,0.9689,87.0859,93.2766,97.4668
2017-05-23,4209102,201721,12.5404,16.1871,19.4633,0.0112,0.6185,4.8247,4.9483,0.9694,0.9707,0.9719,75.0132,89.0683,98.8467
2017-05-24,4209102,201721,16.0954,18.556,22.773,0.0994,3.0569,5.317,24.4549,0.9676,0.9689,0.9701,69.3419,88.4704,96.3829
2017-05-25,4209102,201721,16.7433,19.501,23.9012,0.0,0.6846,5.317,5.4771,0.9668,0.968,0.969,76.0531,91.2239,98.4788
2017-05-26,4209102,201721,18.1041,21.6749,26.785,0.0073,0.0349,0.0481,0.2793,0.9647,0.9664,0.9675,73.333,89.5126,98.0328
2017-05-27,4209102,201721,17.7479,19.2688,21.2377,0.012,7.4193,13.4604,59.3545,0.9675,0.9698,0.9722,91.7218,96.245,99.4432
2017-05-28,4209102,201722,16.9912,17.936,19.2097,2.0036,6.4097,15.8463,51.2778,0.9694,0.9713,0.9724,89.3696,95.1911,97.3896
2017-05-29,4209102,201722,16.554,19.6808,23.7132,0.0037,0.8435,6.6306,6.7479,0.9664,0.9684,0.9699,76.7072,91.0092,98.8491
2017-05-30,4209102,201722,16.1585,17.4551,19.4223,0.5632,8.2223,17.7758,65.7785,0.9688,0.9699,0.9718,89.3324,94.5142,97.0655
2017-05-31,4209102,201722,16.227,16.9963,18.3543,0.5412,8.248,19.0588,65.9843,0.9627,0.9663,0.969,91.7846,96.0579,98.7096
2017-06-01,4209102,201722,15.3679,17.4626,19.9912,13.515,16.5739,29.3654,132.5913,0.9599,0.9616,0.9631,55.3558,80.1143,98.7353
2017-06-02,4209102,201722,12.6415,16.3004,20.0206,0.0,1.8897,15.0309,15.1177,0.9639,0.9672,0.9694,63.5847,72.5839,83.4523
2017-06-03,4209102,201722,14.9424,17.104,20.2394,0.0883,0.3578,0.5817,2.8626,0.9677,0.9697,0.9709,67.825,84.9601,94.1447
2017-06-04,4209102,201723,13.9595,16.6009,20.4203,0.0004,0.6164,1.5606,4.931,0.9638,0.9663,0.9683,75.4009,89.8873,97.6251
2017-06-05,4209102,201723,16.9259,18.6151,21.5053,1.031,5.5672,9.9132,44.5375,0.9613,0.9633,0.9643,81.9042,92.0698,96.7215
2017-06-06,4209102,201723,17.4075,18.96,21.5826,1.3504,11.9659,24.574,95.7273,0.9621,0.9631,0.965,85.626,95.4502,98.3546
2017-06-07,4209102,201723,18.5731,19.3775,21.0923,3.4887,7.2137,26.2806,57.7097,0.9623,0.9636,0.9649,88.6751,95.4336,98.5822
2017-06-08,4209102,201723,18.8033,21.5631,27.2206,0.0396,0.9629,5.827,7.7032,0.9552,0.9583,0.9619,66.9193,86.2903,98.9551
2017-06-09,4209102,201723,14.1369,17.1665,19.8306,0.3171,0.5098,1.6152,4.0786,0.9615,0.9632,0.9656,52.4237,66.4108,83.8965
2017-06-10,4209102,201723,7.4371,12.3126,18.3579,0.0,0.0521,0.4153,0.417,0.9661,0.9677,0.969,48.0903,61.2579,74.3588
2017-06-11,4209102,201724,8.517,13.2671,19.4502,0.0,0.0001,0.0009,0.0009,0.9666,0.9675,0.9688,57.6484,79.5409,89.0032
2017-06-12,4209102,201724,9.0774,13.5325,19.4425,0.0,0.0001,0.0009,0.0009,0.9671,0.9682,0.9692,66.8072,87.3507,98.1801
2017-06-13,4209102,201724,11.7155,14.9951,20.0897,0.0009,0.0119,0.0188,0.095,0.9682,0.9693,0.9704,69.8976,88.7749,98.8664
2017-06-14,4209102,201724,10.9709,15.0862,19.396,0.0,0.0049,0.0193,0.0393,0.9701,0.9719,0.9736,71.2252,88.7607,98.6712
2017-06-15,4209102,201724,15.6345,17.1154,19.8102,0.1636,1.8413,2.7177,14.7305,0.9722,0.974,0.9755,76.6353,90.3176,97.8408
2017-06-16,4209102,201724,15.3143,17.7497,21.9858,0.0011,0.3491,2.7265,2.7926,0.9675,0.9709,0.9732,65.1983,88.3818,98.9473
2017-06-17,4209102,201724,12.5123,17.0494,23.7408,0.0019,0.0054,0.0168,0.0433,0.9637,0.9662,0.968,63.2678,84.687,97.9184
2017-06-18,4209102,201725,14.8242,19.6635,27.051,0.0,0.0006,0.0044,0.0044,0.9622,0.964,0.9654,48.9551,75.255,89.3745
2017-06-19,4209102,201725,12.5424,15.2882,19.0636,0.0,2.3006,8.315,18.4047,0.9636,0.967,0.9709,76.1061,89.4826,95.5625
2017-06-20,4209102,201725,10.5721,11.5244,12.4772,1.3225,4.4622,10.3745,35.6977,0.9729,0.9745,0.9761,78.4788,86.3144,93.5714
2017-06-21,4209102,201725,12.0262,13.3208,15.5921,0.0006,0.6643,4.6691,5.3141,0.9751,0.9762,0.9773,82.5089,84.8222,87.7841
2017-06-22,4209102,201725,14.4583,15.8928,18.492,0.0489,0.2262,0.4859,1.8097,0.9726,0.9744,0.9761,84.2497,91.1754,95.7722
2017-06-23,4209102,201725,15.8524,17.7635,21.1001,0.0388,0.1931,0.3534,1.5448,0.9726,0.9738,0.9751,70.3583,89.6703,98.9452
2017-06-24,4209102,201725,15.7395,17.909,21.436,0.0801,0.2134,0.3251,1.7069,0.9737,0.9748,0.9761,72.8073,90.4435,98.9946
2017-06-25,4209102,201726,16.4868,18.111,21.3366,0.0264,0.0832,0.3237,0.6659,0.9734,0.9749,0.9761,66.8432,88.5338,99.3084
2017-06-26,4209102,201726,14.399,17.1019,21.3076,0.1036,0.3745,0.459,2.9962,0.9708,0.9734,0.975,62.4999,87.3877,98.8344
2017-06-27,4209102,201726,13.2819,16.2722,20.4443,0.0002,0.0713,0.459,0.5705,0.9706,0.9719,0.9733,74.1495,90.7182,99.0985
2017-06-28,4209102,201726,12.9609,17.0055,22.6794,0.0006,0.0096,0.0303,0.077,0.9702,0.9719,0.9729,61.8609,85.3337,99.0989
2017-06-29,4209102,201726,11.8375,16.9699,23.5466,0.0,0.0017,0.0102,0.0137,0.9683,0.9704,0.9716,55.4145,78.3075,90.0406
2017-06-30,4209102,201726,14.9145,18.638,25.0311,0.0,0.0696,0.5478,0.5568,0.9673,0.9686,0.9696,53.7158,77.2353,89.833
2017-07-01,4209102,201726,15.5364,16.1857,17.1438,0.5554,2.4377,4.0591,19.5014,0.971,0.9733,0.9751,79.1344,92.3225,98.4945
2017-07-02,4209102,201727,12.0361,13.5402,15.0576,0.6283,1.537,4.6958,12.2958,0.9766,0.9789,0.9807,68.3945,78.7329,88.5617
2017-07-03,4209102,201727,10.5192,13.3829,16.0517,0.3201,0.7383,1.3559,5.9063,0.9797,0.9808,0.9817,73.629,86.5311,97.3184
2017-07-04,4209102,201727,12.9348,14.66,17.308,0.287,0.9592,1.6118,7.6736,0.9777,0.9794,0.9805,74.7209,86.7905,94.5193
2017-07-05,4209102,201727,12.8685,15.5277,19.6997,0.0437,0.3435,1.6155,2.7478,0.9763,0.9779,0.979,62.3482,84.8111,97.8795
2017-07-06,4209102,201727,10.2646,14.5798,19.5851,0.0004,0.027,0.1938,0.2158,0.9748,0.9763,0.9773,65.0912,85.8844,98.1488
2017-07-07,4209102,201727,11.4906,15.0207,19.1602,0.0045,0.0114,0.0201,0.0912,0.9748,0.9763,0.9776,71.695,88.9286,99.3694
2017-07-08,4209102,201727,13.2065,15.9279,19.7898,0.0312,0.1087,0.1863,0.8694,0.9739,0.9759,0.9771,69.4093,89.1483,99.4795
2017-07-09,4209102,201728,13.3765,16.1169,19.8896,0.0079,0.0959,0.3063,0.7675,0.9729,0.9745,0.9758,72.0028,89.5084,99.1382
2017-07-10,4209102,201728,14.6962,17.0877,21.2265,0.0022,0.1104,0.4478,0.8835,0.9717,0.9732,0.9742,71.1833,88.8739,99.544
2017-07-11,4209102,201728,13.735,17.5114,23.191,0.0,0.0659,0.4477,0.5271,0.9713,0.9728,0.9738,69.1869,88.6252,99.4385
2017-07-12,4209102,201728,15.8362,17.6762,20.6154,0.0134,0.0397,0.0595,0.318,0.9735,0.9746,0.976,70.3757,90.5789,99.7638
2017-07-13,4209102,201728,14.6825,16.7691,21.1016,0.0009,0.1229,0.2049,0.983,0.9719,0.9743,0.9763,66.5766,88.8761,98.7011
2017-07-14,4209102,201728,14.1919,16.9235,22.3809,0.0013,0.0601,0.2049,0.4805,0.9703,0.9726,0.9742,64.5441,88.3755,98.9293
2017-07-15,4209102,201728,13.8009,17.7391,23.9325,0.0011,0.0422,0.0596,0.3374,0.9655,0.9687,0.9705,58.8735,85.6594,99.2366
2017-07-16,4209102,201729,13.3186,18.7828,26.4772,0.0,0.0074,0.057,0.0593,0.9638,0.9665,0.9681,45.3893,72.416,87.4798
2017-07-17,4209102,201729,12.6725,15.2368,18.4522,0.0,1.1471,4.4366,9.1765,0.9659,0.9693,0.9724,68.9241,81.4843,92.7307
2017-07-18,4209102,201729,5.8287,8.9261,12.3129,1.3904,4.2311,6.2887,33.8489,0.974,0.976,0.9774,38.4298,65.8068,87.9515
2017-07-19,4209102,201729,5.3359,9.3715,14.5947,0.0,0.568,4.5429,4.5442,0.9743,0.9765,0.9777,62.8222,72.8611,83.0186
2017-07-20,4209102,201729,10.6264,13.8559,19.6128,0.0035,0.0205,0.0331,0.1638,0.9698,0.973,0.9755,62.4494,81.9663,93.0151
2017-07-21,4209102,201729,9.8366,14.724,21.9636,0.0,0.0044,0.0331,0.0352,0.9683,0.9705,0.9717,50.2873,83.6289,98.6139
2017-07-22,4209102,201729,11.518,14.8457,18.8751,0.0006,0.0295,0.0428,0.2359,0.9711,0.9725,0.9745,63.7512,85.8774,99.291
2017-07-23,4209102,201730,11.8506,15.1585,20.9648,0.0011,0.0102,0.0428,0.0814,0.9709,0.973,0.9748,62.372,85.9298,98.0294
2017-07-24,4209102,201730,11.347,16.5641,23.59,0.0005,0.0087,0.017,0.0696,0.9717,0.9731,0.9749,58.9703,85.0848,98.82
2017-07-25,4209102,201730,12.7238,17.8935,25.6243,0.0,0.0027,0.017,0.0214,0.9719,0.9731,0.9748,45.2866,72.0388,89.6751
2017-07-26,4209102,201730,10.8547,17.5104,23.7481,0.0,0.0005,0.0013,0.0042,0.9721,0.9733,0.9748,55.5001,77.8322,92.1421
2017-07-27,4209102,201730,14.6123,16.9511,20.8446,0.0006,0.1133,0.1774,0.906,0.9737,0.9744,0.9756,62.2367,86.796,99.7169
2017-07-28,4209102,201730,14.7655,16.822,20.2982,0.0091,0.2162,0.4516,1.7293,0.9744,0.9756,0.9769,64.2718,86.5817,98.7371
2017-07-29,4209102,201730,12.9299,16.6313,21.9213,0.0051,0.0708,0.4532,0.566,0.9751,0.9764,0.9779,60.9177,86.2844,99.5146
2017-07-30,4209102,201731,14.2687,17.4523,22.4286,0.0145,0.0223,0.0299,0.1786,0.9741,0.9761,0.9776,61.1243,85.213,99.0265
2017-07-31,4209102,201731,13.4529,17.534,23.3215,0.0,0.0309,0.0743,0.2468,0.9688,0.972,0.9741,59.4593,84.1112,98.0766
2017-08-01,4209102,201731,14.2814,18.4436,24.6356,0.0,0.011,0.0743,0.0879,0.9654,0.9678,0.9694,45.209,72.5685,91.4206
2017-08-02,4209102,201731,14.4693,19.264,25.0914,0.0,0.0008,0.0044,0.0068,0.9636,0.9659,0.9673,41.5295,64.4087,78.118
2017-08-03,4209102,201731,15.9117,17.9754,20.9877,0.0566,10.3858,15.5568,83.0864,0.9601,0.9627,0.9654,59.9007,80.8679,97.1096
2017-08-04,4209102,201731,11.4459,15.2983,18.3684,0.0,1.9461,15.5683,15.5685,0.9674,0.9712,0.9742,55.2029,73.8029,88.2001
2017-08-05,4209102,201731,11.434,14.4317,17.2759,0.0018,0.1833,0.2671,1.4664,0.9735,0.975,0.9763,62.974,78.9087,94.4818
2017-08-06,4209102,201732,12.2496,15.0478,18.51,0.0187,0.1401,0.2683,1.1209,0.9709,0.9736,0.9751,58.6666,77.9312,93.099
2017-08-07,4209102,201732,9.7863,14.7815,21.2455,0.0,0.0227,0.1812,0.1815,0.9654,0.9697,0.9721,59.6543,82.1236,97.2193
2017-08-08,4209102,201732,11.8745,17.0511,24.311,0.0,0.9163,7.3201,7.3305,0.9631,0.9647,0.9663,56.2525,83.2021,97.4314
2017-08-09,4209102,201732,14.86,19.4108,25.4498,0.0,0.9296,7.4345,7.437,0.9617,0.9631,0.9643,53.7018,80.0581,93.1297
2017-08-10,4209102,201732,14.2426,15.9417,17.7921,0.0141,0.68,1.5629,5.4398,0.9669,0.9686,0.9703,74.6686,89.2246,97.9181
2017-08-11,4209102,201732,13.8292,15.4846,17.3467,0.053,1.0511,2.5797,8.4089,0.9691,0.9709,0.9722,84.0637,89.8459,94.4063
2017-08-12,4209102,201732,15.2686,16.8687,19.494,0.3539,0.977,3.0711,7.8158,0.9668,0.9686,0.9702,73.3698,87.0421,95.4293
2017-08-13,4209102,201733,16.1782,17.9607,21.6924,0.0616,0.9416,3.2833,7.5331,0.9604,0.9648,0.9682,76.95,90.0432,97.0141
2017-08-14,4209102,201733,13.3009,17.5518,21.2702,0.4373,1.3774,7.9314,11.0193,0.9604,0.9651,0.9684,53.0737,77.4697,94.0412
2017-08-15,4209102,201733,14.7051,15.5152,16.5654,0.7392,5.2329,8.2053,41.8634,0.9687,0.9698,0.9707,81.0148,91.0595,97.111
2017-08-16,4209102,201733,13.5902,16.2404,19.5563,0.0303,1.1226,8.24,8.9812,0.9676,0.9688,0.9698,71.1917,87.453,98.7692
2017-08-17,4209102,201733,14.0958,15.5061,16.8202,0.0223,0.6593,1.355,5.2741,0.9685,0.9695,0.9706,81.8094,91.4396,99.0173
2017-08-18,4209102,201733,13.429,16.2071,19.9257,0.0003,0.2015,1.3563,1.6117,0.9659,0.9682,0.9697,67.8466,86.9949,98.3597
2017-08-19,4209102,201733,15.3585,17.7647,21.7662,0.0238,1.8078,5.2312,14.4623,0.9607,0.9642,0.9666,76.3459,89.7482,97.7715
2017-08-20,4209102,201734,14.6951,16.9983,19.6795,1.2648,20.4997,48.2635,163.9979,0.9599,0.9626,0.9685,91.4262,93.7896,97.6311
2017-08-21,4209102,201734,10.2452,12.5079,14.8927,1.1218,7.795,53.025,62.3601,0.9717,0.9762,0.979,55.3878,73.0464,90.4989
2017-08-22,4209102,201734,9.3913,13.2696,17.1581,0.0069,0.253,1.4213,2.0237,0.9737,0.9772,0.9799,67.6789,76.5472,87.3356
2017-08-23,4209102,201734,14.1741,16.1886,18.8981,0.0832,0.3482,0.6552,2.7859,0.9714,0.9732,0.9745,76.843,87.6476,95.5387
2017-08-24,4209102,201734,14.5653,17.156,21.0038,0.0224,0.1727,0.7205,1.3819,0.9704,0.9722,0.9735,71.8977,88.8011,98.6067
2017-08-25,4209102,201734,14.2637,17.1268,20.8996,0.0407,0.1126,0.1826,0.9008,0.9699,0.9717,0.9732,70.5277,88.0466,98.6349
2017-08-26,4209102,201734,13.8133,17.425,22.2348,0.0072,0.0605,0.1873,0.4844,0.9672,0.9697,0.9712,68.5526,88.4552,99.2912
2017-08-27,4209102,201735,16.0376,18.4606,23.2848,0.0231,0.103,0.1422,0.8239,0.9663,0.9679,0.9687,69.5125,89.4324,98.8618
2017-08-28,4209102,201735,15.8714,18.4909,22.5915,0.0913,0.302,0.4284,2.4161,0.968,0.9687,0.97,65.5606,85.9918,98.527
2017-08-29,4209102,201735,14.6887,18.3791,23.6933,0.0,0.0604,0.4284,0.4835,0.9659,0.9682,0.9696,63.7019,85.4802,97.9472
2017-08-30,4209102,201735,15.3849,20.7859,30.1486,0.0001,0.0511,0.3939,0.4091,0.9626,0.9651,0.9668,51.5374,80.198,96.7517
2017-08-31,4209102,201735,14.7013,16.3115,17.9795,0.5486,1.4926,2.2824,11.9404,0.9686,0.9726,0.9754,77.453,86.0918,95.0833
2017-09-01,4209102,201735,15.8448,16.7865,18.3963,1.208,3.2219,3.9843,25.7754,0.9752,0.9761,0.9773,74.2859,86.2817,96.0573
2017-09-02,4209102,201735,15.4305,17.2482,20.5692,0.0405,0.6987,4.0172,5.5899,0.9745,0.9757,0.977,68.8386,83.5126,94.4931
2017-09-03,4209102,201736,13.8719,17.3559,21.7626,0.0167,0.0919,0.2985,0.735,0.9704,0.9736,0.9755,67.9072,84.9769,97.5426
2017-09-04,4209102,201736,14.2786,19.0687,26.5635,0.0014,0.0859,0.1312,0.6875,0.9666,0.9696,0.9716,54.606,83.9168,98.6871
2017-09-05,4209102,201736,16.2012,21.1011,29.0477,0.001,0.0472,0.1313,0.3775,0.9646,0.9669,0.9681,45.1865,73.4218,90.637
2017-09-06,4209102,201736,15.6228,18.0331,20.8274,0.2393,0.6612,0.9108,5.2895,0.97,0.971,0.9727,72.7527,85.2878,92.6642
2017-09-07,4209102,201736,16.7885,19.6778,24.8881,0.08,0.2462,0.9595,1.9695,0.9674,0.97,0.9718,59.5662,83.5323,97.8709
2017-09-08,4209102,201736,17.1182,19.5427,23.9207,0.0413,0.154,0.194,1.2321,0.9654,0.9675,0.9689,64.7456,85.5422,98.2292
2017-09-09,4209102,201736,16.8863,19.2664,23.8767,0.0006,0.133,0.1972,1.0639,0.9663,0.9673,0.969,65.8827,87.1496,98.3147
2017-09-10,4209102,201737,16.7059,19.7676,24.9119,0.0157,0.1128,0.1974,0.9022,0.9644,0.9668,0.9683,64.7646,86.0222,98.5651
2017-09-11,4209102,201737,17.2566,21.1086,27.8994,0.0058,0.1245,0.1697,0.9957,0.9643,0.9665,0.9677,57.8673,83.533,98.0779
2017-09-12,4209102,201737,18.3774,20.3339,22.8136,0.0,0.2193,0.5538,1.7545,0.9672,0.9693,0.9714,73.7421,89.2683,98.6551
2017-09-13,4209102,201737,17.3772,20.2119,25.5008,0.1981,0.5479,0.7346,4.3831,0.9663,0.9695,0.9717,61.8547,84.6832,98.1894
2017-09-14,4209102,201737,17.6297,22.8413,31.5567,0.0042,0.1113,0.6111,0.8903,0.9618,0.9653,0.9678,43.3496,77.2338,97.6235
2017-09-15,4209102,201737,18.3607,21.4733,24.7254,0.0,0.1113,0.4611,0.8905,0.9649,0.9682,0.9705,67.4973,79.0743,90.2917
2017-09-16,4209102,201737,18.2617,20.3537,24.4402,1.1868,2.5832,3.3093,20.6655,0.9677,0.9704,0.9724,67.8113,86.4251,96.4857
2017-09-17,4209102,201738,17.5989,19.4702,22.4131,0.0727,0.9123,3.3128,7.2985,0.9681,0.9693,0.9703,73.2295,88.965,98.7144
2017-09-18,4209102,201738,16.0848,18.0424,20.6238,0.2131,0.813,1.908,6.5043,0.9699,0.9714,0.9729,74.7137,85.254,93.6261
2017-09-19,4209102,201738,17.1521,20.1125,25.7217,0.0087,0.2313,1.0625,1.8505,0.9687,0.9707,0.9725,62.9327,82.8437,94.5952
2017-09-20,4209102,201738,17.5443,20.1767,25.2772,0.0145,0.2406,0.3678,1.9247,0.9695,0.971,0.973,58.0265,83.6264,97.7071
2017-09-21,4209102,201738,15.8728,19.6195,25.4154,0.0031,0.0723,0.3678,0.5786,0.9668,0.97,0.9716,57.7335,81.7641,98.0706
2017-09-22,4209102,201738,15.6833,21.5387,28.9843,0.0,0.0121,0.0409,0.097,0.9639,0.9667,0.9683,55.2626,80.4611,99.327
2017-09-23,4209102,201738,18.7425,20.6066,22.969,0.0,0.4261,0.8953,3.4087,0.9654,0.9678,0.9701,72.4066,86.4256,96.622
2017-09-24,4209102,201739,17.2254,18.1296,19.4616,0.0679,1.815,5.1451,14.5204,0.9708,0.9718,0.9728,83.0976,89.1664,92.7803
2017-09-25,4209102,201739,16.7915,19.2758,23.4191,0.4002,2.1193,5.7593,16.9547,0.9701,0.9721,0.9737,59.4645,83.9461,97.7392
2017-09-26,4209102,201739,16.4384,19.1657,22.8739,0.1165,0.6297,2.3668,5.0379,0.9666,0.9692,0.9712,59.9877,83.8033,98.9795
2017-09-27,4209102,201739,16.1753,20.3475,26.8172,0.004,0.1093,0.6928,0.874,0.9621,0.9651,0.9678,55.7174,79.7984,98.6145
2017-09-28,4209102,201739,17.619,19.3117,22.0495,0.0,1.029,4.0995,8.2322,0.9646,0.9674,0.9701,73.7548,88.3304,97.2097
2017-09-29,4209102,201739,16.2141,16.8607,17.7745,2.6969,9.7739,20.2885,78.191,0.9672,0.9704,0.9721,86.8457,93.5289,97.1555
2017-09-30,4209102,201739,16.7544,19.4811,24.7993,6.8336,21.3559,27.8792,170.847,0.9541,0.96,0.9667,57.1873,85.7674,99.0209
2017-10-01,4209102,201740,15.9359,21.6026,29.1146,0.0,3.5406,28.2186,28.3251,0.9517,0.9544,0.9565,43.7532,73.8488,92.7586
2017-10-02,4209102,201740,19.2091,21.6896,24.0479,0.0,2.4307,4.7391,19.4457,0.9524,0.9538,0.956,60.3671,77.733,88.1816
2017-10-03,4209102,201740,14.9068,19.6755,23.8123,0.0535,0.7298,4.7548,5.8387,0.9582,0.963,0.9663,31.7157,61.5859,86.5915
2017-10-04,4209102,201740,12.294,18.0949,23.1846,0.0,0.0227,0.1754,0.1814,0.9674,0.9689,0.9708,44.5227,62.7902,83.4538
2017-10-05,4209102,201740,12.1,17.9742,25.0178,0.0,0.0022,0.0062,0.0177,0.9641,0.9667,0.9686,62.1542,80.7435,94.4966
2017-10-06,4209102,201740,17.1736,21.0263,27.4568,0.0149,2.0953,14.4859,16.7622,0.9652,0.9661,0.9669,67.0482,89.4634,98.4814
2017-10-07,4209102,201740,17.5145,19.3226,20.2376,1.7272,12.4827,23.9291,99.8613,0.9671,0.9687,0.9699,93.0737,95.946,99.3575
2017-10-08,4209102,201741,16.5491,17.3723,19.0867,4.403,19.3739,29.8754,154.9912,0.9641,0.9674,0.9711,85.9856,93.4701,97.3926
2017-10-09,4209102,201741,17.7138,20.3063,23.9716,0.0032,4.1885,25.5803,33.5081,0.9612,0.9632,0.9651,77.3366,88.6033,97.0767
2017-10-10,4209102,201741,16.8131,21.4092,26.574,0.0002,0.4322,3.0016,3.4578,0.9621,0.963,0.9646,69.8628,87.6608,98.3698
2017-10-11,4209102,201741,18.2892,22.2672,27.7972,0.0,0.1394,0.7846,1.115,0.9606,0.9625,0.9638,69.3298,88.6743,98.8413
2017-10-12,4209102,201741,18.0465,22.1812,27.4997,0.0,0.0652,0.2781,0.5217,0.9608,0.9637,0.9649,68.6315,87.7477,99.4544
2017-10-13,4209102,201741,18.6686,22.8472,29.2768,0.0171,0.099,0.3473,0.7919,0.9596,0.9628,0.9654,65.7164,85.1441,97.5057
2017-10-14,4209102,201741,17.4491,20.5564,22.4855,0.0,3.1787,15.4189,25.4293,0.9607,0.9635,0.9671,90.4184,93.6559,96.6804
2017-10-15,4209102,201742,15.7242,16.713,17.688,0.675,5.3694,18.3778,42.9549,0.969,0.971,0.9727,76.6689,88.279,94.3355
2017-10-16,4209102,201742,16.0296,17.7501,20.4066,0.0606,1.1778,6.2544,9.4223,0.9713,0.9726,0.9741,69.1399,80.2381,87.7024
2017-10-17,4209102,201742,16.1596,18.4249,21.3086,0.0388,0.4509,1.2535,3.6074,0.9693,0.9717,0.9733,77.2948,85.6994,92.1969
2017-10-18,4209102,201742,17.9397,21.6092,26.7911,0.2828,0.5667,1.6716,4.534,0.9625,0.9668,0.97,63.3967,85.2929,98.4934
2017-10-19,4209102,201742,19.1516,23.7281,29.9165,0.0042,0.713,2.4862,5.7044,0.9601,0.9616,0.9639,61.7702,82.747,98.509
2017-10-20,4209102,201742,17.2388,18.916,22.3486,1.5883,3.6569,6.2667,29.2552,0.9636,0.9663,0.9687,84.6125,88.771,93.8424
2017-10-21,4209102,201742,17.0217,20.4177,26.4303,0.0667,2.9839,9.2319,23.8713,0.9605,0.9637,0.9667,63.8061,86.9676,98.2474
2017-10-22,4209102,201743,17.9063,20.2407,22.8324,0.0358,3.2491,9.6718,25.9931,0.9605,0.9632,0.9659,79.5686,89.8675,94.5891
2017-10-23,4209102,201743,14.4436,15.9623,17.6457,0.4914,2.1069,7.6315,16.855,0.9685,0.9698,0.9711,70.6559,82.3902,92.3114
2017-10-24,4209102,201743,14.0721,17.0209,20.6594,0.0065,0.343,1.7068,2.7443,0.9687,0.9701,0.9715,67.0448,79.6104,93.3394
2017-10-25,4209102,201743,16.4568,18.4263,20.8774,0.0196,1.0705,5.3955,8.5637,0.9656,0.9678,0.9695,80.1225,89.637,96.8022
2017-10-26,4209102,201743,17.0254,21.4018,27.2538,0.2805,1.6566,8.2025,13.2531,0.9594,0.9624,0.9657,60.77,85.1362,98.904
2017-10-27,4209102,201743,18.8498,22.0163,27.0178,0.0674,6.7245,11.1057,53.7956,0.954,0.9575,0.9596,60.614,83.8846,96.7626
2017-10-28,4209102,201743,20.1083,24.2009,29.8245,0.0036,1.4233,11.1671,11.3867,0.9528,0.9548,0.957,38.9911,66.0135,84.3995
2017-10-29,4209102,201744,16.9971,19.5795,21.5813,0.0,0.3693,1.0389,2.954,0.9598,0.9626,0.9649,77.5304,87.0421,98.0203
2017-10-30,4209102,201744,17.9113,20.2892,23.5812,0.1019,3.5201,5.8365,28.1611,0.9574,0.9604,0.9631,72.8327,87.0074,95.445
2017-10-31,4209102,201744,17.1907,19.9166,24.0903,0.0,1.1014,5.8559,8.8116,0.9591,0.9614,0.9646,65.2732,84.3663,98.6196
2017-11-01,4209102,201744,15.2865,17.785,20.6385,0.0704,0.3995,1.5489,3.1956,0.9672,0.9684,0.9701,63.863,73.7942,85.6622
2017-11-02,4209102,201744,14.1825,18.0609,22.0511,0.0047,0.0623,0.4153,0.4984,0.967,0.9701,0.9717,54.2853,73.7925,89.4508
2017-11-03,4209102,201744,15.1568,19.3503,23.7588,0.0172,0.2218,1.4096,1.7742,0.9615,0.9659,0.969,65.2237,81.3175,95.221
2017-11-04,4209102,201744,17.4501,20.4545,22.9104,0.7616,4.6123,9.1888,36.8986,0.9561,0.9595,0.9626,80.5181,91.8808,97.086
2017-11-05,4209102,201745,16.9378,18.5255,19.9156,0.1489,3.1118,9.7944,24.8947,0.9597,0.9643,0.9673,70.5115,85.4576,98.3362
2017-11-06,4209102,201745,16.1427,17.2686,18.8953,0.0988,2.7844,5.3662,22.2749,0.9673,0.9684,0.9697,75.441,85.6121,92.3184
2017-11-07,4209102,201745,15.1421,17.6237,20.0457,0.0374,1.4795,5.4274,11.8358,0.9663,0.9676,0.9685,75.3385,84.6115,97.2691
2017-11-08,4209102,201745,15.8211,17.6445,20.3001,0.0195,3.0664,10.1818,24.531,0.9639,0.9657,0.9672,82.4265,88.18,93.8327
2017-11-09,4209102,201745,17.4469,19.8303,23.0597,0.3364,2.0494,11.4382,16.395,0.9612,0.964,0.9654,72.7209,88.3463,98.6624
2017-11-10,4209102,201745,18.8391,21.3193,26.2467,0.0454,3.3786,15.8346,27.0285,0.9572,0.9606,0.9632,68.799,89.8965,98.8525
2017-11-11,4209102,201745,14.8355,20.3559,26.2328,1.0283,4.1423,25.6013,33.138,0.9568,0.9587,0.9602,36.8141,72.1211,98.7666
2017-11-12,4209102,201746,14.8647,21.2539,29.1084,0.0,0.1357,1.0858,1.0858,0.9558,0.9573,0.9585,30.074,59.9209,81.6597
2017-11-13,4209102,201746,13.3722,19.431,25.1981,0.0,0.0001,0.0009,0.0012,0.9605,0.9623,0.9642,50.0103,73.1335,93.1527
2017-11-14,4209102,201746,14.5306,19.9539,25.5996,0.0,0.0001,0.0001,0.0008,0.964,0.9655,0.9674,49.2598,75.6309,98.1771
2017-11-15,4209102,201746,14.1969,20.1197,26.6147,0.0,0.0011,0.0027,0.0091,0.9597,0.9638,0.966,56.559,79.9359,97.7124
2017-11-16,4209102,201746,18.2271,24.3718,31.9545,0.0011,0.3065,1.6687,2.4523,0.9566,0.9597,0.9612,46.9735,74.8721,96.3439
2017-11-17,4209102,201746,18.4351,21.0626,23.069,0.7647,2.602,4.3446,20.8157,0.9587,0.9601,0.9617,82.0575,87.7561,95.8297
2017-11-18,4209102,201746,19.7261,21.6425,27.0195,1.8196,7.4374,18.069,59.4992,0.9538,0.9576,0.9605,66.9225,90.3351,98.3438
2017-11-19,4209102,201747,18.7816,19.3232,20.5562,0.0796,3.9261,19.2373,31.4086,0.9576,0.9602,0.9626,81.3087,90.064,97.3711
2017-11-20,4209102,201747,17.9214,19.5832,22.1573,0.3941,3.0087,4.8461,24.0698,0.9626,0.9637,0.9651,78.2947,87.3859,95.6348
2017-11-21,4209102,201747,18.9589,21.1977,24.5526,0.0538,1.3504,4.9362,10.803,0.9574,0.9618,0.9644,71.9452,87.2754,96.8657
2017-11-22,4209102,201747,17.3766,18.937,20.5976,4.0562,10.0569,14.6948,80.4549,0.9575,0.9605,0.9631,76.5258,89.5232,98.3899
2017-11-23,4209102,201747,15.5508,17.4468,20.2785,0.8895,3.7744,15.6959,30.1951,0.9638,0.9656,0.9669,72.6887,83.9358,92.6684
2017-11-24,4209102,201747,16.2212,20.9211,26.8527,0.0011,0.3995,2.7562,3.1962,0.9633,0.965,0.9667,54.6258,79.2754,95.6512
2017-11-25,4209102,201747,19.0434,21.381,24.699,0.007,0.5546,0.9942,4.4365,0.962,0.9651,0.9666,64.8032,85.4438,98.9806
2017-11-26,4209102,201748,19.4342,22.8389,28.6678,1.7009,4.8519,6.9451,38.8152,0.9554,0.9578,0.9623,52.6552,81.5527,97.5588
2017-11-27,4209102,201748,18.5641,20.2548,22.5638,0.1049,1.8591,7.2409,14.8729,0.9611,0.9629,0.965,76.6681,84.5628,92.4148
2017-11-28,4209102,201748,18.1117,21.1119,25.0473,0.562,1.7258,5.3955,13.806,0.9661,0.9671,0.9681,61.9885,84.2139,98.894
2017-11-29,4209102,201748,17.7873,20.5307,24.5494,0.6401,1.7201,5.9077,13.7606,0.9635,0.9666,0.9685,59.6097,80.8699,94.9984
2017-11-30,4209102,201748,16.9936,19.8232,23.7845,0.0065,0.3255,1.4262,2.6041,0.9607,0.9633,0.9647,57.8224,78.5568,92.6916
2017-12-01,4209102,201748,16.6813,19.2972,21.6641,0.1745,1.5538,4.526,12.4303,0.9618,0.963,0.9641,78.3286,86.7816,97.608
2017-12-02,4209102,201748,17.8654,20.124,22.9114,0.9783,2.8122,4.8922,22.4977,0.9633,0.9643,0.9655,71.3101,84.7043,97.4875
2017-12-03,4209102,201749,18.0192,20.6808,23.7887,0.1044,1.3686,4.159,10.9488,0.96,0.9626,0.9645,73.808,86.0985,94.8515
2017-12-04,4209102,201749,19.6955,22.9098,28.0888,0.0102,0.8257,2.3735,6.6059,0.9601,0.961,0.9621,59.6777,83.4699,98.1706
2017-12-05,4209102,201749,19.8681,21.0914,22.5723,2.61,5.01,6.345,40.0804,0.9628,0.9646,0.9664,75.9872,88.8585,96.7702
2017-12-06,4209102,201749,19.8161,21.3618,23.8073,0.134,1.587,6.4615,12.6956,0.9625,0.9645,0.9661,79.1483,87.7369,92.6905
2017-12-07,4209102,201749,19.6429,21.7729,24.0974,0.1247,1.264,3.0838,10.1121,0.9569,0.9611,0.9639,75.402,87.0865,96.9211
2017-12-08,4209102,201749,20.3801,22.3238,25.8755,0.0075,1.313,3.5147,10.5037,0.9569,0.9582,0.9589,77.2084,88.5408,98.2718
2017-12-09,4209102,201749,18.0609,21.4925,25.9025,0.0743,0.6202,3.676,4.9616,0.9574,0.9599,0.961,59.9117,81.9502,97.9238
2017-12-10,4209102,201750,18.7513,23.5732,30.2444,0.0045,0.069,0.4353,0.5521,0.9537,0.9571,0.9591,41.8018,74.2141,95.5106
2017-12-11,4209102,201750,19.6779,22.5535,25.5891,0.0,0.3577,1.0368,2.8616,0.9546,0.9575,0.9619,58.2179,74.7789,89.1836
2017-12-12,4209102,201750,17.4315,19.047,21.1217,1.4043,3.4739,4.3416,27.7915,0.9645,0.9667,0.9688,63.8948,76.2438,85.7332
2017-12-13,4209102,201750,17.7047,20.5105,24.095,0.0112,0.6406,4.3497,5.1252,0.9662,0.9676,0.969,61.5854,75.2773,86.1316
2017-12-14,4209102,201750,19.2789,23.0796,28.7609,0.0149,0.0853,0.2257,0.6821,0.963,0.9659,0.9676,57.4259,77.9156,92.7683
2017-12-15,4209102,201750,20.8654,23.6819,27.6486,0.0005,1.0557,4.6054,8.4458,0.9616,0.9634,0.9648,67.1834,83.4987,96.9129
2017-12-16,4209102,201750,21.3738,24.2858,28.1031,0.1047,1.2823,4.7362,10.2582,0.9606,0.9628,0.9647,66.5896,83.243,96.9471
2017-12-17,4209102,201751,21.2272,25.6129,30.8317,0.0033,0.4474,1.8495,3.5793,0.9604,0.9617,0.9632,60.1286,80.6388,96.997
2017-12-18,4209102,201751,20.9448,22.6786,24.48,0.0199,4.1646,9.5899,33.3171,0.9632,0.9659,0.9683,86.0301,91.6935,96.8008
2017-12-19,4209102,201751,19.6738,21.1536,23.2161,1.7336,5.0824,12.3702,40.6593,0.9657,0.9685,0.9697,80.4911,90.2592,96.0811
2017-12-20,4209102,201751,20.7061,22.2973,24.9378,0.3007,2.128,7.0647,17.0237,0.9619,0.9648,0.9677,77.3601,90.5349,98.1557
2017-12-21,4209102,201751,20.926,22.2446,24.7362,10.7928,42.7721,62.3914,342.1771,0.9603,0.9616,0.9631,86.0138,93.3458,98.3478
2017-12-22,4209102,201751,20.5269,23.0655,26.2825,0.0915,9.5046,62.5047,76.0365,0.9592,0.9615,0.963,73.3379,87.6973,98.8775
2017-12-23,4209102,201751,21.037,24.7493,30.1076,0.1474,2.5856,6.7289,20.6852,0.9572,0.9594,0.9609,60.1742,82.0291,95.8733
2017-12-24,4209102,201752,21.4736,23.6683,28.0255,1.0846,12.2226,50.0832,97.7812,0.9559,0.9579,0.9597,70.8644,87.5156,94.4319
2017-12-25,4209102,201752,19.0704,19.7287,20.2638,5.9818,20.2392,63.204,161.9135,0.9618,0.9634,0.965,80.7402,90.0911,95.6955
2017-12-26,4209102,201752,18.471,20.0208,22.3359,0.2167,3.2297,18.9191,25.8373,0.964,0.965,0.9662,80.7535,87.2485,92.2825
2017-12-27,4209102,201752,20.258,22.4143,25.9189,0.2477,1.0934,2.3162,8.7471,0.9626,0.9645,0.9656,78.21,88.1596,95.6958
2017-12-28,4209102,201752,21.5093,22.8641,24.4696,0.2497,5.8586,18.1029,46.8686,0.9625,0.9636,0.9645,84.4958,92.5275,97.9257
2017-12-29,4209102,201752,20.5305,21.0858,21.8522,0.3771,10.9894,30.1546,87.9152,0.96,0.9624,0.9643,92.9221,96.0708,98.2595
2017-12-30,4209102,201752,19.5873,22.2944,26.755,5.7382,13.6809,42.1181,109.4475,0.9562,0.9585,0.961,68.2043,86.3332,97.9263
2017-12-31,4209102,201801,20.186,22.2588,24.5071,0.3932,5.8694,17.3479,46.9551,0.9578,0.9583,0.959,79.8923,88.7821,94.8295
2018-01-01,4209102,201801,21.1549,24.2979,28.5009,1.2614,3.1607,11.079,25.2859,0.9565,0.9592,0.9609,68.6297,85.6264,98.3148
2018-01-02,4209102,201801,22.1714,25.76,30.6184,0.0077,2.929,5.0417,23.4323,0.9514,0.955,0.9581,57.1064,82.2288,97.7273
2018-01-03,4209102,201801,20.9211,23.5917,26.3448,1.6249,8.8512,13.1441,70.8095,0.9539,0.9561,0.9584,71.9022,84.9401,95.7517
2018-01-04,4209102,201801,18.7787,22.7763,27.5475,0.0522,1.802,14.0209,14.4158,0.9614,0.963,0.9646,48.125,76.0761,96.2181
2018-01-05,4209102,201801,17.6239,22.6162,27.1369,0.0001,0.0286,0.0919,0.2291,0.962,0.964,0.9652,61.2058,80.4376,98.197
2018-01-06,4209102,201801,19.7061,23.5928,29.4742,0.0001,2.1581,14.045,17.2646,0.9601,0.9625,0.9638,62.3148,82.9281,94.8947
2018-01-07,4209102,201802,19.5757,20.4839,21.38,1.7725,5.3645,19.0569,42.916,0.9646,0.9664,0.9678,80.3575,88.3057,92.8223
2018-01-08,4209102,201802,18.2482,20.6146,23.1783,0.3913,1.8305,8.9239,14.6444,0.968,0.9691,0.9702,66.431,81.6465,94.3936
2018-01-09,4209102,201802,18.6901,20.3331,22.9184,0.289,2.6275,5.4777,21.0202,0.9681,0.9692,0.9703,78.4158,84.9293,90.8393
2018-01-10,4209102,201802,20.4266,21.291,22.5645,1.4185,8.2765,20.1145,66.2124,0.9686,0.9695,0.9708,89.0046,95.0038,98.4213
2018-01-11,4209102,201802,20.5278,22.0929,24.2733,0.1617,8.0245,22.0611,64.1961,0.9629,0.9667,0.969,82.4457,93.1551,99.1553
2018-01-12,4209102,201802,19.2434,23.038,27.4162,0.233,5.7108,18.1011,45.6866,0.9585,0.9616,0.964,67.9247,85.4096,97.926
2018-01-13,4209102,201802,19.9982,23.5862,27.8651,0.0598,5.0625,14.6014,40.5004,0.9577,0.9593,0.9605,65.1812,83.5831,97.0
2018-01-14,4209102,201803,20.6126,24.6099,29.0854,0.0,3.7683,14.6082,30.1464,0.958,0.9595,0.961,65.7078,81.7746,93.9284
2018-01-15,4209102,201803,22.7177,26.0271,30.08,0.0,1.0964,6.8711,8.7712,0.9585,0.9596,0.9604,56.4195,75.668,88.3455
2018-01-16,4209102,201803,22.5838,24.2371,25.9228,0.0006,4.8899,16.9086,39.1194,0.962,0.9635,0.9651,81.423,87.0941,95.7243
2018-01-17,4209102,201803,21.5564,23.023,24.5488,11.747,24.4152,37.3065,195.3215,0.9625,0.9644,0.9657,87.8928,94.1838,97.3974
2018-01-18,4209102,201803,21.5459,25.4926,31.0566,0.0433,7.1192,42.2629,56.9533,0.9597,0.962,0.9639,55.8808,81.1419,97.3206
2018-01-19,4209102,201803,21.7081,23.6184,25.3468,0.0,5.7059,17.6251,45.6472,0.9621,0.9637,0.965,79.928,87.6154,94.0698
2018-01-20,4209102,201803,19.8873,21.904,23.7032,1.743,4.9438,21.1077,39.5506,0.965,0.9663,0.9674,76.863,88.2955,96.8437
2018-01-21,4209102,201804,20.3392,22.627,25.3303,0.0677,1.7219,3.8914,13.7749,0.9618,0.9647,0.9668,75.0175,87.9307,97.813
2018-01-22,4209102,201804,21.8403,24.6811,29.7114,0.8803,3.2686,14.8289,26.1488,0.9577,0.9606,0.9635,67.1859,87.5792,98.9706
2018-01-23,4209102,201804,21.7171,25.8184,31.1343,0.1107,4.3655,16.225,34.9237,0.959,0.9598,0.9604,65.9828,85.7875,96.6509
2018-01-24,4209102,201804,22.4164,26.2285,32.0562,0.0,4.5503,16.0177,36.4023,0.9596,0.9602,0.9607,61.0145,84.0039,94.7808
2018-01-25,4209102,201804,22.4953,23.7826,25.1679,0.9754,4.5669,17.7695,36.5355,0.9621,0.9633,0.9643,76.8799,87.6763,96.6051
2018-01-26,4209102,201804,19.7297,20.6128,21.4728,3.0449,9.8515,13.9496,78.8118,0.9646,0.9658,0.9673,76.1894,88.2769,95.6796
2018-01-27,4209102,201804,18.2731,20.5932,22.5082,0.0738,2.2897,14.258,18.3173,0.9631,0.9656,0.9671,74.564,82.8269,94.0401
2018-01-28,4209102,201805,19.4003,22.4526,27.0618,0.053,0.4009,1.4862,3.2069,0.9579,0.962,0.9651,67.6305,83.6686,94.4299
2018-01-29,4209102,201805,21.8827,22.9678,24.4097,0.4488,3.1128,8.6727,24.9022,0.9572,0.9586,0.96,87.1068,91.0859,95.5946
2018-01-30,4209102,201805,17.8056,21.6666,24.8005,0.3801,1.5065,9.2102,12.0518,0.9589,0.9603,0.9618,62.5943,79.0412,93.6509
2018-01-31,4209102,201805,19.0721,21.2546,24.4027,1.4462,3.3076,5.8504,26.4609,0.9613,0.9627,0.964,80.8324,89.1772,96.6012
2018-02-01,4209102,201805,18.71,21.0251,23.6762,0.8389,2.8412,6.8978,22.7298,0.9624,0.9637,0.9645,73.1693,86.2247,97.2909
2018-02-02,4209102,201805,18.3237,21.7706,25.6986,0.028,0.6505,3.9224,5.2036,0.9595,0.9618,0.9633,67.5498,82.8529,95.2615
2018-02-03,4209102,201805,17.8837,22.0408,25.9758,0.1663,0.3056,0.6113,2.4449,0.9609,0.9615,0.9622,52.9045,80.0496,99.1909
2018-02-04,4209102,201806,19.2362,20.9798,22.9902,1.9697,3.1862,3.7572,25.4898,0.9634,0.9644,0.9657,63.606,79.3559,93.1036
2018-02-05,4209102,201806,17.7915,20.382,23.4014,0.2096,1.3338,4.0491,10.6705,0.9621,0.964,0.9659,68.153,82.6146,96.0185
2018-02-06,4209102,201806,17.125,21.4158,25.6476,0.0438,0.325,1.9882,2.5998,0.9597,0.9616,0.9629,58.7201,79.352,97.6401
2018-02-07,4209102,201806,18.7985,22.4346,26.8411,0.0106,0.1993,0.9068,1.5947,0.9605,0.9613,0.9624,60.1772,81.5252,96.272
2018-02-08,4209102,201806,19.4417,22.9318,27.1847,0.0628,1.012,2.612,8.0959,0.9602,0.9618,0.9634,71.6358,85.6497,97.3542
2018-02-09,4209102,201806,21.9295,24.7436,28.9445,0.0314,1.0748,2.9762,8.5985,0.9609,0.962,0.9634,66.2647,85.1752,98.074
2018-02-10,4209102,201806,22.4912,25.3379,30.1562,0.0029,2.871,11.4384,22.9682,0.9607,0.9619,0.9631,64.2508,86.1157,98.4673
2018-02-11,4209102,201807,22.7691,24.4904,26.5639,7.543,14.767,25.1418,118.1363,0.9598,0.9618,0.9632,78.9158,90.2056,97.9001
2018-02-12,4209102,201807,20.1731,22.0621,24.3187,1.4916,18.2711,31.8208,146.1686,0.9601,0.9624,0.9646,92.968,94.6443,97.326
2018-02-13,4209102,201807,18.3061,19.1097,20.1342,0.8894,6.7988,33.7673,54.3901,0.9672,0.969,0.9705,82.6469,89.6365,94.2434
2018-02-14,4209102,201807,17.3976,19.4643,22.0523,0.0795,1.2645,6.2799,10.1162,0.9703,0.9715,0.9725,67.9393,81.7027,91.5997
2018-02-15,4209102,201807,17.9066,19.4038,21.1075,0.0096,1.2533,3.7542,10.0261,0.9701,0.9716,0.9726,74.7826,84.0612,89.5541
2018-02-16,4209102,201807,18.2472,20.2717,22.6833,0.205,1.0224,3.8513,8.1793,0.9695,0.971,0.9723,73.4612,85.8516,96.469
2018-02-17,4209102,201807,17.2604,20.6192,23.5518,0.0139,0.414,1.2484,3.3116,0.966,0.9683,0.9699,70.6385,83.5969,96.9533
2018-02-18,4209102,201808,19.2355,21.4007,24.4185,0.015,0.743,3.0717,5.9443,0.9611,0.9641,0.9661,74.7317,86.508,96.3744
2018-02-19,4209102,201808,19.3585,21.8476,25.6906,0.5333,2.2697,6.4861,18.1574,0.9579,0.9603,0.962,77.4586,90.7082,98.3382
2018-02-20,4209102,201808,20.4592,23.9286,28.04,0.0973,1.6018,8.8502,12.8145,0.9544,0.9567,0.9586,63.9547,83.2585,97.4773
2018-02-21,4209102,201808,21.0066,23.9807,27.959,0.0237,1.0547,5.043,8.4372,0.9557,0.957,0.9582,60.3536,78.9085,88.5396
2018-02-22,4209102,201808,19.9274,22.7393,26.199,1.0859,2.9603,6.4805,23.6823,0.9594,0.9603,0.9611,62.0785,84.2036,98.2403
2018-02-23,4209102,201808,18.2636,21.4328,24.8105,0.5333,1.3953,6.4463,11.1625,0.9634,0.9648,0.9658,60.6691,81.4888,96.9535
2018-02-24,4209102,201808,18.0337,21.223,24.3094,0.3539,1.1425,2.7081,9.1399,0.9663,0.967,0.968,66.4309,82.3025,96.9198
2018-02-25,4209102,201809,18.6266,21.2547,24.4318,0.7071,2.1005,4.9066,16.8043,0.9658,0.9671,0.9683,75.8796,86.9608,97.3157
2018-02-26,4209102,201809,18.755,21.9843,25.7059,0.1346,1.0661,5.0573,8.5287,0.963,0.9655,0.9671,65.785,84.3393,97.3924
2018-02-27,4209102,201809,19.259,23.1072,27.34,0.0037,0.3975,1.6351,3.1797,0.9612,0.9634,0.9649,61.1284,83.1866,98.6603
2018-02-28,4209102,201809,19.7633,23.209,27.0458,0.0278,1.4533,5.8322,11.6264,0.9617,0.9626,0.9638,69.0553,87.5551,99.0685
2018-03-01,4209102,201809,20.7404,23.6178,27.2984,0.3957,2.0297,9.4868,16.2376,0.963,0.9641,0.9653,66.4805,86.0379,98.8671
2018-03-02,4209102,201809,22.3002,23.6546,26.6522,0.3225,3.7042,15.549,29.6337,0.9622,0.9645,0.966,82.9352,92.028,97.3042
2018-03-03,4209102,201809,21.5164,23.3264,26.6712,0.502,3.5714,19.7168,28.571,0.9617,0.9635,0.9651,69.4687,88.0109,97.5643
2018-03-04,4209102,201810,21.4012,22.5477,23.9351,0.0375,2.9487,9.9639,23.5898,0.9593,0.9613,0.9633,87.3435,93.9914,98.6807
2018-03-05,4209102,201810,21.2002,23.9034,27.914,0.2615,2.8897,11.9766,23.1173,0.9578,0.9598,0.9613,68.7073,85.8718,97.6459
2018-03-06,4209102,201810,20.7831,23.5716,27.722,0.1043,3.6734,13.1274,29.3872,0.9595,0.9601,0.9611,71.6373,89.8633,99.2084
2018-03-07,4209102,201810,20.9406,21.5952,22.2325,0.0684,4.0389,14.5675,32.3115,0.9609,0.962,0.9629,83.4364,89.6143,95.0827
2018-03-08,4209102,201810,18.4663,20.6064,23.0804,0.1796,1.3896,8.5215,11.1165,0.9632,0.9638,0.9648,70.1863,82.5841,90.0516
2018-03-09,4209102,201810,19.4091,21.9269,25.51,0.1707,0.7115,1.3258,5.6917,0.9613,0.9637,0.9651,70.0776,83.5498,94.5213
2018-03-10,4209102,201810,20.9006,23.1866,26.521,0.0582,1.9264,6.6807,15.4115,0.9595,0.9618,0.9632,71.0205,86.4394,97.8238
2018-03-11,4209102,201811,20.1023,24.5577,30.3933,0.1151,0.9923,6.7447,7.9386,0.9569,0.9595,0.9612,54.1098,82.2583,97.7115
2018-03-12,4209102,201811,20.6313,23.3676,26.3593,0.0,1.2445,4.943,9.9564,0.9577,0.9584,0.9597,73.5411,86.2834,93.123
2018-03-13,4209102,201811,19.5077,21.8403,25.3448,0.4893,1.3953,5.6558,11.1622,0.9605,0.9617,0.9634,73.2031,85.68,93.6674
2018-03-14,4209102,201811,22.1849,23.962,26.8144,0.0483,2.85,10.36,22.8003,0.9605,0.9618,0.9625,79.9361,90.4926,96.6809
2018-03-15,4209102,201811,20.8527,25.3973,31.5823,0.0174,1.8841,11.9286,15.0727,0.9592,0.9607,0.962,60.9731,84.5602,99.064
2018-03-16,4209102,201811,20.3244,23.7222,26.1593,0.9267,1.3737,2.9524,10.9896,0.9602,0.9624,0.9647,71.4155,84.5306,95.059
2018-03-17,4209102,201811,20.9816,22.7956,25.6666,1.2327,2.1462,2.8666,17.1697,0.9617,0.9639,0.9655,78.1788,88.4801,95.9299
2018-03-18,4209102,201812,22.0801,24.3864,27.1088,0.1774,0.994,2.8946,7.9522,0.9586,0.9614,0.9634,73.4012,87.3894,98.0357
2018-03-19,4209102,201812,22.0673,25.6457,31.354,0.001,2.4416,14.8583,19.5331,0.9569,0.9592,0.9608,66.0159,86.6229,97.7332
2018-03-20,4209102,201812,20.3673,21.4653,22.5805,1.2718,5.8823,25.1641,47.0581,0.962,0.9627,0.9638,83.3199,91.3746,97.9974
2018-03-21,4209102,201812,19.8882,20.4977,20.8352,2.0655,6.6539,11.6779,53.2315,0.9632,0.964,0.965,88.9215,94.0297,97.5069
2018-03-22,4209102,201812,18.268,20.1141,22.0346,0.1851,1.9708,10.4918,15.7664,0.9633,0.9647,0.9661,76.7174,85.334,91.5633
2018-03-23,4209102,201812,19.2548,22.7815,27.0329,0.0295,0.2849,1.4797,2.2792,0.9624,0.9639,0.9649,68.1112,83.8059,94.7708
2018-03-24,4209102,201812,22.2112,24.62,28.3795,0.0904,0.34,0.7392,2.7198,0.9623,0.964,0.9655,67.8884,87.1411,99.0791
2018-03-25,4209102,201813,22.8207,25.2025,29.9991,0.0226,1.8569,7.1136,14.8548,0.9617,0.9626,0.9639,66.5468,87.6886,99.3026
2018-03-26,4209102,201813,18.8255,20.376,24.3415,7.2718,17.1419,25.3511,137.1348,0.9631,0.967,0.9696,86.8935,91.6258,95.1577
2018-03-27,4209102,201813,18.2256,19.7199,21.8558,1.1973,8.8878,27.585,71.1028,0.9658,0.9678,0.969,87.0526,92.7204,96.2489
2018-03-28,4209102,201813,19.9635,21.6397,23.4504,0.1102,2.842,10.4299,22.7359,0.9655,0.9667,0.9675,83.0425,91.6602,98.2018
2018-03-29,4209102,201813,20.684,21.675,22.5979,0.873,4.9445,12.0306,39.5556,0.9656,0.9667,0.968,95.2037,97.0342,99.0835
2018-03-30,4209102,201813,19.9707,21.911,24.7194,0.9397,3.4066,14.0108,27.2525,0.9634,0.9654,0.9669,76.6984,91.4666,99.3876
2018-03-31,4209102,201813,20.0738,21.6628,23.6147,0.0417,4.6757,14.4767,37.4053,0.9609,0.9633,0.9646,86.3298,94.6564,99.3608
2018-04-01,4209102,201814,19.7018,23.1208,27.3337,1.223,3.4936,16.7295,27.9488,0.9576,0.96,0.9623,65.2147,86.1731,97.978
2018-04-02,4209102,201814,21.2717,24.2677,28.7631,0.0035,0.3291,2.4522,2.6329,0.9571,0.9585,0.9597,51.0339,76.8756,90.3347
2018-04-03,4209102,201814,18.8453,21.9932,25.412,0.0027,0.2405,1.0989,1.9237,0.9591,0.96,0.9614,66.0048,80.506,91.7411
2018-04-04,4209102,201814,19.2491,20.9388,23.2779,0.5252,1.7989,5.1874,14.3909,0.9611,0.9619,0.9629,78.0218,88.0471,95.4443
2018-04-05,4209102,201814,19.2398,20.7324,23.0282,0.0947,1.8876,6.0665,15.1004,0.9616,0.9624,0.9635,80.4394,89.9492,97.4147
2018-04-06,4209102,201814,18.9326,20.6505,23.1581,1.7216,3.0545,4.7008,24.4364,0.9637,0.9642,0.965,83.8931,91.4558,98.3241
2018-04-07,4209102,201814,18.8053,21.4156,25.261,0.1267,0.8571,4.4441,6.857,0.9647,0.9656,0.9671,65.447,85.2405,97.5088
2018-04-08,4209102,201815,18.859,21.8464,26.171,0.0007,0.1157,0.6652,0.9256,0.9664,0.9671,0.9685,63.6366,85.917,99.0504
2018-04-09,4209102,201815,18.6929,21.6707,25.3006,0.0958,0.3061,0.8205,2.449,0.9664,0.9677,0.9694,65.2542,86.7498,99.1898
2018-04-10,4209102,201815,18.8045,21.5251,25.2551,0.2581,0.6254,1.653,5.0032,0.9671,0.9681,0.9694,65.5018,85.6369,98.4845
2018-04-11,4209102,201815,19.6785,22.0631,25.6633,0.0324,0.1573,0.7055,1.2581,0.9665,0.968,0.9694,60.7071,84.3848,97.8644
2018-04-12,4209102,201815,17.424,21.7577,27.6563,0.0016,0.0193,0.1012,0.1547,0.9661,0.9677,0.9691,53.7683,82.7214,99.3696
2018-04-13,4209102,201815,17.4484,22.2436,28.2287,0.0,0.0926,0.6472,0.7408,0.967,0.9679,0.9692,56.9186,83.4917,96.2593
2018-04-14,4209102,201815,18.8355,19.7076,20.881,2.7524,7.0002,11.8189,56.0018,0.9714,0.9736,0.9752,78.7831,89.669,94.9705
2018-04-15,4209102,201816,17.5232,18.4556,19.4941,0.2974,3.4185,12.5712,27.3478,0.9747,0.9756,0.9769,85.2451,88.3115,92.1693
2018-04-16,4209102,201816,17.0624,18.456,19.847,0.5726,4.7397,9.1683,37.9177,0.9738,0.9749,0.9761,81.3231,90.387,97.1032
2018-04-17,4209102,201816,16.1391,18.4626,21.3295,0.1758,1.888,9.3064,15.1039,0.973,0.9742,0.9755,72.7554,85.6582,94.6477
2018-04-18,4209102,201816,15.9905,19.4655,23.181,0.0318,0.3827,2.0745,3.0616,0.971,0.9732,0.9746,65.9475,85.3143,98.504
2018-04-19,4209102,201816,16.4424,20.3025,25.2283,0.0025,0.0525,0.3767,0.4198,0.9684,0.9706,0.9722,59.542,82.9938,98.0375
2018-04-20,4209102,201816,14.9382,20.6015,26.2116,0.0,0.0024,0.0135,0.0192,0.9664,0.9686,0.97,56.3639,81.1882,97.0999
2018-04-21,4209102,201816,15.5584,20.8421,26.1751,0.0,0.0009,0.0028,0.0071,0.9658,0.9673,0.9684,52.3339,78.3388,97.1497
2018-04-22,4209102,201817,15.5068,20.3107,24.864,0.0,0.0002,0.0013,0.0013,0.9663,0.967,0.9687,59.3212,81.1935,97.1131
2018-04-23,4209102,201817,17.2286,20.5406,24.8591,0.0,0.0058,0.011,0.0462,0.9677,0.9685,0.97,62.6439,85.0021,98.3947
2018-04-24,4209102,201817,18.2058,21.0979,25.7284,0.0016,0.0068,0.011,0.054,0.9683,0.9695,0.9706,62.464,85.3186,98.844
2018-04-25,4209102,201817,18.6504,21.4681,25.9797,0.0085,0.0328,0.056,0.2621,0.9685,0.9698,0.9716,59.4977,85.6568,99.1396
2018-04-26,4209102,201817,19.0189,21.7658,26.2921,0.0042,0.0326,0.1221,0.2605,0.9664,0.9684,0.9699,61.0312,85.0314,98.5531
2018-04-27,4209102,201817,20.1739,22.4303,26.1921,0.0341,0.2969,0.7143,2.3751,0.9669,0.9683,0.9699,65.0416,86.7091,98.7659
2018-04-28,4209102,201817,20.6275,22.5717,25.948,0.0059,0.226,0.7364,1.8081,0.9674,0.9688,0.9704,66.4862,87.3159,98.9226
2018-04-29,4209102,201818,19.3575,22.1254,26.5802,0.0,0.0961,0.5448,0.7687,0.9659,0.968,0.9696,60.676,85.306,99.3376
2018-04-30,4209102,201818,18.8181,22.9233,28.8054,0.0001,0.0968,0.3299,0.7744,0.9644,0.9661,0.9673,54.6575,81.2405,98.2009
2018-05-01,4209102,201818,20.4822,22.4163,24.3113,0.3714,1.5767,3.707,12.6134,0.9667,0.9682,0.9695,81.2203,89.5432,97.7527
2018-05-02,4209102,201818,19.9317,20.3668,20.8698,1.2329,10.0734,20.3114,80.5869,0.9693,0.9706,0.9721,94.0365,96.4333,98.1732
2018-05-03,4209102,201818,19.6291,21.3845,24.3994,0.4035,4.9149,21.4765,39.3193,0.9661,0.9683,0.9697,79.1805,91.9395,98.7249
2018-05-04,4209102,201818,19.0313,22.446,26.8784,0.0,0.5857,3.8554,4.6858,0.9657,0.9668,0.968,67.8698,86.7639,98.1676
2018-05-05,4209102,201818,19.655,22.0225,24.9255,0.0,0.4411,1.1943,3.5288,0.967,0.9681,0.9696,77.7163,90.9043,98.4512
2018-05-06,4209102,201819,20.0221,20.8894,22.4279,0.8696,3.7051,7.2158,29.6409,0.9702,0.9712,0.9726,86.2518,94.5285,98.1992
2018-05-07,4209102,201819,18.6684,19.5684,21.025,1.5047,5.3583,9.3512,42.8667,0.9722,0.9728,0.9739,86.5338,93.152,97.5652
2018-05-08,4209102,201819,17.1898,18.7388,20.5416,0.2187,3.4363,9.8632,27.4907,0.9717,0.9727,0.974,81.1468,91.7441,97.2151
2018-05-09,4209102,201819,17.183,19.5947,22.4961,0.3481,1.4469,6.5536,11.5754,0.9693,0.9715,0.9729,70.1263,87.974,98.0913
2018-05-10,4209102,201819,16.5501,19.6248,23.5808,0.0156,0.1626,1.105,1.3006,0.9655,0.9683,0.97,64.8118,85.5805,98.4243
2018-05-11,4209102,201819,15.6048,20.4835,27.4007,0.0,0.0129,0.0603,0.1033,0.9602,0.9641,0.9669,56.4282,81.203,96.8099
2018-05-12,4209102,201819,17.8268,20.7174,23.1303,0.0249,0.0793,0.0915,0.6343,0.9617,0.9634,0.965,55.1385,73.2297,84.0491
2018-05-13,4209102,201820,15.7332,18.4029,20.644,0.0668,0.5041,1.2803,4.0328,0.9669,0.9677,0.9692,74.0026,83.9016,95.1776
2018-05-14,4209102,201820,16.7911,18.912,21.9084,0.3269,0.8758,1.694,7.0067,0.9668,0.9688,0.9702,68.506,86.1536,97.4707
2018-05-15,4209102,201820,16.0375,19.671,25.2415,0.0042,0.1554,1.1367,1.2429,0.9636,0.9661,0.968,64.2126,84.3532,96.5435
2018-05-16,4209102,201820,18.1465,19.736,22.3958,1.224,5.3503,7.3624,42.8022,0.9638,0.9653,0.9665,74.6458,88.6395,96.9912
2018-05-17,4209102,201820,16.826,17.5706,18.2616,0.7086,3.346,8.1675,26.7678,0.967,0.9683,0.9697,84.9471,89.4139,92.4449
2018-05-18,4209102,201820,16.9511,19.217,23.1124,0.0063,1.5105,6.214,12.0841,0.9604,0.9646,0.9673,71.3237,88.859,96.8362
2018-05-19,4209102,201820,17.8626,19.0375,21.242,0.7344,8.3839,11.6306,67.0711,0.9564,0.9582,0.9596,59.3015,82.1619,96.8877
2018-05-20,4209102,201821,12.165,14.7581,18.741,0.0,1.4614,11.6306,11.6916,0.9604,0.962,0.9634,44.844,58.6416,66.3775
2018-05-21,4209102,201821,7.6734,13.0456,18.402,0.0,0.0018,0.0123,0.014,0.9651,0.9667,0.9683,53.1897,69.8211,86.8682
2018-05-22,4209102,201821,8.399,13.7861,19.9356,0.0,0.0006,0.0013,0.0047,0.9669,0.9681,0.9692,60.1076,80.2135,94.9392
2018-05-23,4209102,201821,11.4852,14.9273,18.4827,0.0009,0.165,0.3031,1.3197,0.9695,0.9712,0.9728,63.7945,83.5725,96.7765
2018-05-24,4209102,201821,13.3589,15.4084,17.9695,0.2211,0.672,1.0372,5.3764,0.9727,0.974,0.9751,72.9563,85.0346,93.4251
2018-05-25,4209102,201821,14.7403,15.4224,16.6087,0.1489,1.6822,3.3769,13.4578,0.9724,0.9735,0.9746,85.8273,91.8809,95.3679
2018-05-26,4209102,201821,15.1596,16.52,18.8725,0.0515,0.7114,3.4196,5.6913,0.9712,0.9723,0.9734,77.0921,89.5632,95.129
2018-05-27,4209102,201822,15.7587,17.8849,21.5298,0.0132,0.1617,0.8861,1.2936,0.9719,0.9728,0.9741,69.3699,88.3889,98.0586
2018-05-28,4209102,201822,14.8206,17.4589,21.4106,0.0003,0.0373,0.1365,0.2981,0.9728,0.9738,0.9751,66.2404,88.0853,99.6306
2018-05-29,4209102,201822,13.8049,17.4147,22.0861,0.024,0.0475,0.0692,0.3804,0.9714,0.9733,0.9749,64.5309,87.5863,99.0869
2018-05-30,4209102,201822,12.9669,17.2466,22.2843,0.0053,0.0172,0.0693,0.1379,0.969,0.9714,0.9727,64.2211,86.0504,98.7433
2018-05-31,4209102,201822,13.7863,17.2017,22.5405,0.0,0.0089,0.0238,0.0709,0.965,0.9678,0.97,65.283,87.9115,98.9387
2018-06-01,4209102,201822,14.3026,18.2648,24.1973,0.0,0.0546,0.4111,0.4368,0.962,0.9641,0.9654,59.1762,80.9807,97.5637
2018-06-02,4209102,201822,16.8593,18.2625,19.9429,0.1371,3.2388,8.1188,25.9107,0.9636,0.9652,0.9673,83.0514,88.6855,97.1513
2018-06-03,4209102,201823,14.4766,15.4652,16.9452,2.4574,5.0356,11.1196,40.2852,0.969,0.973,0.9755,71.6127,87.3661,96.9171
2018-06-04,4209102,201823,12.5568,13.4632,14.4724,0.0071,1.4446,5.2255,11.5567,0.9728,0.9755,0.9767,83.2115,86.5007,90.498
2018-06-05,4209102,201823,13.3668,15.1936,17.9351,2.0562,7.9471,16.1089,63.5768,0.9635,0.9681,0.9727,85.3427,93.9439,97.6198
2018-06-06,4209102,201823,11.2828,15.0026,18.2083,0.355,3.002,21.5123,24.0157,0.9626,0.9637,0.9652,54.8105,79.7647,97.3291
2018-06-07,4209102,201823,10.4742,12.6749,14.8025,0.0,2.5402,5.0897,20.3218,0.9649,0.9657,0.9671,85.5482,90.5669,94.4616
2018-06-08,4209102,201823,6.5305,11.8968,18.2811,0.0,0.6372,5.0904,5.0973,0.9673,0.9686,0.9704,47.1102,77.1316,96.183
2018-06-09,4209102,201823,6.0552,12.1113,18.5491,0.0,0.0002,0.0017,0.0017,0.9681,0.9701,0.9715,60.4684,80.6851,94.064
2018-06-10,4209102,201824,10.3994,15.2209,22.294,0.0,0.0616,0.1817,0.4929,0.9641,0.9666,0.9681,68.8364,87.0883,94.4037
2018-06-11,4209102,201824,16.4328,20.5997,25.8638,0.0,0.0238,0.1819,0.1907,0.9589,0.9621,0.9647,70.6315,85.1257,96.6594
2018-06-12,4209102,201824,20.1174,21.8342,24.3924,0.0,0.1953,0.9601,1.5624,0.9593,0.9608,0.9626,73.3585,80.4553,87.0444
2018-06-13,4209102,201824,16.1942,18.7846,21.5925,1.885,2.6398,7.6692,21.1183,0.9625,0.9655,0.9681,52.6666,80.7887,93.9941
2018-06-14,4209102,201824,8.1392,12.4592,14.8462,0.0068,0.4626,1.9299,3.7006,0.9707,0.9731,0.9748,56.8447,74.9765,87.305
2018-06-15,4209102,201824,10.6595,11.1796,11.7669,2.3625,9.2702,12.0438,74.1613,0.9751,0.9757,0.9765,83.4079,90.2612,95.2161
2018-06-16,4209102,201824,9.9988,10.5774,10.9934,1.006,7.4486,13.0033,59.5887,0.9766,0.9773,0.9785,78.2633,86.7773,93.2511
2018-06-17,4209102,201825,10.1471,11.7952,14.0605,0.1868,1.6083,9.856,12.8666,0.9769,0.9777,0.9786,82.1365,84.8776,88.3997
2018-06-18,4209102,201825,11.5194,13.4339,15.618,0.0001,0.8235,2.0278,6.5879,0.9762,0.9771,0.9781,82.8999,91.6638,97.0122
2018-06-19,4209102,201825,14.2594,16.3262,20.1295,0.239,0.5967,2.7074,4.7738,0.973,0.9752,0.9768,69.8581,86.9312,94.608
2018-06-20,4209102,201825,13.4647,16.6492,21.6831,0.0005,0.057,0.3215,0.4557,0.9705,0.9728,0.9739,68.3664,88.513,99.1064
2018-06-21,4209102,201825,11.2973,16.7078,24.4176,0.0,0.0106,0.0316,0.0848,0.9669,0.9692,0.9707,61.4885,85.5013,96.4974
2018-06-22,4209102,201825,14.3366,17.328,20.5512,0.0,0.012,0.0383,0.0959,0.9673,0.9683,0.9697,74.9069,84.8535,92.5143
2018-06-23,4209102,201825,14.026,17.905,23.508,0.0981,0.1534,0.1855,1.2276,0.9648,0.9673,0.9692,65.8256,87.7759,97.4591
2018-06-24,4209102,201826,14.8572,16.4123,17.9843,0.0,0.1595,0.6051,1.2761,0.9662,0.9675,0.9692,84.4588,87.0807,92.5988
2018-06-25,4209102,201826,14.6623,17.7381,23.3703,0.1012,0.3453,0.8042,2.7627,0.9627,0.9665,0.9691,70.5754,86.0901,94.1395
2018-06-26,4209102,201826,16.3702,17.525,18.8419,0.0002,1.9824,8.0047,15.8593,0.9635,0.9652,0.9666,89.5372,91.9132,95.9483
2018-06-27,4209102,201826,15.223,17.3247,21.3795,2.9756,8.6364,11.8953,69.0911,0.9663,0.9676,0.969,79.6898,93.2746,98.9336
2018-06-28,4209102,201826,14.5359,17.7703,22.6114,0.0,1.3208,10.4892,10.5662,0.9678,0.9688,0.9702,77.1281,92.1626,98.7658
2018-06-29,4209102,201826,16.7563,18.5663,22.0877,0.005,0.2031,0.3358,1.6247,0.9662,0.9684,0.9698,75.4091,92.6159,99.5572
2018-06-30,4209102,201826,16.0793,17.9044,21.0432,0.0016,0.9683,2.7757,7.7465,0.9641,0.9656,0.9667,79.1168,91.2723,98.9259
2018-07-01,4209102,201827,15.2854,17.7452,22.0234,0.1475,0.6084,2.9479,4.8672,0.9638,0.9663,0.9676,72.331,90.8609,99.3002
2018-07-02,4209102,201827,15.0982,18.9429,25.2707,0.0,0.0457,0.3416,0.3659,0.962,0.964,0.9653,64.0113,85.148,97.7951
2018-07-03,4209102,201827,13.2472,16.632,19.1631,0.0001,0.3453,1.3422,2.7621,0.963,0.967,0.9703,84.2823,87.35,90.6019
2018-07-04,4209102,201827,10.8391,12.2217,14.6937,0.537,1.5766,2.6185,12.6131,0.9682,0.9704,0.9717,83.0111,90.2097,94.3451
2018-07-05,4209102,201827,11.8842,16.061,22.2634,0.012,0.2693,1.8741,2.1546,0.9661,0.9676,0.9685,71.9525,88.5329,97.4141
2018-07-06,4209102,201827,15.0576,16.831,19.44,0.0615,0.2424,0.4918,1.9393,0.9677,0.9686,0.9696,84.2911,93.3426,98.4306
2018-07-07,4209102,201827,15.088,18.192,23.9445,0.1558,0.2977,0.7557,2.3815,0.9636,0.9673,0.97,62.0144,85.5964,97.7409
2018-07-08,4209102,201828,16.9641,20.0115,24.7035,0.0,0.0858,0.2585,0.6862,0.9632,0.964,0.9649,60.6062,70.6382,76.7854
2018-07-09,4209102,201828,13.9216,15.8512,18.5316,0.1879,1.2736,2.4829,10.1885,0.9669,0.9689,0.9702,57.0506,73.2627,88.309
2018-07-10,4209102,201828,8.9422,12.6007,15.7339,0.0,0.3167,2.4834,2.5338,0.9714,0.9724,0.9734,56.1904,67.4823,79.9826
2018-07-11,4209102,201828,7.2751,12.0783,16.1172,0.0001,0.005,0.0371,0.0396,0.9731,0.9739,0.9749,56.2083,74.2735,87.4466
2018-07-12,4209102,201828,5.9392,11.0048,16.6666,0.0,0.0009,0.0013,0.0069,0.9711,0.9736,0.9755,55.2794,81.9874,98.2708
2018-07-13,4209102,201828,6.9661,12.2484,19.4356,0.0,0.0003,0.0013,0.0026,0.9683,0.9703,0.9716,57.5344,80.6063,94.8189
2018-07-14,4209102,201828,9.3445,14.947,22.8079,0.0,0.0007,0.0013,0.0056,0.9654,0.9682,0.9699,62.9515,84.209,96.7124
2018-07-15,4209102,201829,12.7683,17.8826,25.6854,0.0,0.0004,0.0013,0.003,0.9653,0.9665,0.968,60.5489,82.06,94.6267
2018-07-16,4209102,201829,15.0736,18.9534,25.6596,0.0,0.0004,0.0027,0.0031,0.9666,0.9683,0.9712,56.6338,78.5894,92.7147
2018-07-17,4209102,201829,17.2801,18.6983,22.0806,0.1781,1.6004,2.6088,12.8032,0.9703,0.9719,0.973,77.1766,93.3312,99.1888
2018-07-18,4209102,201829,15.8996,18.714,23.1557,0.0935,0.6276,2.6252,5.0205,0.9672,0.9698,0.9712,68.5479,89.8574,99.477
2018-07-19,4209102,201829,14.9824,18.6924,24.4041,0.0,0.071,0.4349,0.5682,0.966,0.967,0.968,67.8871,85.6848,97.0225
2018-07-20,4209102,201829,16.5487,20.9542,27.1358,0.0141,0.0472,0.0586,0.3777,0.9621,0.965,0.9675,57.3735,82.1946,97.5069
2018-07-21,4209102,201829,15.2906,17.499,19.4222,0.0001,0.0089,0.0586,0.0709,0.9638,0.9677,0.9706,56.057,74.9118,85.8303
2018-07-22,4209102,201830,12.8741,14.4394,16.8212,0.0475,0.4484,0.7038,3.5869,0.9717,0.9726,0.9741,75.1321,86.4337,95.7398
2018-07-23,4209102,201830,13.4426,16.7338,22.4623,0.0011,0.0947,0.7057,0.7575,0.9698,0.9718,0.973,71.1842,87.5812,96.1565
2018-07-24,4209102,201830,13.8263,14.9882,16.9791,0.0214,1.8949,4.08,15.1591,0.9723,0.9753,0.9773,84.7708,92.3673,98.751
2018-07-25,4209102,201830,14.3378,15.4334,17.7217,2.3169,7.2068,9.5924,57.6544,0.9738,0.9756,0.9772,84.9567,94.2611,97.8313
2018-07-26,4209102,201830,15.2514,17.2227,20.7717,0.2803,1.8833,9.9389,15.0662,0.9701,0.9727,0.9747,74.3919,90.5155,98.6904
2018-07-27,4209102,201830,15.6969,18.0521,22.2869,0.0039,0.1719,0.9178,1.375,0.967,0.9696,0.9715,71.9207,90.1657,99.5678
2018-07-28,4209102,201830,15.2205,18.1497,22.1155,0.059,0.1419,0.1889,1.1355,0.964,0.9672,0.9689,73.9962,89.7565,99.4239
2018-07-29,4209102,201831,16.3086,19.42,24.3078,0.0074,0.1222,0.2162,0.9774,0.9616,0.9631,0.9647,59.6411,80.084,94.3447
2018-07-30,4209102,201831,14.3027,15.6818,17.2357,0.348,2.5446,4.317,20.3567,0.9644,0.966,0.9678,80.5193,90.818,98.4249
2018-07-31,4209102,201831,13.3054,13.8582,14.6487,1.3433,4.3077,5.6919,34.4614,0.9673,0.9684,0.9698,83.7018,91.4166,96.1186
2018-08-01,4209102,201831,10.8306,12.1936,13.4984,1.1369,2.1823,6.736,17.4582,0.9709,0.9719,0.9732,73.991,82.002,93.4366
2018-08-02,4209102,201831,11.696,12.4421,13.5644,0.361,1.6163,2.8214,12.9304,0.9708,0.9722,0.9731,86.7827,89.909,93.2574
2018-08-03,4209102,201831,13.4848,14.9021,17.1689,0.2186,1.0184,2.5286,8.1468,0.9661,0.9684,0.9707,87.6148,93.938,97.0905
2018-08-04,4209102,201831,14.3621,17.085,21.1558,0.0037,0.2228,1.4656,1.7827,0.9637,0.9658,0.9673,67.0457,87.0524,99.4365
2018-08-05,4209102,201832,14.2565,16.7819,20.4336,0.0,0.0255,0.1994,0.2037,0.9638,0.9656,0.9675,46.7628,77.0129,92.3044
2018-08-06,4209102,201832,11.3816,14.6443,17.8179,0.0,0.0029,0.0088,0.0233,0.9691,0.9702,0.9716,67.5684,81.3788,93.8497
2018-08-07,4209102,201832,12.0117,14.4767,18.3096,0.0092,0.1786,0.2499,1.4287,0.9703,0.972,0.9735,63.4903,86.2817,98.1184
2018-08-08,4209102,201832,11.9434,15.1016,20.5426,0.0015,0.2312,1.251,1.8495,0.9677,0.9707,0.9726,67.8613,86.6204,97.4119
2018-08-09,4209102,201832,15.5904,17.2857,19.8506,0.1093,0.6781,3.1529,5.4245,0.9612,0.9636,0.9675,50.4306,79.4716,94.9132
2018-08-10,4209102,201832,10.9492,14.0125,18.7278,0.0,0.0677,0.5418,0.5418,0.9633,0.9647,0.9655,39.3176,55.5533,65.5161
2018-08-11,4209102,201832,7.8918,13.43,20.2287,0.0,0.0002,0.0004,0.0017,0.9656,0.9673,0.9691,53.8849,65.6068,76.2265
2018-08-12,4209102,201833,8.8384,14.4617,19.5688,0.0,0.0004,0.0005,0.003,0.9703,0.9712,0.9726,62.2115,80.8474,98.0475
2018-08-13,4209102,201833,10.1281,14.5338,19.6031,0.0,0.0008,0.0031,0.0063,0.9685,0.9707,0.9721,65.7871,85.0656,98.95
2018-08-14,4209102,201833,11.4616,15.3707,22.0149,0.0007,0.0099,0.0159,0.0789,0.9661,0.9683,0.9698,60.7373,85.3207,97.8152
2018-08-15,4209102,201833,12.5062,15.351,18.6889,0.0,0.3761,1.0424,3.0088,0.9678,0.9704,0.9728,68.4228,87.2141,98.1923
2018-08-16,4209102,201833,12.6985,14.1702,16.0974,0.4817,0.8172,1.5247,6.5375,0.9738,0.9754,0.977,71.7878,81.6831,89.2087
2018-08-17,4209102,201833,13.3407,15.162,17.8085,0.0156,0.457,0.8391,3.6564,0.9756,0.9769,0.9779,68.4103,81.405,89.5036
2018-08-18,4209102,201833,13.5603,15.2482,17.2591,0.0142,0.3501,0.8085,2.8005,0.9726,0.9747,0.9761,79.5554,87.0061,93.3378
2018-08-19,4209102,201834,13.1473,17.2905,23.8758,0.008,0.1069,0.7398,0.8555,0.9691,0.9717,0.9732,53.3293,83.2007,98.2443
2018-08-20,4209102,201834,13.6622,16.698,21.1623,0.0,0.0627,0.241,0.5018,0.9702,0.9712,0.9725,73.0465,89.5836,99.0606
2018-08-21,4209102,201834,13.747,14.4072,15.3274,0.5118,1.8691,3.216,14.9525,0.9717,0.973,0.9741,88.1179,92.4043,96.35
2018-08-22,4209102,201834,12.1713,13.7187,16.0976,1.9944,8.1976,12.9915,65.5806,0.9678,0.971,0.9737,88.5916,94.6654,97.99
2018-08-23,4209102,201834,13.4937,16.925,22.212,0.031,1.7571,13.1416,14.0565,0.9647,0.9668,0.9684,72.6921,90.2245,98.8041
2018-08-24,4209102,201834,16.0358,18.5703,22.8783,0.008,0.7458,1.733,5.9661,0.9619,0.9648,0.9668,74.928,91.7464,99.2728
2018-08-25,4209102,201834,15.8451,17.9572,20.1012,0.9626,3.2977,3.7382,26.3815,0.9608,0.9647,0.9688,41.3771,70.8517,94.3666
2018-08-26,4209102,201835,8.2538,12.4501,16.5235,0.0,0.4673,3.7382,3.7386,0.9716,0.9746,0.977,40.5771,57.8336,74.3509
2018-08-27,4209102,201835,6.0457,11.1733,16.695,0.0,0.0001,0.0004,0.0004,0.9743,0.9757,0.9772,55.3076,75.1114,96.4968
2018-08-28,4209102,201835,8.3132,12.7824,18.4972,0.0,0.0117,0.0405,0.0933,0.9725,0.9746,0.9761,75.7569,85.0223,92.745
2018-08-29,4209102,201835,13.8262,17.1027,22.4141,0.0275,0.1281,0.1879,1.0249,0.9686,0.972,0.974,67.741,88.3805,98.6787
2018-08-30,4209102,201835,15.3321,19.1529,26.0845,0.021,0.1178,0.1891,0.9422,0.9632,0.9674,0.9704,56.6148,84.732,99.1205
2018-08-31,4209102,201835,15.4952,20.2596,27.4072,0.001,0.0279,0.1352,0.223,0.9604,0.9632,0.9645,56.8461,80.0041,94.3882
2018-09-01,4209102,201835,16.5039,19.3601,22.985,0.036,0.7554,2.3849,6.0429,0.9628,0.9643,0.9652,76.768,87.3257,95.1652
2018-09-02,4209102,201836,16.5435,18.7611,22.0482,0.0008,2.1505,5.0953,17.2038,0.9611,0.9638,0.9656,74.6662,89.7276,98.5308
2018-09-03,4209102,201836,16.3799,17.3739,18.7175,2.6061,13.1704,30.014,105.3633,0.9596,0.9617,0.9633,85.3229,95.2464,98.6961
2018-09-04,4209102,201836,14.2728,15.9901,19.1155,9.8165,18.4171,33.8972,147.3371,0.9599,0.9627,0.9661,63.1081,79.297,90.5448
2018-09-05,4209102,201836,9.2303,14.0235,18.5362,0.0166,2.4459,19.4487,19.567,0.9683,0.9708,0.9728,55.126,77.0688,96.1035
2018-09-06,4209102,201836,8.7864,13.7903,19.5319,0.0,0.0035,0.017,0.0282,0.9712,0.973,0.9744,62.0168,82.4002,99.2632
2018-09-07,4209102,201836,9.524,14.8369,21.8442,0.0,0.0007,0.0035,0.0053,0.9693,0.9717,0.9732,62.7735,84.2781,97.6113
2018-09-08,4209102,201836,13.6691,16.3655,19.9942,0.0006,0.0997,0.1585,0.7977,0.969,0.9707,0.9723,70.2139,87.7352,98.8928
2018-09-09,4209102,201837,13.4723,16.2218,19.1781,0.1444,0.4795,1.1431,3.8363,0.9697,0.9707,0.9721,72.7179,88.0943,98.7366
2018-09-10,4209102,201837,14.698,16.7269,19.3129,0.3321,1.4928,2.9651,11.9423,0.9685,0.9704,0.9718,73.2764,89.5649,98.9876
2018-09-11,4209102,201837,14.9773,16.4578,18.8159,0.1254,1.4046,3.4062,11.237,0.9681,0.9695,0.9706,78.0287,91.8952,99.1553
2018-09-12,4209102,201837,14.912,16.38,19.0282,1.6896,4.1543,6.8211,33.2346,0.9697,0.9707,0.9718,77.7209,90.2797,98.0645
2018-09-13,4209102,201837,15.2009,16.5566,18.4442,0.2128,2.2403,7.0653,17.9228,0.9661,0.9686,0.9706,80.3632,89.994,96.2535
2018-09-14,4209102,201837,15.9996,16.8412,17.5091,0.2975,7.3502,15.0823,58.8013,0.9615,0.9643,0.9672,94.4241,96.3825,98.419
2018-09-15,4209102,201837,15.6505,17.2984,19.6323,0.6737,6.4048,15.228,51.2383,0.9628,0.9637,0.9652,72.3682,88.2863,97.5057
2018-09-16,4209102,201838,14.4621,16.9482,19.9772,1.3834,3.4389,9.325,27.511,0.9657,0.9668,0.9686,70.1361,87.6273,98.6625
2018-09-17,4209102,201838,15.9632,17.5682,20.15,0.3477,2.9805,5.0764,23.844,0.9607,0.9644,0.9683,77.3009,91.456,98.434
2018-09-18,4209102,201838,16.6842,20.3824,26.4558,0.0438,1.049,5.1145,8.3922,0.9579,0.96,0.9617,46.7144,81.18,98.4465
2018-09-19,4209102,201838,15.3668,20.8638,27.8651,0.0003,0.1498,0.978,1.1986,0.9599,0.9615,0.9639,57.3406,79.5219,91.3685
2018-09-20,4209102,201838,18.1061,20.2262,21.5267,0.0215,2.5211,8.8063,20.169,0.9637,0.9651,0.9673,88.7619,93.9882,99.4387
2018-09-21,4209102,201838,16.7642,20.3932,25.4686,4.548,5.8574,10.511,46.8588,0.9636,0.965,0.9665,64.0167,86.1787,98.3547
2018-09-22,4209102,201838,18.1877,21.1712,26.327,0.0051,0.7757,5.4238,6.2057,0.9632,0.9651,0.9666,65.0017,87.2273,99.2894
2018-09-23,4209102,201839,18.41,21.8275,27.188,0.0052,0.0577,0.1533,0.4615,0.9624,0.9638,0.9652,64.6251,84.7384,98.2651
2018-09-24,4209102,201839,18.5437,21.7216,26.5216,0.0001,0.0942,0.2924,0.7539,0.9624,0.9645,0.9655,69.0466,87.201,98.8946
2018-09-25,4209102,201839,16.6359,19.8721,23.104,0.0005,0.2014,0.4137,1.6116,0.9645,0.9662,0.9677,69.5472,86.7415,99.0248
2018-09-26,4209102,201839,18.0289,20.1334,23.3662,0.0172,3.1704,8.0252,25.3633,0.9616,0.9642,0.9665,81.1505,92.0244,98.3404
2018-09-27,4209102,201839,18.2571,20.5551,23.5078,0.6338,5.7159,10.4937,45.7272,0.962,0.9629,0.9642,80.816,92.6933,99.1806
2018-09-28,4209102,201839,18.498,20.1009,22.8283,0.0991,2.094,10.6134,16.7516,0.9652,0.9665,0.9683,79.7805,91.1087,98.92
2018-09-29,4209102,201839,18.3938,20.3859,23.4142,1.1823,2.9136,3.887,23.3087,0.9632,0.9666,0.9686,74.1695,88.9685,98.643
2018-09-30,4209102,201840,19.3986,21.5166,25.0003,0.0076,0.7801,3.6595,6.2405,0.9623,0.9643,0.9652,73.5117,88.3774,97.7014
2018-10-01,4209102,201840,19.0869,23.4268,29.1374,0.0039,0.187,0.8375,1.496,0.9589,0.9612,0.9629,54.6694,80.4897,97.0961
2018-10-02,4209102,201840,19.9396,21.5363,23.0989,0.0,1.3865,5.1062,11.0918,0.9611,0.9627,0.9645,85.6582,91.3207,96.6088
2018-10-03,4209102,201840,19.7481,21.4305,25.4408,2.1109,5.3177,12.401,42.5417,0.9614,0.9631,0.9643,76.1058,92.8624,98.9035
2018-10-04,4209102,201840,16.2894,17.3364,18.4975,2.1044,8.0647,18.9868,64.5174,0.9668,0.9687,0.9706,78.3531,89.1308,95.5001
2018-10-05,4209102,201840,15.7113,16.5483,17.6912,0.6286,3.9486,8.8803,31.5888,0.9693,0.9707,0.972,72.6007,84.293,94.5965
2018-10-06,4209102,201840,14.3878,15.7186,17.5317,1.1565,2.5813,6.1262,20.6507,0.9688,0.9704,0.9717,71.7457,82.1566,90.7919
2018-10-07,4209102,201841,14.479,16.3889,18.6227,0.887,5.8227,9.1608,46.5814,0.9657,0.968,0.9698,85.8568,90.2942,96.5717
2018-10-08,4209102,201841,17.3351,18.7014,20.8916,0.9589,10.0585,18.5511,80.4683,0.9622,0.9651,0.9667,92.5181,96.6811,99.0782
2018-10-09,4209102,201841,17.9915,21.8108,27.2255,0.1154,2.5568,18.8869,20.4547,0.9584,0.9615,0.964,66.9937,87.1675,99.128
2018-10-10,4209102,201841,19.0633,21.4721,24.0945,0.0,1.3904,4.7568,11.1235,0.9601,0.9626,0.9653,80.9764,91.7759,99.7601
2018-10-11,4209102,201841,15.9309,17.536,18.8808,2.6615,7.4852,9.1327,59.8814,0.9679,0.9706,0.9726,70.8671,84.8211,93.7801
2018-10-12,4209102,201841,16.1942,18.2076,21.1621,0.4089,2.043,9.3698,16.3438,0.9643,0.9691,0.9718,77.5864,85.2634,92.3489
2018-10-13,4209102,201841,17.9187,21.2933,26.7585,0.0055,1.7628,8.2864,14.1024,0.9598,0.962,0.9648,74.4612,89.0717,97.1696
2018-10-14,4209102,201842,16.1219,16.9732,18.0142,1.4737,6.6055,12.7075,52.8438,0.9653,0.9662,0.9677,81.3225,90.4507,95.4406
2018-10-15,4209102,201842,15.4739,16.3492,17.2594,6.3183,15.5633,21.7016,124.5064,0.9632,0.9645,0.966,93.9004,95.7255,98.1659
2018-10-16,4209102,201842,16.2522,17.6419,19.5299,0.1594,3.6564,21.8162,29.2508,0.9631,0.9643,0.9652,82.5136,93.9191,98.3747
2018-10-17,4209102,201842,18.1874,20.5395,24.2798,1.0175,2.0575,6.3238,16.4597,0.9625,0.964,0.9656,76.9607,90.8927,98.9981
2018-10-18,4209102,201842,19.1837,22.587,26.9396,1.8274,2.4075,2.9503,19.2596,0.9592,0.9621,0.9638,70.2099,88.5875,99.4941
2018-10-19,4209102,201842,19.0505,21.066,22.7465,0.0548,1.3519,2.9849,10.8156,0.9621,0.9645,0.967,70.6844,86.0117,96.638
2018-10-20,4209102,201842,14.0728,16.6673,18.2373,0.4217,1.5857,3.0322,12.6859,0.9684,0.9695,0.9706,66.4165,81.1682,94.3618
2018-10-21,4209102,201843,14.1525,16.0828,17.8671,0.8758,2.5934,4.3878,20.747,0.9677,0.9689,0.9699,77.3448,85.4576,95.2913
2018-10-22,4209102,201843,13.8789,18.1314,22.7724,0.008,0.5675,4.4224,4.5403,0.964,0.9668,0.9684,62.5421,79.6299,96.4633
2018-10-23,4209102,201843,15.6924,18.9534,23.3213,0.0,0.3555,1.2957,2.8439,0.9636,0.9654,0.9668,69.9254,86.6147,97.7699
2018-10-24,4209102,201843,16.777,17.4421,18.3653,1.8442,15.3861,36.6819,123.0885,0.9678,0.9686,0.9695,93.3259,95.9192,97.6537
2018-10-25,4209102,201843,16.7225,17.7388,19.1807,2.4781,11.4119,41.5931,91.2952,0.964,0.967,0.9692,91.1542,95.5628,97.9929
2018-10-26,4209102,201843,18.544,19.5649,21.3667,0.4807,3.6565,11.547,29.2522,0.9594,0.963,0.9652,88.5766,95.8302,98.9637
2018-10-27,4209102,201843,19.1031,22.2899,26.5116,7.6527,10.7411,11.4658,85.9292,0.9537,0.9558,0.9588,45.8763,76.2773,98.8286
2018-10-28,4209102,201844,14.2843,18.102,20.2345,0.0,1.4989,11.4658,11.9909,0.9604,0.9642,0.9665,58.4652,70.3703,90.161
2018-10-29,4209102,201844,15.1909,17.3158,19.5929,0.3399,0.9535,1.4973,7.6279,0.9661,0.9668,0.9681,70.2626,81.9183,92.6806
2018-10-30,4209102,201844,14.9382,18.9067,24.1996,0.0124,0.2109,1.4979,1.687,0.9656,0.967,0.9687,57.9776,79.3464,93.8208
2018-10-31,4209102,201844,17.2636,20.2015,25.5172,0.0086,0.3664,1.7406,2.9311,0.9621,0.9653,0.9673,69.205,85.1794,96.2552
2018-11-01,4209102,201844,16.856,20.1928,22.6648,0.3264,3.5022,9.1643,28.0179,0.9613,0.9628,0.9649,76.3654,85.2743,94.4506
2018-11-02,4209102,201844,17.0871,18.7603,20.7576,1.4446,4.7147,9.2594,37.7176,0.963,0.9651,0.9667,78.7218,88.7298,96.4768
2018-11-03,4209102,201844,18.1692,21.15,25.6139,0.0888,3.5984,19.7347,28.7876,0.9595,0.9614,0.9637,74.8109,87.0279,95.1513
2018-11-04,4209102,201845,17.5814,19.2159,20.9917,0.0893,5.3913,20.4803,43.1308,0.96,0.9637,0.9662,74.1599,86.2963,95.5226
2018-11-05,4209102,201845,16.223,18.4349,20.9703,0.0654,1.0461,4.8026,8.369,0.9669,0.9677,0.9691,66.4144,80.8786,94.0244
2018-11-06,4209102,201845,14.9523,18.5581,23.0384,0.0059,0.2689,1.0313,2.1512,0.9652,0.9676,0.9689,67.4766,82.3619,95.27
2018-11-07,4209102,201845,17.1487,19.1198,21.2328,0.0165,1.9838,5.592,15.87,0.9673,0.969,0.9706,76.4772,88.3624,98.3286
2018-11-08,4209102,201845,15.9729,17.966,20.0476,0.8112,4.2486,6.339,33.9888,0.9716,0.9727,0.9737,69.7848,82.0339,94.2656
2018-11-09,4209102,201845,16.9567,18.8657,22.2069,1.164,7.4097,14.1103,59.278,0.9673,0.9701,0.9727,81.6051,90.2041,95.784
2018-11-10,4209102,201845,18.0606,19.9984,23.1879,0.8718,4.2414,15.0135,33.9312,0.9624,0.9654,0.9683,82.6773,91.4761,97.6696
2018-11-11,4209102,201846,18.234,21.9097,25.9678,0.083,1.0198,5.21,8.1587,0.961,0.9629,0.9643,69.1528,86.1001,99.6314
2018-11-12,4209102,201846,20.1382,22.6917,26.6015,0.0776,0.4495,1.1674,3.5964,0.9627,0.9638,0.9648,66.5731,88.0586,99.2116
2018-11-13,4209102,201846,20.8645,23.4074,27.1869,0.1221,0.3959,1.2465,3.1672,0.9604,0.9634,0.9649,67.7173,86.4887,98.004
2018-11-14,4209102,201846,21.4753,25.0999,31.0219,0.0237,0.7143,2.7789,5.7146,0.9573,0.9594,0.9622,63.3215,85.109,98.8184
2018-11-15,4209102,201846,21.2613,22.3756,23.9497,0.0008,1.4531,3.1329,11.6248,0.9582,0.9608,0.9629,69.6051,82.6822,89.7894
2018-11-16,4209102,201846,19.0671,21.9846,25.4631,0.0372,0.3891,2.3403,3.1129,0.9652,0.9664,0.9678,62.5626,78.8508,92.9479
2018-11-17,4209102,201846,17.4675,20.4995,24.2136,0.0013,0.0498,0.2186,0.3983,0.9649,0.9679,0.9693,61.9427,81.2632,97.3796
2018-11-18,4209102,201847,18.9967,21.7197,26.1276,0.0041,3.4043,13.0451,27.2347,0.9604,0.9623,0.9656,74.1874,84.5177,92.4079
2018-11-19,4209102,201847,16.6453,18.621,20.793,0.6753,2.8192,13.3545,22.5533,0.9635,0.967,0.9691,66.2278,78.3261,90.8793
2018-11-20,4209102,201847,14.3281,17.8724,21.4059,0.0051,0.5635,1.6859,4.5084,0.9681,0.9693,0.9704,66.6991,80.0808,92.8079
2018-11-21,4209102,201847,15.598,18.4948,21.457,0.0817,0.4383,2.4056,3.5062,0.9672,0.9693,0.9704,64.4582,82.2406,96.9703
2018-11-22,4209102,201847,18.1465,20.7259,24.9105,0.0732,1.3909,2.6209,11.1271,0.9628,0.966,0.9679,71.2166,85.5193,95.9474
2018-11-23,4209102,201847,19.4079,22.1075,25.2219,0.051,0.734,2.6714,5.8718,0.9589,0.9621,0.9641,74.5982,88.7573,99.3048
2018-11-24,4209102,201847,20.5558,23.552,28.2401,1.7251,9.9614,14.4661,79.6913,0.9528,0.9563,0.9593,61.0453,82.541,99.2558
2018-11-25,4209102,201848,18.5747,22.0461,25.4211,0.0,2.1231,14.4977,16.9851,0.9577,0.9622,0.965,64.112,76.4163,90.3359
2018-11-26,4209102,201848,17.9256,19.394,21.0282,3.0405,6.3846,8.5526,51.0765,0.9675,0.9691,0.9706,72.9017,84.8427,95.0938
2018-11-27,4209102,201848,17.4038,19.6731,22.7232,0.1459,1.4888,8.7205,11.9101,0.9675,0.9692,0.9707,67.1272,80.5726,91.4132
2018-11-28,4209102,201848,17.7073,20.4078,23.3709,0.0485,0.4353,1.0625,3.4824,0.9645,0.9675,0.9692,72.8217,83.3612,94.2379
2018-11-29,4209102,201848,19.6737,21.7042,24.5746,0.1933,2.0155,6.2982,16.124,0.9604,0.9633,0.9655,75.0372,88.7296,96.8343
2018-11-30,4209102,201848,19.2302,22.4988,27.2108,0.0135,8.1188,40.3586,64.9507,0.956,0.9584,0.9604,72.7042,89.8807,98.5056
2018-12-01,4209102,201848,20.1351,22.9684,26.3125,0.3528,9.8005,50.0094,78.4041,0.9554,0.9564,0.9577,73.654,87.2368,98.6403
2018-12-02,4209102,201849,19.6612,20.9231,23.5687,0.9743,5.2501,18.0278,42.001,0.9586,0.9602,0.9615,73.0777,87.121,97.4543
2018-12-03,4209102,201849,16.0245,17.6945,19.0027,1.5234,3.8009,11.7283,30.4068,0.9602,0.9634,0.9649,74.8432,83.3685,92.0108
2018-12-04,4209102,201849,16.7937,20.874,27.4956,0.1963,0.8379,3.5467,6.7035,0.955,0.9586,0.9609,45.9189,75.7013,92.506
2018-12-05,4209102,201849,16.1924,22.3196,29.3238,0.0015,0.0767,0.5993,0.6133,0.9562,0.9587,0.9604,37.2335,68.0624,93.226
2018-12-06,4209102,201849,18.2936,20.2817,22.6223,0.018,0.5241,1.3323,4.1932,0.9632,0.9648,0.9661,72.6777,84.8585,94.5497
2018-12-07,4209102,201849,17.3485,18.2537,19.6036,2.1353,3.8098,7.055,30.4781,0.9665,0.9674,0.968,72.267,85.4126,92.3242
2018-12-08,4209102,201849,14.8367,17.4366,20.558,0.0942,1.0916,7.894,8.7327,0.9694,0.9706,0.9722,54.322,72.0647,85.904
2018-12-09,4209102,201850,13.5251,18.3314,23.915,0.002,0.0298,0.1479,0.2386,0.9689,0.9703,0.972,53.9327,74.73,94.1302
2018-12-10,4209102,201850,15.7998,20.9967,27.1247,0.0009,0.0112,0.0294,0.0899,0.967,0.9695,0.971,57.2606,78.0777,94.6517
2018-12-11,4209102,201850,18.8788,23.778,29.0942,0.0,0.2661,1.1602,2.1286,0.9661,0.968,0.9697,63.2375,83.7999,99.5529
2018-12-12,4209102,201850,21.0888,26.2973,32.9709,0.0,0.1763,1.1602,1.4103,0.9624,0.9657,0.9674,46.7421,76.6746,99.1912
2018-12-13,4209102,201850,21.6418,25.0843,28.5351,0.0843,0.5828,1.6729,4.6627,0.9626,0.9652,0.9669,62.8629,79.1417,93.1436
2018-12-14,4209102,201850,21.6192,25.7351,31.3161,0.0525,0.7171,1.8107,5.7367,0.9627,0.9641,0.9656,56.6473,80.5353,97.0079
2018-12-15,4209102,201850,23.5145,26.5988,32.0476,0.0368,3.0915,14.3817,24.7319,0.9654,0.9661,0.9669,58.0049,83.0794,97.5349
2018-12-16,4209102,201851,21.9824,25.2633,29.7835,0.1197,2.5804,15.9577,20.6431,0.9654,0.9675,0.969,60.5647,81.9302,97.5204
2018-12-17,4209102,201851,22.6364,26.2813,31.0187,0.0006,0.9914,3.0797,7.9312,0.9613,0.9647,0.9672,64.538,81.8375,95.6525
2018-12-18,4209102,201851,23.3339,25.906,31.288,0.146,5.8158,28.7568,46.5263,0.9625,0.964,0.9654,65.9435,86.3722,95.3545
2018-12-19,4209102,201851,21.8247,24.6138,28.8221,0.332,4.9977,33.9211,39.9812,0.9621,0.9654,0.9684,69.6127,84.8038,95.9076
2018-12-20,4209102,201851,22.4156,26.2126,31.3739,1.9806,4.8387,7.4404,38.71,0.9583,0.9619,0.9643,59.5396,81.9241,96.3182
2018-12-21,4209102,201851,22.9698,26.8576,31.7374,1.3489,3.6326,8.4821,29.0605,0.9576,0.9602,0.9622,62.5751,83.3493,97.8686
2018-12-22,4209102,201851,22.1777,26.3198,31.4867,0.0,3.307,16.3256,26.4561,0.9585,0.9596,0.9616,55.3124,77.8386,89.4598
2018-12-23,4209102,201852,22.4349,23.5475,25.4046,0.0018,8.636,20.4568,69.088,0.961,0.9623,0.9634,84.2145,92.0853,98.2529
2018-12-24,4209102,201852,20.299,21.9198,24.9617,2.4932,8.4335,22.369,67.468,0.9635,0.9647,0.9665,79.9695,90.0462,95.4405
2018-12-25,4209102,201852,19.8224,21.7174,24.8758,2.966,8.9504,15.5081,71.6032,0.9642,0.9654,0.9666,79.8772,88.8808,97.1307
2018-12-26,4209102,201852,19.4481,22.259,25.3408,0.0416,1.8565,12.9551,14.852,0.9618,0.9644,0.9663,68.9721,81.2116,95.1815
2018-12-27,4209102,201852,20.2742,22.6372,25.2661,0.0785,1.7879,6.6985,14.3033,0.9607,0.9625,0.9638,74.1589,84.8437,95.9908
2018-12-28,4209102,201852,20.54,23.645,26.9993,0.091,1.482,6.7537,11.856,0.959,0.9615,0.9627,69.3404,84.1216,96.9599
2018-12-29,4209102,201852,20.9601,24.2185,27.4243,0.0522,0.8233,2.9832,6.5867,0.9595,0.9608,0.9617,64.4092,83.2376,98.6596
2018-12-30,4209102,201901,21.755,25.0457,29.3477,0.1124,0.4588,1.662,3.6702,0.9592,0.9609,0.9619,61.1008,82.3435,98.3331
2018-12-31,4209102,201901,22.8895,25.4486,29.1657,0.0014,0.433,0.939,3.4641,0.9602,0.9616,0.9631,66.0268,83.606,97.7422
2019-01-01,4209102,201901,21.2543,24.6746,28.6605,0.0254,0.1715,0.9417,1.3717,0.9634,0.9645,0.966,58.5534,79.7946,96.5222
2019-01-02,4209102,201901,21.7217,25.9399,31.6422,0.1353,0.1763,0.2307,1.4101,0.96,0.9641,0.9663,53.4197,79.467,97.2385
2019-01-03,4209102,201901,24.5846,28.8869,34.4258,0.0005,0.2874,1.0803,2.2993,0.9569,0.9597,0.9624,46.815,73.197,95.6262
2019-01-04,4209102,201901,23.2965,25.6772,29.1673,0.0063,10.706,33.2707,85.6478,0.9594,0.9613,0.9626,68.6608,85.5543,94.515
2019-01-05,4209102,201901,21.1952,21.8437,22.4609,1.5458,12.0925,42.6821,96.7403,0.964,0.9648,0.9657,86.3199,92.3929,96.8244
2019-01-06,4209102,201902,20.6465,22.6469,24.6969,0.1114,2.1846,12.9316,17.4765,0.9614,0.9644,0.9662,75.6061,85.6045,95.3246
2019-01-07,4209102,201902,21.7948,26.311,33.7454,0.0086,0.2744,1.0186,2.1949,0.9579,0.9607,0.9627,47.2282,77.0203,95.707
2019-01-08,4209102,201902,23.3866,25.9956,30.4966,0.0,5.9118,29.1789,47.294,0.9618,0.9634,0.9654,65.5961,79.7686,88.8894
2019-01-09,4209102,201902,22.4694,25.8585,30.1904,1.2398,5.325,31.1585,42.6,0.9619,0.9649,0.9672,65.1441,83.3769,96.1698
2019-01-10,4209102,201902,24.3693,26.8092,30.5491,0.0598,1.0846,2.7455,8.677,0.9626,0.9636,0.9647,63.1552,83.49,97.863
2019-01-11,4209102,201902,22.3889,25.7429,30.3374,0.0,2.4956,9.2734,19.9651,0.9642,0.9652,0.9663,66.4023,83.5407,97.1994
2019-01-12,4209102,201902,22.4015,24.7401,27.9603,0.1574,3.833,10.4876,30.664,0.9644,0.9666,0.9679,74.4972,85.252,94.792
2019-01-13,4209102,201903,22.5072,24.743,28.1539,0.6636,4.047,12.2817,32.3758,0.9638,0.9658,0.9671,70.8964,85.8725,96.1881
2019-01-14,4209102,201903,21.9411,24.9439,29.3879,0.3499,7.7606,18.9524,62.0847,0.9631,0.9647,0.9662,68.8762,86.4764,98.5809
2019-01-15,4209102,201903,22.1315,25.9068,29.3577,0.0004,4.0012,19.984,32.0099,0.9611,0.9636,0.9646,67.5202,83.5879,97.6135
2019-01-16,4209102,201903,23.6958,27.8866,33.4493,0.0328,2.1996,11.6399,17.5965,0.9616,0.9629,0.9643,54.3646,79.239,95.108
2019-01-17,4209102,201903,24.5385,27.6189,31.9123,0.0,4.1447,23.0081,33.1579,0.9626,0.9637,0.9645,61.9964,80.6005,91.506
2019-01-18,4209102,201903,23.0389,25.1852,28.8263,10.2901,17.2251,35.784,137.8004,0.9616,0.9645,0.9664,75.9387,89.2468,97.4771
2019-01-19,4209102,201903,22.518,25.9429,31.3989,0.0264,7.4736,28.2363,59.7892,0.9603,0.9618,0.9632,60.5396,84.7449,95.852
2019-01-20,4209102,201904,20.2326,22.4644,24.1068,1.9818,7.018,37.1535,56.1437,0.9641,0.9652,0.9666,73.3835,83.4075,94.5417
2019-01-21,4209102,201904,21.6737,25.0656,29.2215,0.4605,1.5163,4.2355,12.1308,0.963,0.9642,0.9658,67.9167,82.7786,95.8629
2019-01-22,4209102,201904,22.9486,24.781,26.5724,1.5406,5.2735,7.742,42.1884,0.9651,0.9661,0.9678,78.3793,88.3725,98.2947
2019-01-23,4209102,201904,23.3624,25.7882,28.7919,0.3509,2.2022,7.9026,17.6176,0.9636,0.9661,0.9672,69.9338,86.1202,96.6912
2019-01-24,4209102,201904,23.6071,24.6684,25.8755,0.0364,5.6936,15.0356,45.5484,0.9645,0.9656,0.9671,84.17,91.5799,98.4778
2019-01-25,4209102,201904,21.4915,23.7277,26.8467,0.8407,4.8892,16.2204,39.114,0.9648,0.9664,0.9675,77.4841,87.6265,97.3868
2019-01-26,4209102,201904,21.3325,23.7842,26.6663,0.2326,1.7907,6.1914,14.3255,0.9645,0.9658,0.9673,79.8717,87.9246,97.665
2019-01-27,4209102,201905,21.6284,23.8489,26.8339,0.221,2.7382,12.3162,21.9056,0.9651,0.966,0.967,80.432,88.8928,96.4543
2019-01-28,4209102,201905,21.3276,25.9123,31.8397,0.0067,1.714,13.35,13.7117,0.9649,0.9666,0.968,58.3429,81.396,98.2694
2019-01-29,4209102,201905,23.2914,27.4058,31.898,0.0005,0.2628,1.0308,2.1027,0.9635,0.9664,0.968,55.388,80.5761,98.3007
2019-01-30,4209102,201905,23.9528,28.5622,33.5172,0.0,0.2193,1.0308,1.7543,0.9619,0.9642,0.9658,55.7924,80.1675,99.0902
2019-01-31,4209102,201905,23.6757,29.0415,34.1712,0.0001,0.4744,1.7738,3.7955,0.9621,0.963,0.9643,44.735,72.273,94.4655
2019-02-01,4209102,201905,24.0279,28.1772,31.3273,0.0088,0.6979,2.1476,5.5831,0.9622,0.9638,0.965,64.5249,78.9543,93.9699
2019-02-02,4209102,201905,23.941,27.6152,32.6128,1.543,3.4776,11.8016,27.8208,0.9608,0.9635,0.9653,58.6546,82.6141,96.3062
2019-02-03,4209102,201906,20.9452,23.3577,24.4897,0.9187,7.3905,19.0734,59.1243,0.9639,0.9654,0.9667,84.2034,91.8878,97.0101
2019-02-04,4209102,201906,18.7004,20.0731,21.6026,2.0788,5.6107,20.0274,44.8854,0.9672,0.9683,0.9697,72.3938,83.2796,92.4828
2019-02-05,4209102,201906,18.3344,19.8597,21.1124,0.1754,4.4866,8.6403,35.893,0.9667,0.9681,0.9692,79.9158,86.0646,94.7456
2019-02-06,4209102,201906,17.9233,19.9135,21.2869,0.2773,5.9003,8.7697,47.2021,0.9641,0.9662,0.9675,78.9893,86.8123,96.7001
2019-02-07,4209102,201906,17.4988,21.5711,26.3604,0.0103,1.2406,8.6745,9.9247,0.9608,0.963,0.9648,59.9932,81.2624,96.968
2019-02-08,4209102,201906,18.5637,22.9571,27.8517,0.0,0.8298,3.4085,6.6385,0.9601,0.962,0.9636,65.3293,82.7466,96.69
2019-02-09,4209102,201906,21.7413,24.6774,28.7319,0.0001,0.6267,3.4085,5.0132,0.9612,0.9626,0.9643,62.3504,83.2684,97.0305
2019-02-10,4209102,201907,22.0938,25.13,28.8506,0.0122,0.1734,0.7872,1.3868,0.9596,0.9619,0.9633,65.0376,83.333,96.422
2019-02-11,4209102,201907,23.1544,26.4593,31.8247,0.0029,1.8217,10.3568,14.5734,0.9587,0.9606,0.9618,58.5104,82.6571,96.8538
2019-02-12,4209102,201907,23.3803,26.0466,30.84,0.0,2.4838,10.8815,19.8706,0.9604,0.962,0.9636,64.1132,83.424,92.2967
2019-02-13,4209102,201907,19.2289,20.4342,21.8547,3.1806,5.638,9.9499,45.1041,0.9666,0.968,0.969,71.7754,83.8824,91.295
2019-02-14,4209102,201907,18.5906,20.8739,24.0933,0.5474,1.9811,6.946,15.849,0.9645,0.9672,0.9687,68.4388,81.4395,91.9036
2019-02-15,4209102,201907,19.208,21.0191,23.7568,0.0164,2.1766,10.6847,17.4129,0.9596,0.9626,0.9652,71.8332,85.7617,96.2133
2019-02-16,4209102,201907,18.5726,20.0445,22.1399,0.8454,5.231,14.4876,41.8482,0.9613,0.9618,0.9626,81.4187,91.9202,96.3963
2019-02-17,4209102,201908,19.5398,20.9709,23.4132,2.8076,12.5667,23.3875,100.5337,0.9612,0.9625,0.9635,84.4454,93.1633,98.4574
2019-02-18,4209102,201908,20.0253,23.0387,27.1195,21.0311,28.9035,49.6665,231.2276,0.9596,0.9617,0.9635,65.6031,84.6146,97.4501
2019-02-19,4209102,201908,19.7276,24.0043,29.1045,0.1845,5.6723,28.8821,45.3786,0.9579,0.9604,0.9626,62.9064,82.2581,96.7264
2019-02-20,4209102,201908,20.3396,23.7531,28.0816,0.0,2.763,9.4456,22.1039,0.9595,0.9608,0.9624,65.537,82.6556,91.6279
2019-02-21,4209102,201908,20.045,22.5952,25.8513,2.4157,7.2634,22.4268,58.1075,0.9632,0.9646,0.9661,79.7276,90.283,97.3273
2019-02-22,4209102,201908,20.9955,23.6064,27.9502,0.6268,4.1568,25.7746,33.2543,0.9626,0.9652,0.9668,71.9107,87.0387,97.0204
2019-02-23,4209102,201908,21.399,26.2102,32.5019,0.0004,0.4699,2.3702,3.7595,0.9581,0.9614,0.964,53.8752,79.9729,95.6813
2019-02-24,4209102,201909,22.9362,27.5058,33.3197,0.0,0.6581,1.9764,5.265,0.9562,0.9582,0.9595,48.4639,74.4689,91.4411
2019-02-25,4209102,201909,23.6505,26.2914,30.8266,0.0,7.5423,34.4838,60.3387,0.9571,0.9584,0.96,65.932,79.7543,89.4348
2019-02-26,4209102,201909,18.294,20.2732,22.2649,3.403,13.8058,36.811,110.4461,0.9615,0.9626,0.9635,75.0541,87.0096,93.0676
2019-02-27,4209102,201909,19.499,19.9266,20.4079,0.2964,10.2314,22.5683,81.8513,0.9639,0.9648,0.9658,79.9716,91.8049,95.5777
2019-02-28,4209102,201909,18.7733,21.3882,24.6729,1.4045,5.9131,26.3535,47.3048,0.9633,0.9646,0.9656,71.8903,86.4667,97.189
2019-03-01,4209102,201909,19.8833,21.8971,24.614,0.6894,2.696,4.9549,21.5684,0.9635,0.9649,0.9663,79.1249,90.4135,97.6595
2019-03-02,4209102,201909,19.919,24.0056,29.1442,0.0409,0.7465,5.1994,5.972,0.9618,0.9643,0.9657,53.4041,80.1543,95.3417
2019-03-03,4209102,201910,19.8433,23.5528,27.1329,0.0,0.7063,3.2045,5.6501,0.9635,0.9647,0.9663,68.4694,86.7708,98.151
2019-03-04,4209102,201910,21.0663,23.4395,26.7303,1.3375,2.8925,6.4617,23.1401,0.9649,0.9657,0.9664,71.1592,88.0298,98.2476
2019-03-05,4209102,201910,20.6462,23.922,28.1536,0.025,1.9828,6.6058,15.8627,0.9647,0.9667,0.968,69.726,87.6076,99.5216
2019-03-06,4209102,201910,21.8941,24.2337,27.7033,0.2508,3.6205,12.5438,28.9639,0.9641,0.9662,0.9674,77.1764,90.4212,97.9672
2019-03-07,4209102,201910,22.4342,24.8111,27.5402,0.0387,4.2181,12.7329,33.745,0.9628,0.9649,0.9665,76.4681,89.1613,98.5319
2019-03-08,4209102,201910,22.2935,25.641,30.4954,0.2706,4.2912,12.1845,34.3294,0.9622,0.9635,0.965,63.0177,83.3625,94.193
2019-03-09,4209102,201910,21.8967,25.3319,30.0879,0.0,5.362,15.2682,42.8959,0.9618,0.9637,0.9649,68.712,85.8864,95.9721
2019-03-10,4209102,201911,20.1999,21.8225,23.3362,13.2913,16.2204,23.7159,129.7631,0.9655,0.9672,0.9691,79.613,88.4803,95.0188
2019-03-11,4209102,201911,19.1061,20.506,22.5671,0.8877,4.6265,23.5427,37.0124,0.9671,0.9687,0.9697,69.6777,83.3608,92.3166
2019-03-12,4209102,201911,19.6634,21.6869,24.6561,0.1065,0.8266,2.9275,6.6124,0.9628,0.9658,0.9679,79.507,87.2565,92.5459
2019-03-13,4209102,201911,20.6559,23.7024,28.2865,0.0037,2.9323,14.4591,23.4582,0.9596,0.9623,0.965,67.4118,87.1804,97.8566
2019-03-14,4209102,201911,20.8488,24.2562,28.6868,0.0,3.8306,14.9433,30.6449,0.9605,0.9615,0.963,67.0029,84.7666,93.7464
2019-03-15,4209102,201911,21.7209,22.5037,24.2426,1.4028,13.3795,21.5188,107.0359,0.9628,0.9643,0.9659,82.4146,92.1836,98.0303
2019-03-16,4209102,201911,21.1736,22.2528,24.1494,0.8029,6.3027,21.7621,50.4218,0.9655,0.9663,0.9671,81.5866,91.2521,96.7865
2019-03-17,4209102,201912,20.5039,22.2288,24.7325,0.1926,3.8265,11.2126,30.6117,0.9625,0.9652,0.9676,77.946,90.3594,97.2185
2019-03-18,4209102,201912,21.6801,24.738,29.8475,0.0395,1.5256,5.1617,12.2051,0.9579,0.9612,0.9645,61.954,84.7735,96.6943
2019-03-19,4209102,201912,21.1139,24.6498,28.2898,0.0022,0.664,3.9173,5.3116,0.9575,0.9593,0.961,59.5131,79.9419,93.7849
2019-03-20,4209102,201912,20.44,21.8307,24.0729,0.4231,2.4573,7.8759,19.6587,0.9614,0.9625,0.9635,78.9922,90.2798,97.1705
2019-03-21,4209102,201912,18.2727,19.0982,19.9542,1.6104,3.4197,10.1177,27.3576,0.965,0.9662,0.9678,75.1093,85.303,92.5134
2019-03-22,4209102,201912,17.1597,18.1119,19.4777,1.425,5.994,10.4837,47.9521,0.9675,0.9687,0.9703,83.4065,90.0872,94.2898
2019-03-23,4209102,201912,17.1834,20.2773,24.6257,0.0528,1.6249,10.9349,12.9995,0.9656,0.9675,0.9694,64.4955,85.2499,97.2468
2019-03-24,4209102,201913,18.5327,22.2958,26.863,0.2971,0.5831,0.8725,4.6646,0.9635,0.9659,0.9675,59.0097,83.1076,97.8735
2019-03-25,4209102,201913,18.9367,23.0153,27.9516,0.0,0.2509,0.837,2.0071,0.9628,0.9638,0.965,60.4669,82.4929,97.3792
2019-03-26,4209102,201913,19.0409,20.3395,21.7106,1.6164,8.1147,13.0421,64.9176,0.9657,0.9671,0.9688,79.7596,88.884,93.5039
2019-03-27,4209102,201913,18.4835,19.7211,21.0652,1.7895,4.632,13.5102,37.0563,0.9689,0.9706,0.9722,75.6215,87.0643,95.6456
2019-03-28,4209102,201913,18.8066,19.8286,22.0561,2.3438,9.1775,19.3255,73.4197,0.9717,0.9731,0.9743,83.8816,92.223,98.1497
2019-03-29,4209102,201913,18.3057,20.0931,22.9808,1.6602,6.9532,20.9302,55.6256,0.9708,0.973,0.9744,73.9068,90.6039,98.5604
2019-03-30,4209102,201913,16.5968,20.8249,25.2103,0.2228,1.4438,9.3563,11.5501,0.9676,0.9703,0.9721,59.0877,82.1655,98.8235
2019-03-31,4209102,201914,17.2064,20.5647,24.8364,0.0,0.093,0.3325,0.7437,0.9649,0.967,0.9686,67.7242,85.071,97.6861
2019-04-01,4209102,201914,18.3995,21.2884,24.4778,0.0001,0.3165,1.1729,2.5321,0.9649,0.9662,0.9672,69.9148,86.4996,98.9108
2019-04-02,4209102,201914,18.2999,22.0334,26.5762,0.0689,0.2435,1.1904,1.948,0.9632,0.9654,0.967,61.5779,83.9009,97.7679
2019-04-03,4209102,201914,18.659,22.6776,27.0179,0.0002,0.4739,2.356,3.7913,0.96,0.9628,0.9644,69.5226,87.2132,99.2329
2019-04-04,4209102,201914,20.2538,24.0441,28.9993,0.0241,1.7065,5.5751,13.6517,0.9576,0.9595,0.9612,65.5135,86.1276,98.1656
2019-04-05,4209102,201914,23.0127,25.6715,30.4435,0.0033,2.1754,10.656,17.4033,0.9571,0.9587,0.9597,59.3907,81.3178,93.8503
2019-04-06,4209102,201914,19.8607,20.9377,22.5004,4.5566,7.5538,18.3907,60.4304,0.9627,0.9653,0.9674,81.2956,88.8065,95.0916
2019-04-07,4209102,201915,19.9641,20.3877,20.8605,3.0814,7.1037,10.0108,56.8299,0.9649,0.9661,0.9671,91.029,95.0097,97.0956
2019-04-08,4209102,201915,18.4377,19.6345,20.8395,1.8088,16.3776,22.9346,131.0204,0.9643,0.9658,0.9668,83.9913,91.6989,96.7097
2019-04-09,4209102,201915,16.4508,18.9438,20.8548,0.3652,3.484,24.2903,27.8719,0.9675,0.9684,0.97,65.8854,82.7578,94.469
2019-04-10,4209102,201915,15.4819,18.9426,23.0308,0.0476,0.2931,0.6649,2.3448,0.9675,0.9687,0.9701,64.0574,81.5421,91.8153
2019-04-11,4209102,201915,17.4091,20.8184,25.4983,0.0071,0.115,0.455,0.9198,0.9646,0.9671,0.9685,61.1423,82.8101,94.7398
2019-04-12,4209102,201915,16.8051,21.4722,26.1114,0.0,0.0491,0.1959,0.3931,0.9634,0.9649,0.9661,61.5898,84.2415,99.2575
2019-04-13,4209102,201915,18.8583,21.6174,25.4587,0.0047,0.039,0.089,0.3122,0.9641,0.9653,0.9665,65.1539,85.5793,99.4469
2019-04-14,4209102,201916,19.3605,22.0809,25.3138,0.0027,0.1825,0.7552,1.4597,0.9649,0.9659,0.9669,70.8853,87.1567,98.4448
2019-04-15,4209102,201916,19.544,22.381,25.8719,0.004,0.1292,0.7585,1.0338,0.9662,0.9673,0.9687,69.165,87.5871,99.6352
2019-04-16,4209102,201916,20.6188,22.1636,24.8764,0.3912,5.1646,20.025,41.317,0.9619,0.9658,0.9688,77.5028,90.6843,98.6015
2019-04-17,4209102,201916,16.2707,20.6805,25.9375,0.0595,2.9534,20.2953,23.6274,0.9607,0.9622,0.9631,50.9175,83.5272,99.1277
2019-04-18,4209102,201916,15.1634,20.3986,26.0786,0.0,0.069,0.548,0.5523,0.9622,0.9631,0.9646,54.6951,77.8386,94.6571
2019-04-19,4209102,201916,18.341,21.8499,27.5317,0.002,0.0524,0.0705,0.4189,0.9619,0.964,0.9659,55.3398,81.3441,97.2697
2019-04-20,4209102,201916,17.6602,22.3593,28.0481,0.0,0.0112,0.0705,0.0898,0.9616,0.9629,0.9644,54.968,80.3006,94.4283
2019-04-21,4209102,201917,20.2586,22.8531,26.483,0.0108,1.5117,6.3321,12.0934,0.9612,0.9624,0.9636,71.8256,87.708,95.7807
2019-04-22,4209102,201917,19.7431,20.4783,21.5402,4.1476,24.9879,41.7157,199.9035,0.963,0.9641,0.9653,89.116,95.457,98.4383
2019-04-23,4209102,201917,18.9464,19.3776,20.0472,0.9238,12.288,42.7047,98.3041,0.9672,0.9686,0.9703,92.6697,95.6226,97.3263
2019-04-24,4209102,201917,19.1643,20.6258,23.2204,5.5549,12.9431,19.5134,103.5445,0.9689,0.9702,0.9713,85.2061,93.6461,97.7579
2019-04-25,4209102,201917,20.9618,22.5706,24.9118,0.2986,2.9765,14.2666,23.8124,0.9679,0.9689,0.9698,78.5272,91.2226,99.0817
2019-04-26,4209102,201917,21.0525,22.7483,25.7919,0.3371,1.2119,2.7616,9.695,0.9659,0.9682,0.9696,74.2764,90.7153,99.3265
2019-04-27,4209102,201917,21.5501,23.5176,27.4388,0.003,1.2525,6.3679,10.0196,0.9608,0.9642,0.9672,69.9625,90.0935,99.3648
2019-04-28,4209102,201918,20.8771,22.1715,23.4805,0.0001,6.3692,20.4672,50.9534,0.9584,0.9596,0.9609,83.7993,90.5655,93.577
2019-04-29,4209102,201918,17.7276,19.6626,22.0338,0.7336,5.44,20.6514,43.5197,0.9617,0.9632,0.9648,73.1406,88.6736,98.1381
2019-04-30,4209102,201918,18.4475,20.3861,23.449,0.1601,1.4412,5.1276,11.5299,0.9648,0.9664,0.9681,67.0955,84.0644,94.4542
2019-05-01,4209102,201918,17.8617,20.1092,22.9636,0.0159,1.143,5.6859,9.1436,0.9637,0.9653,0.9662,76.6988,90.0392,98.4102
2019-05-02,4209102,201918,19.0691,21.2817,24.475,0.2654,1.8234,5.9028,14.5875,0.9617,0.9633,0.9645,73.9607,89.1154,97.7442
2019-05-03,4209102,201918,19.302,22.5704,26.8837,0.0004,0.4129,2.3306,3.3032,0.9627,0.9639,0.9653,68.8276,88.3109,99.399
2019-05-04,4209102,201918,20.7208,23.7623,28.1298,0.0,0.5469,1.9242,4.3749,0.9654,0.9661,0.9675,70.1783,87.3273,96.5341
2019-05-05,4209102,201919,21.5147,23.5106,26.4699,0.0432,0.6337,3.0314,5.0698,0.9658,0.9679,0.9693,73.7084,90.1804,99.4857
2019-05-06,4209102,201919,21.2361,23.9897,29.1389,0.0055,0.9745,7.2527,7.7961,0.9632,0.9657,0.9675,60.8704,85.6191,99.3442
2019-05-07,4209102,201919,19.1687,20.4385,22.2037,0.2097,4.7732,10.6824,38.186,0.9657,0.9673,0.9687,84.8758,93.0318,97.4337
2019-05-08,4209102,201919,17.5389,18.5416,20.2668,1.1493,2.8315,8.437,22.6521,0.9687,0.9703,0.9717,77.8539,87.3517,92.6472
2019-05-09,4209102,201919,17.6326,19.7279,22.5721,0.0095,0.446,2.6851,3.5682,0.9658,0.968,0.97,70.1044,86.1589,96.45
2019-05-10,4209102,201919,18.1467,20.6747,24.2915,0.0649,0.131,0.4051,1.0481,0.961,0.9642,0.9665,71.6113,88.561,97.6087
2019-05-11,4209102,201919,19.1765,21.4854,23.7772,0.0005,3.6221,11.1137,28.977,0.9601,0.9616,0.9626,86.7808,93.3767,97.3017
2019-05-12,4209102,201920,18.6206,20.122,21.3218,0.2944,5.9705,12.0005,47.7642,0.9637,0.9657,0.9682,91.5071,96.3503,99.3281
2019-05-13,4209102,201920,18.1217,19.3508,21.6735,0.3531,1.7373,8.4473,13.8985,0.9671,0.969,0.9702,84.0525,90.8209,94.4578
2019-05-14,4209102,201920,18.5424,19.7651,21.4671,0.6546,0.8642,1.4818,6.9139,0.9657,0.9672,0.9686,60.3477,81.7386,96.8726
2019-05-15,4209102,201920,15.9838,16.8867,18.3437,0.024,2.2206,5.6886,17.7649,0.9701,0.9713,0.9727,78.9315,85.0781,91.3456
2019-05-16,4209102,201920,16.5815,17.4309,18.7985,1.497,8.148,15.52,65.1843,0.9726,0.9733,0.9742,84.8438,92.0558,96.3352
2019-05-17,4209102,201920,16.3988,17.3432,18.8067,3.8809,9.359,17.3728,74.8718,0.9712,0.9731,0.9746,77.9851,87.8575,95.2837
2019-05-18,4209102,201920,15.959,17.2913,19.1976,0.5337,11.7605,19.99,94.0836,0.9693,0.9707,0.972,88.4577,93.003,95.4394
2019-05-19,4209102,201921,16.4955,18.1555,20.8603,0.1466,2.881,20.1748,23.0483,0.9662,0.9686,0.9707,79.6365,91.6996,97.348
2019-05-20,4209102,201921,15.7397,19.012,23.1541,0.004,0.1495,0.7503,1.196,0.965,0.9663,0.9673,71.162,88.7218,98.3629
2019-05-21,4209102,201921,16.2117,19.6503,24.9335,0.0,0.0319,0.2175,0.2555,0.9633,0.9651,0.9666,67.5156,88.4185,99.5254
2019-05-22,4209102,201921,17.0763,20.1652,24.3957,0.0,0.7841,4.3936,6.2732,0.9631,0.9644,0.9654,69.7461,87.3014,97.6918
2019-05-23,4209102,201921,18.9173,19.793,20.6575,0.2636,5.8206,18.6365,46.5646,0.9624,0.9637,0.9651,91.7226,95.6218,98.4696
2019-05-24,4209102,201921,17.4397,18.2113,19.4148,5.823,21.6446,29.1795,173.157,0.9581,0.9609,0.963,62.6475,91.0362,98.4139
2019-05-25,4209102,201921,14.5555,17.1571,20.7902,0.0,3.6561,29.1795,29.2487,0.9609,0.964,0.9668,58.1145,69.9129,79.2378
2019-05-26,4209102,201922,12.3695,16.7191,20.9574,0.0029,0.1191,0.1986,0.953,0.9659,0.9676,0.9692,65.8989,83.3273,96.8816
2019-05-27,4209102,201922,13.3711,17.4378,23.591,0.0007,0.0257,0.2,0.2054,0.9627,0.9653,0.9666,64.4047,85.612,97.9929
2019-05-28,4209102,201922,16.462,18.3603,21.2653,0.0,1.2463,3.8592,9.9705,0.9605,0.9618,0.9636,80.8849,86.8797,96.3507
2019-05-29,4209102,201922,15.9777,17.8761,20.1997,0.0524,1.0965,3.9731,8.7723,0.9633,0.9659,0.968,81.304,90.477,95.1781
2019-05-30,4209102,201922,17.7645,19.1076,22.3878,1.7681,9.842,20.4291,78.7362,0.9613,0.965,0.9679,83.2899,95.1148,98.3433
2019-05-31,4209102,201922,17.8142,18.9176,19.7144,0.0131,19.718,50.0843,157.744,0.9592,0.9604,0.9612,93.3723,95.8739,97.7658
2019-06-01,4209102,201922,17.1954,18.0723,19.4727,0.2868,8.1245,50.473,64.9957,0.9626,0.9638,0.9652,88.1136,93.8509,96.3349
2019-06-02,4209102,201923,16.9336,17.8234,18.4825,5.2786,8.6844,13.1798,69.475,0.9646,0.9668,0.9686,89.3618,95.5185,98.7775
2019-06-03,4209102,201923,16.623,17.6782,19.9995,3.6354,7.4791,14.4174,59.8332,0.9679,0.9694,0.9706,78.8061,92.5328,98.9018
2019-06-04,4209102,201923,12.1869,15.4172,18.2009,0.3159,1.4052,8.1113,11.2418,0.9719,0.9743,0.9764,54.9577,80.7651,95.7156
2019-06-05,4209102,201923,11.099,14.616,18.2889,0.0054,0.246,0.6578,1.9683,0.9747,0.976,0.977,70.628,84.8625,96.6204
2019-06-06,4209102,201923,14.1411,16.235,19.1212,0.0079,0.1285,0.6916,1.0279,0.9705,0.9732,0.975,78.21,90.4683,98.1649
2019-06-07,4209102,201923,14.5276,18.0662,23.8447,0.012,0.027,0.0948,0.2159,0.9668,0.969,0.9701,55.9194,84.4018,98.0596
2019-06-08,4209102,201923,12.5241,17.5689,24.2448,0.0,0.0023,0.0186,0.0186,0.9677,0.9688,0.9702,54.9362,79.9226,93.1128
2019-06-09,4209102,201924,14.2403,17.8233,21.7251,0.0,0.0048,0.011,0.0386,0.9707,0.9724,0.9739,68.4884,87.5813,99.5399
2019-06-10,4209102,201924,14.1557,17.3146,21.2584,0.0022,0.0162,0.0414,0.1298,0.9705,0.9728,0.9742,69.0951,88.7268,99.158
2019-06-11,4209102,201924,14.3162,17.4552,22.7326,0.0011,0.0095,0.0422,0.0763,0.9686,0.9705,0.9718,65.0024,87.4365,99.4127
2019-06-12,4209102,201924,14.2475,18.0209,23.7878,0.0,0.0036,0.0076,0.0289,0.9683,0.9697,0.9709,66.2549,88.9204,99.5166
2019-06-13,4209102,201924,15.1097,19.0902,24.8083,0.0,0.0026,0.0061,0.0208,0.9684,0.9698,0.971,65.7564,84.7725,95.9244
2019-06-14,4209102,201924,16.1101,20.1202,26.0729,0.0,0.0051,0.0092,0.0411,0.9686,0.9699,0.9716,64.8406,84.5314,96.479
2019-06-15,4209102,201924,17.9719,21.1894,25.8352,0.0003,0.0073,0.0268,0.0583,0.9687,0.9702,0.9715,65.1294,86.8431,97.449
2019-06-16,4209102,201925,18.5422,21.0489,25.2478,0.0172,0.0789,0.1113,0.6313,0.9702,0.9715,0.9732,66.1024,88.2756,98.4934
2019-06-17,4209102,201925,17.8048,19.5407,22.1678,0.0023,0.1356,0.1999,1.085,0.971,0.9726,0.9744,68.1865,88.8582,99.3346
2019-06-18,4209102,201925,15.1545,18.5567,23.3187,0.019,0.0509,0.2065,0.4073,0.9672,0.9699,0.9715,63.5208,86.3547,99.257
2019-06-19,4209102,201925,15.1144,19.4554,25.6897,0.0,0.0051,0.0357,0.0405,0.9658,0.9674,0.9681,56.8485,79.2322,92.1991
2019-06-20,4209102,201925,15.628,18.3767,20.4557,0.001,0.2091,0.8195,1.6726,0.968,0.9711,0.9741,60.8343,82.4872,95.9942
2019-06-21,4209102,201925,15.6064,17.4618,20.7266,0.0573,0.1823,0.2303,1.4585,0.9749,0.9757,0.9772,67.8855,82.2774,89.5555
2019-06-22,4209102,201925,14.93,17.7845,22.8449,0.0001,0.0306,0.2311,0.2445,0.9732,0.9755,0.9769,62.1959,85.3636,97.9748
2019-06-23,4209102,201926,13.1489,17.8439,24.4326,0.0,0.0029,0.0053,0.0232,0.9671,0.971,0.9731,61.0553,83.939,94.2913
2019-06-24,4209102,201926,14.3496,18.9876,25.478,0.0,0.0016,0.0053,0.0131,0.9622,0.9654,0.9668,53.3713,77.9495,90.6083
2019-06-25,4209102,201926,14.5674,19.595,27.0256,0.0,0.0006,0.0017,0.0052,0.9588,0.9609,0.9623,46.6733,71.4999,87.1669
2019-06-26,4209102,201926,14.6533,17.0251,20.2241,0.0,3.5882,16.443,28.7056,0.9605,0.9632,0.9668,65.2423,81.7212,96.1115
2019-06-27,4209102,201926,13.3485,14.6584,17.3954,2.4656,5.0468,20.3791,40.3747,0.968,0.9691,0.9705,83.0025,90.8854,95.4839
2019-06-28,4209102,201926,14.045,17.6829,23.32,0.0002,0.3733,2.9594,2.9864,0.9672,0.9692,0.9709,71.4956,89.5137,98.676
2019-06-29,4209102,201926,16.0555,20.2242,26.6991,0.0018,0.0106,0.0151,0.0847,0.9633,0.9662,0.9679,62.6792,85.0813,98.7948
2019-06-30,4209102,201927,16.7345,21.5069,28.1379,0.0,0.0019,0.0151,0.0152,0.9622,0.964,0.9658,49.8803,72.7396,87.0416
2019-07-01,4209102,201927,14.9958,17.9942,20.5691,0.0,1.4173,5.6545,11.3383,0.9638,0.9651,0.966,75.3731,87.2375,95.0569
2019-07-02,4209102,201927,14.5559,15.9811,18.8405,1.3179,5.4677,7.6577,43.7419,0.9573,0.9616,0.9656,85.6606,93.3636,96.4365
2019-07-03,4209102,201927,16.328,17.5187,19.4948,0.073,2.2713,7.5324,18.1708,0.955,0.9575,0.9589,83.1294,89.8622,95.1574
2019-07-04,4209102,201927,13.1127,14.4795,15.7395,1.1095,2.7355,4.8935,21.8839,0.9609,0.9634,0.9652,77.878,90.5917,97.2249
2019-07-05,4209102,201927,10.7026,13.1752,16.4505,0.3288,1.0348,3.9266,8.278,0.9668,0.9677,0.9689,41.0093,69.6351,91.945
2019-07-06,4209102,201927,4.8948,9.199,14.4366,0.0,0.0853,0.6792,0.6826,0.9707,0.9727,0.9744,37.0006,52.5298,71.1409
2019-07-07,4209102,201928,2.9444,8.2893,13.9035,0.0,0.001,0.0017,0.0077,0.9748,0.9764,0.9778,46.089,70.086,84.5501
2019-07-08,4209102,201928,4.9776,10.3775,17.6261,0.0,0.0002,0.0017,0.0017,0.9739,0.9761,0.9778,61.6032,81.2331,94.3395
2019-07-09,4209102,201928,8.2775,12.5287,19.1022,0.0,0.0011,0.0017,0.0089,0.9726,0.9745,0.9755,64.8124,88.579,99.3211
2019-07-10,4209102,201928,10.6099,14.463,20.7646,0.0002,0.0017,0.0036,0.0134,0.9687,0.972,0.9742,58.8194,85.2533,98.741
2019-07-11,4209102,201928,9.7697,14.9204,22.2449,0.0,0.0013,0.0036,0.01,0.9667,0.9682,0.9693,56.3124,80.5282,93.6718
2019-07-12,4209102,201928,9.6093,15.7355,23.654,0.0,0.0005,0.0013,0.0039,0.9652,0.9671,0.9689,55.5061,82.2086,96.2657
2019-07-13,4209102,201928,13.4354,18.2251,25.9808,0.0,0.0001,0.0009,0.0009,0.9638,0.9655,0.9669,49.0892,70.0516,83.0479
2019-07-14,4209102,201929,13.6913,17.4552,22.2983,0.0,0.0575,0.4538,0.4603,0.9632,0.9651,0.9662,64.6524,81.2885,91.1456
2019-07-15,4209102,201929,14.4977,15.3592,16.998,0.4968,7.4392,16.9102,59.5138,0.9656,0.9666,0.9679,94.7545,97.6432,98.7182
2019-07-16,4209102,201929,10.3368,14.1369,16.4613,0.0647,2.3117,17.859,18.4933,0.966,0.969,0.9721,42.1078,75.461,97.9343
2019-07-17,4209102,201929,7.8637,12.0413,15.2575,0.0,0.0536,0.2829,0.4287,0.9739,0.9758,0.9775,60.0067,76.796,87.3345
2019-07-18,4209102,201929,10.5178,13.0058,15.9466,0.011,0.2651,1.1004,2.1205,0.9752,0.9762,0.9771,87.5687,94.5907,98.8874
2019-07-19,4209102,201929,14.4148,16.3134,19.0891,0.1559,1.0671,1.7119,8.5372,0.9721,0.9746,0.9761,72.6579,89.6077,96.9593
2019-07-20,4209102,201929,13.2659,16.6921,22.1385,0.0107,0.2294,1.7122,1.8355,0.97,0.9721,0.9735,65.1963,87.8953,98.7682
2019-07-21,4209102,201930,13.9505,16.8441,22.0832,0.0007,0.0616,0.0974,0.4927,0.9681,0.97,0.9715,63.4542,88.1909,99.7445
2019-07-22,4209102,201930,13.1155,17.9279,23.9377,0.0013,0.0578,0.0975,0.4627,0.9675,0.9687,0.9699,66.7131,86.0357,98.3196
2019-07-23,4209102,201930,14.3647,19.2576,26.0849,0.0001,0.0102,0.0784,0.0815,0.9672,0.9688,0.9706,59.8902,82.064,93.6664
2019-07-24,4209102,201930,14.7451,19.4646,25.6232,0.0,0.0003,0.0006,0.0027,0.9671,0.9689,0.9699,59.0418,81.8385,94.9528
2019-07-25,4209102,201930,16.9087,18.1153,20.3234,0.0009,0.6536,1.517,5.2286,0.9703,0.9716,0.9726,79.0113,92.6394,98.7761
2019-07-26,4209102,201930,16.0475,18.1791,22.1678,0.0434,0.2927,1.6206,2.3416,0.9699,0.972,0.9732,71.0454,90.3892,99.5153
2019-07-27,4209102,201930,14.9722,16.5958,17.5465,0.0653,0.5983,2.0152,4.7868,0.9717,0.9729,0.9743,92.9397,95.7357,98.2871
2019-07-28,4209102,201931,12.8528,13.7433,14.8352,0.4436,1.7407,2.5884,13.9257,0.9741,0.9754,0.9767,85.2145,91.4624,95.4281
2019-07-29,4209102,201931,14.0824,16.3707,20.0167,0.0099,0.4416,2.5309,3.5325,0.9698,0.9726,0.9746,73.7815,86.9093,92.373
2019-07-30,4209102,201931,14.9277,17.7944,21.7769,0.0015,0.5185,1.5226,4.1483,0.9658,0.9681,0.9702,70.5617,87.3108,99.2966
2019-07-31,4209102,201931,13.2772,17.0948,21.6487,0.0,0.197,1.5231,1.5762,0.9664,0.9675,0.9691,66.1606,83.7785,93.2714
2019-08-01,4209102,201931,15.8188,18.6466,24.387,0.0052,0.1035,0.1627,0.8276,0.9619,0.9652,0.9679,57.9394,84.7917,98.7499
2019-08-02,4209102,201931,12.8967,16.0666,17.5523,0.0,1.0925,4.559,8.7398,0.9622,0.965,0.9697,76.7046,83.8726,87.8154
2019-08-03,4209102,201931,6.7679,12.1378,17.0034,0.0203,0.7529,5.2595,6.0232,0.9716,0.9732,0.9746,44.1619,63.3889,81.4692
2019-08-04,4209102,201932,6.1478,10.3778,13.4693,0.0,0.0503,0.1239,0.4021,0.9748,0.9782,0.981,59.717,72.0957,86.373
2019-08-05,4209102,201932,6.6798,11.0859,16.8135,0.0,0.0133,0.0932,0.1061,0.9789,0.9808,0.9819,67.6351,78.4625,87.5554
2019-08-06,4209102,201932,12.5284,15.6876,19.7597,0.0086,0.099,0.2338,0.792,0.9744,0.9774,0.9797,72.1495,87.5792,96.4054
2019-08-07,4209102,201932,13.858,18.1325,24.3202,0.0134,0.0722,0.2413,0.5773,0.9717,0.9739,0.9753,65.2535,87.3906,99.1612
2019-08-08,4209102,201932,15.2137,19.892,26.1318,0.0,0.0188,0.093,0.15,0.9698,0.9717,0.9732,61.7654,83.6795,96.9368
2019-08-09,4209102,201932,16.9073,20.4341,25.7989,0.0078,0.0508,0.0828,0.4065,0.9662,0.9691,0.9708,63.8524,83.5872,91.9233
2019-08-10,4209102,201932,17.4695,21.8933,28.3672,0.0303,0.0677,0.0907,0.5419,0.9642,0.9661,0.9674,43.7632,73.0971,94.9662
2019-08-11,4209102,201933,15.3466,16.995,19.7168,0.5075,2.0654,2.904,16.5229,0.9695,0.9716,0.9739,77.4826,86.4175,93.2951
2019-08-12,4209102,201933,14.3257,19.4519,27.2943,0.0112,0.3782,2.905,3.0253,0.9637,0.9678,0.9712,54.0451,78.9544,93.2454
2019-08-13,4209102,201933,14.5901,17.3934,20.3211,0.0,1.468,3.3393,11.7443,0.9648,0.9699,0.9744,70.9829,83.0853,93.0451
2019-08-14,4209102,201933,10.0621,11.7732,13.9703,0.6199,1.7797,3.9155,14.238,0.9763,0.9792,0.9815,55.8812,74.1808,87.0907
2019-08-15,4209102,201933,10.6434,13.3984,17.1901,0.2485,0.69,1.8383,5.5196,0.9765,0.9792,0.9811,68.5206,81.0693,93.5138
2019-08-16,4209102,201933,12.3527,16.523,22.3892,0.0133,0.124,0.8333,0.9917,0.9701,0.9741,0.9766,60.9442,82.9354,96.5794
2019-08-17,4209102,201933,12.1418,17.7322,25.3201,0.0,0.0136,0.0258,0.1086,0.9627,0.9674,0.9709,52.4399,80.0949,98.2049
2019-08-18,4209102,201934,15.5831,19.5687,28.5643,0.0,0.3461,2.7162,2.769,0.9621,0.9635,0.9659,43.568,70.6599,94.193
2019-08-19,4209102,201934,10.0972,11.5983,15.0588,1.3625,10.9079,20.2396,87.2631,0.9686,0.9717,0.9737,83.78,88.3114,94.7196
2019-08-20,4209102,201934,10.3312,11.4915,13.2295,0.2347,3.4758,20.5323,27.8066,0.973,0.9741,0.9754,83.7283,86.4931,88.005
2019-08-21,4209102,201934,12.3889,13.396,15.7191,0.475,1.7789,2.4213,14.231,0.9734,0.9745,0.9755,78.5366,88.8736,95.2713
2019-08-22,4209102,201934,10.3139,12.7816,15.09,0.7252,1.1509,3.0747,9.2072,0.9743,0.9755,0.9768,76.0752,85.1235,91.3712
2019-08-23,4209102,201934,11.3596,14.9483,19.1443,0.5353,2.1458,2.7223,17.1661,0.9706,0.9724,0.9746,64.6438,84.8788,98.0053
2019-08-24,4209102,201934,12.9596,14.5239,16.3524,0.4248,0.8072,2.851,6.4577,0.9729,0.9744,0.9758,71.081,82.2941,92.71
2019-08-25,4209102,201935,12.4151,14.7582,18.3754,0.0442,0.1912,0.6878,1.5293,0.9752,0.9763,0.9777,59.2192,80.712,95.1513
2019-08-26,4209102,201935,12.0277,15.0337,18.8412,0.0,0.2082,0.7571,1.6659,0.9728,0.9748,0.9766,75.0846,85.6726,91.8615
2019-08-27,4209102,201935,14.3424,16.6785,20.3355,0.052,0.3171,0.8186,2.5371,0.9727,0.9737,0.9747,73.3485,89.6452,98.6483
2019-08-28,4209102,201935,15.5098,17.587,21.2325,0.097,0.4107,0.9869,3.2855,0.9713,0.9734,0.9748,65.1693,87.6759,99.3736
2019-08-29,4209102,201935,14.9138,17.6238,22.5414,0.0272,0.2544,0.5401,2.0352,0.9673,0.97,0.972,63.9434,86.2437,98.3685
2019-08-30,4209102,201935,14.5202,18.4556,25.2503,0.0004,0.0898,0.3068,0.7182,0.9627,0.9661,0.9687,62.9565,87.1328,99.5574
2019-08-31,4209102,201935,16.7105,19.8136,26.3751,0.0012,0.924,6.3146,7.3918,0.9612,0.9626,0.964,62.14,83.7774,95.8804
2019-09-01,4209102,201936,14.0512,14.8256,17.0091,5.7256,18.7752,33.1683,150.2019,0.9649,0.9662,0.9682,89.263,94.787,98.5984
2019-09-02,4209102,201936,12.93,13.7194,14.513,4.5199,10.8217,48.1564,86.574,0.966,0.9668,0.968,80.2791,88.3086,94.7009
2019-09-03,4209102,201936,13.0804,14.8121,18.0652,0.6247,5.5141,7.7001,44.1131,0.9663,0.9675,0.9685,80.788,89.0275,95.5001
2019-09-04,4209102,201936,12.9543,13.7758,14.5955,0.6027,2.5138,8.8843,20.1103,0.9704,0.972,0.9739,81.6195,88.064,94.5164
2019-09-05,4209102,201936,10.6388,11.3425,12.8955,1.0235,2.1086,2.7176,16.8692,0.9757,0.9776,0.9798,77.9449,84.9793,91.9289
2019-09-06,4209102,201936,10.5679,12.5836,15.2568,0.0661,2.3194,5.1256,18.5556,0.9734,0.9759,0.9789,81.9161,87.4643,93.0564
2019-09-07,4209102,201936,12.8242,17.1681,23.0431,0.143,0.8505,5.3543,6.8038,0.9678,0.971,0.9735,73.1216,89.6937,98.5246
2019-09-08,4209102,201937,16.5113,20.5747,27.6208,0.0732,0.194,0.3452,1.552,0.9665,0.9693,0.9711,66.9287,88.6713,99.1686
2019-09-09,4209102,201937,17.9358,22.8886,29.1247,0.0407,0.1397,0.2164,1.1174,0.9624,0.9654,0.9678,61.4022,83.4747,97.2442
2019-09-10,4209102,201937,19.4496,23.5531,29.8013,0.0226,0.0922,0.1562,0.7372,0.9625,0.9639,0.9646,56.5298,79.7098,92.3127
2019-09-11,4209102,201937,16.9288,21.2448,27.494,0.0797,0.126,0.2648,1.0076,0.9606,0.9644,0.9668,65.8752,85.4549,97.0631
2019-09-12,4209102,201937,18.9494,22.7641,30.1629,0.0,0.7873,6.0718,6.2982,0.9601,0.9621,0.9655,55.7701,79.7939,93.8145
2019-09-13,4209102,201937,15.0714,16.4396,17.8788,1.8129,4.3729,8.0193,34.9835,0.968,0.9709,0.973,80.9577,89.4809,96.1752
2019-09-14,4209102,201937,15.0489,16.6047,19.2357,0.8409,2.4337,6.4006,19.4695,0.969,0.9712,0.9731,79.1746,89.9857,96.9346
2019-09-15,4209102,201938,16.4005,19.1613,23.8083,0.0254,0.4181,2.7648,3.3444,0.9656,0.9682,0.9708,72.3398,87.0727,94.0645
2019-09-16,4209102,201938,18.0529,22.1379,29.3117,0.0633,0.2634,0.3721,2.1074,0.9619,0.965,0.9672,60.1978,86.6363,99.3618
2019-09-17,4209102,201938,18.3274,20.1768,23.383,0.0152,1.111,2.3526,8.8877,0.9603,0.9622,0.9639,83.7344,87.483,90.7385
2019-09-18,4209102,201938,17.2394,19.1138,24.2318,0.4286,3.2879,14.9477,26.3033,0.9577,0.9591,0.9606,75.664,91.3261,97.1947
2019-09-19,4209102,201938,15.7212,18.3835,22.5158,6.0145,21.2583,31.262,170.0667,0.9575,0.9604,0.962,75.0842,89.902,96.235
2019-09-20,4209102,201938,15.1781,18.8273,21.8677,0.0086,13.2645,31.7707,106.1159,0.957,0.9611,0.9663,88.8428,93.7547,97.19
2019-09-21,4209102,201938,13.6815,14.3763,15.0838,1.5556,7.5461,26.3219,60.3691,0.9689,0.9702,0.9715,81.5999,89.4852,93.9086
2019-09-22,4209102,201939,13.8907,15.7244,18.9842,0.0319,1.5394,7.03,12.3153,0.9713,0.9735,0.976,65.8904,82.9628,91.3091
2019-09-23,4209102,201939,11.41,13.9669,16.2606,0.0175,0.495,1.5012,3.96,0.9764,0.9777,0.9791,61.6079,76.632,90.8417
2019-09-24,4209102,201939,12.8565,14.9015,18.024,0.0033,0.3772,0.8768,3.0175,0.9714,0.974,0.9768,74.6093,81.7972,90.122
2019-09-25,4209102,201939,14.9728,16.9949,19.5925,0.8507,2.2412,3.5003,17.9294,0.969,0.9706,0.9716,72.0026,87.8069,98.0743
2019-09-26,4209102,201939,12.9453,17.2344,21.9061,0.0363,0.5862,3.5176,4.6896,0.9673,0.9692,0.9707,67.4641,86.6428,99.7616
2019-09-27,4209102,201939,16.1259,17.959,21.303,0.0223,0.1165,0.4181,0.9318,0.9676,0.9691,0.9704,61.7846,84.5544,99.5542
2019-09-28,4209102,201939,13.9002,15.66,17.5904,0.5185,1.8756,2.7485,15.0045,0.9691,0.9712,0.9727,70.3645,82.9401,92.1597
2019-09-29,4209102,201940,14.0524,17.159,22.3424,0.0148,0.4216,2.7523,3.3728,0.965,0.9674,0.9698,63.1791,82.4573,94.2987
2019-09-30,4209102,201940,16.243,18.3873,22.0092,0.0471,0.2807,0.4633,2.2454,0.9652,0.9665,0.9674,70.4899,86.8124,96.9976
2019-10-01,4209102,201940,16.0848,19.7468,25.3823,0.0598,0.1448,0.4813,1.1581,0.9623,0.965,0.9668,61.4853,82.7374,95.9505
2019-10-02,4209102,201940,17.4016,21.2106,27.184,0.0098,0.1464,0.2172,1.1716,0.961,0.9627,0.964,66.7289,87.436,98.5067
2019-10-03,4209102,201940,18.4996,20.3489,22.8625,0.1043,0.3191,0.7394,2.553,0.9641,0.9673,0.9691,74.265,88.9412,98.1775
2019-10-04,4209102,201940,17.1458,20.0102,25.2986,0.6052,1.2045,1.3883,9.6357,0.9646,0.9676,0.9699,61.0962,84.6195,98.9254
2019-10-05,4209102,201940,18.0949,21.5905,27.0246,0.0135,0.3973,1.425,3.1788,0.9602,0.9635,0.9662,65.0755,85.2516,99.0585
2019-10-06,4209102,201941,16.0999,16.7583,18.6096,1.4777,5.9387,13.0305,47.5093,0.966,0.9675,0.969,86.5736,90.8398,94.5268
2019-10-07,4209102,201941,15.7035,16.6249,17.6316,2.4985,6.6242,16.1541,52.9937,0.9675,0.9685,0.9697,88.9624,93.5437,97.5055
2019-10-08,4209102,201941,14.3383,18.7905,24.1544,0.0002,0.9759,7.8042,7.8072,0.9663,0.9677,0.969,63.0895,84.3186,97.9448
2019-10-09,4209102,201941,16.5785,19.721,23.8818,0.0,0.0684,0.1633,0.5475,0.9676,0.9688,0.9704,61.2237,85.4302,98.7933
2019-10-10,4209102,201941,16.3074,19.8383,24.7446,0.0061,0.0515,0.1727,0.4124,0.9665,0.9683,0.97,59.9078,83.1526,98.7233
2019-10-11,4209102,201941,17.1498,21.0395,26.9045,0.0032,0.1376,0.2098,1.1012,0.9644,0.9667,0.9682,63.1404,84.4778,98.2775
2019-10-12,4209102,201941,18.406,22.6356,28.75,0.0,0.079,0.2098,0.6318,0.9617,0.9647,0.9664,67.1199,86.8852,99.4384
2019-10-13,4209102,201942,20.9449,25.2465,30.9315,0.0105,0.1531,0.4999,1.225,0.9606,0.9626,0.964,58.4208,83.6758,99.07
2019-10-14,4209102,201942,20.306,22.548,24.6286,0.007,0.9649,3.9914,7.7193,0.9629,0.9653,0.9675,76.2452,89.7535,98.3973
2019-10-15,4209102,201942,15.0386,16.2786,18.1232,4.8952,11.358,17.7672,90.8639,0.9698,0.972,0.9737,86.9137,92.2701,95.1848
2019-10-16,4209102,201942,16.0228,17.7755,20.8618,0.4424,4.7477,18.7951,37.9814,0.9691,0.9712,0.9736,84.2354,92.8542,96.7022
2019-10-17,4209102,201942,18.7206,20.8424,24.4519,1.974,5.1727,8.2027,41.3819,0.9656,0.9685,0.9702,72.7403,89.2366,98.8913
2019-10-18,4209102,201942,19.4087,23.1175,28.8507,0.3025,1.5107,6.2696,12.0855,0.9627,0.9649,0.9667,64.5,86.5534,98.9516
2019-10-19,4209102,201942,18.7787,20.1978,22.4852,0.948,4.1922,5.3578,33.5375,0.9659,0.9673,0.969,74.8584,88.1144,97.7117
2019-10-20,4209102,201943,15.6822,17.2606,19.0477,0.4444,1.6229,5.468,12.9832,0.9655,0.9677,0.9692,67.1373,79.2109,86.9604
2019-10-21,4209102,201943,14.3116,16.3321,19.4359,0.7448,6.542,13.95,52.3356,0.9588,0.9633,0.966,76.8385,82.3428,88.2858
2019-10-22,4209102,201943,15.5261,18.993,24.1482,0.0257,2.0003,13.9502,16.0026,0.9598,0.962,0.9636,53.4562,81.2757,97.0079
2019-10-23,4209102,201943,15.976,17.8766,19.8205,1.7707,4.0736,5.5618,32.5887,0.9658,0.9668,0.9686,78.2405,88.1044,95.7099
2019-10-24,4209102,201943,16.4252,20.6573,26.2458,0.0238,0.8044,5.5706,6.4348,0.963,0.9654,0.9668,56.104,80.9362,97.3194
2019-10-25,4209102,201943,18.9603,21.1474,24.6232,0.0356,0.6503,2.1391,5.2023,0.9649,0.9659,0.9679,69.2038,87.7712,98.8766
2019-10-26,4209102,201943,18.6717,20.6272,23.3058,5.0188,10.5473,13.8459,84.3786,0.9651,0.967,0.9685,77.5895,90.0753,98.1539
2019-10-27,4209102,201944,19.7831,22.8224,29.0831,0.0849,2.0924,13.8994,16.739,0.9623,0.9648,0.9664,60.567,85.0624,97.3244
2019-10-28,4209102,201944,20.0189,23.8892,29.7961,0.0574,0.852,1.9433,6.8161,0.9588,0.962,0.9647,59.99,83.5589,99.1128
2019-10-29,4209102,201944,20.7077,25.5755,31.553,0.0002,0.262,1.5014,2.096,0.9579,0.9598,0.9611,53.9038,76.7488,90.2139
2019-10-30,4209102,201944,20.1451,25.1364,30.6717,0.0012,0.1094,0.5364,0.8753,0.9605,0.9621,0.9637,63.4153,83.5451,99.6043
2019-10-31,4209102,201944,18.8339,23.899,30.7642,0.0007,0.092,0.5926,0.7358,0.9628,0.9649,0.9662,54.9019,78.1869,96.0273
2019-11-01,4209102,201944,19.8545,20.9549,22.3265,1.1932,4.4718,10.0054,35.7743,0.9676,0.9686,0.9699,83.9879,91.1747,96.0422
2019-11-02,4209102,201944,19.4124,22.1774,26.3633,0.7893,2.8652,12.6476,22.9216,0.9622,0.9663,0.9691,69.875,87.1723,98.7285
2019-11-03,4209102,201945,21.4836,23.9258,29.4205,0.1005,3.1969,18.8678,25.575,0.9591,0.9611,0.9636,64.1617,86.455,96.8617
2019-11-04,4209102,201945,19.8362,22.193,25.9446,0.066,2.8542,20.7315,22.8332,0.9581,0.9607,0.9628,73.0517,88.4827,95.7346
2019-11-05,4209102,201945,21.2185,24.2119,30.2146,0.0181,3.0745,14.4009,24.5958,0.958,0.9595,0.9622,66.5251,87.7969,97.6797
2019-11-06,4209102,201945,18.0309,19.7067,21.1903,1.1659,3.9917,15.5135,31.9333,0.9651,0.9672,0.969,74.4761,83.8377,93.5534
2019-11-07,4209102,201945,18.3839,20.2297,22.9628,0.1573,1.3817,4.2817,11.054,0.9632,0.9653,0.9677,72.9399,85.9671,94.713
2019-11-08,4209102,201945,18.4214,20.5877,23.076,0.0224,0.8445,4.0201,6.7556,0.9621,0.9634,0.9648,75.4217,89.1758,98.4557
2019-11-09,4209102,201945,19.5487,21.3833,24.0472,0.2939,1.6086,3.6538,12.8688,0.963,0.9647,0.9666,81.3866,91.0163,97.2053
2019-11-10,4209102,201946,20.6557,21.8989,24.5187,0.5786,5.4251,15.4068,43.4004,0.9635,0.9645,0.9655,84.9912,92.8764,98.4442
2019-11-11,4209102,201946,18.3005,19.6516,20.8898,0.0547,7.9232,17.6967,63.3858,0.9651,0.9673,0.969,91.9716,95.3719,98.5952
2019-11-12,4209102,201946,17.9068,19.5815,22.0564,2.828,8.3799,19.4056,67.0388,0.9672,0.9689,0.9704,77.7433,88.683,97.2513
2019-11-13,4209102,201946,18.2672,20.0329,22.7138,0.6761,2.8332,9.6579,22.6656,0.9628,0.9664,0.9687,75.1294,87.3292,93.8383
2019-11-14,4209102,201946,19.2257,21.0527,24.4027,0.4277,9.2841,21.9109,74.2729,0.9553,0.959,0.964,82.011,94.3487,98.3182
2019-11-15,4209102,201946,17.7692,21.9531,26.9425,0.5471,3.5269,22.4975,28.2154,0.9571,0.9584,0.9597,47.4156,77.7022,96.6562
2019-11-16,4209102,201946,18.2524,20.4141,23.8139,0.3747,0.7498,1.111,5.9982,0.9607,0.9615,0.9625,60.5317,77.7992,89.6819
2019-11-17,4209102,201947,16.5736,20.206,24.0885,0.1358,0.2598,0.9833,2.0784,0.963,0.9637,0.9651,58.0467,75.5711,91.3843
2019-11-18,4209102,201947,15.9138,19.7925,24.4628,0.003,0.0364,0.1632,0.2915,0.9654,0.9666,0.9684,55.6856,78.4241,97.1103
2019-11-19,4209102,201947,16.2429,20.0684,24.3727,0.0018,0.2053,0.7486,1.6422,0.9659,0.9677,0.9689,65.0627,82.18,96.4619
2019-11-20,4209102,201947,19.1987,21.4276,24.7887,0.2078,1.2369,3.0013,9.8953,0.9664,0.9674,0.9685,67.4133,85.9368,97.2083
2019-11-21,4209102,201947,19.5428,22.2067,25.7524,0.3494,1.225,3.3838,9.8002,0.9637,0.9663,0.9678,67.816,84.3843,97.2243
2019-11-22,4209102,201947,19.7936,23.4795,28.9709,0.1247,0.4691,2.1057,3.7525,0.9575,0.9623,0.965,62.4309,83.8532,98.8051
2019-11-23,4209102,201947,19.3191,22.3897,24.5069,0.0937,1.8928,8.7307,15.1425,0.9589,0.9613,0.9639,75.1015,89.4551,98.8282
2019-11-24,4209102,201948,15.669,17.7989,19.6269,0.1546,1.933,11.2514,15.4644,0.9668,0.9679,0.9691,64.5086,74.631,84.9549
2019-11-25,4209102,201948,16.2061,18.9368,23.0062,0.0265,0.1802,1.0859,1.4412,0.9642,0.9663,0.9676,56.3539,71.6948,83.6458
2019-11-26,4209102,201948,16.3447,18.6582,21.178,0.0034,0.0547,0.1104,0.4373,0.9623,0.9649,0.9663,70.108,78.8109,86.5347
2019-11-27,4209102,201948,17.6996,20.5579,24.7945,1.7303,12.0165,21.8181,96.1317,0.9573,0.9599,0.9633,80.1615,89.8686,96.0593
2019-11-28,4209102,201948,18.2657,19.3921,21.2911,4.5121,10.297,25.866,82.3761,0.961,0.9639,0.966,68.466,81.4616,94.9842
2019-11-29,4209102,201948,15.6167,19.6148,24.1807,0.0242,1.1327,8.8177,9.0614,0.9622,0.9654,0.9677,58.2108,74.4312,90.4599
2019-11-30,4209102,201948,15.7106,21.1342,27.4621,0.0,0.0254,0.0805,0.2034,0.9591,0.9625,0.9642,62.4463,81.0161,97.8779
2019-12-01,4209102,201949,19.3392,22.4822,28.6202,0.0,3.5001,14.5379,28.0005,0.9601,0.9617,0.963,65.372,86.581,98.2494
2019-12-02,4209102,201949,17.2302,19.3386,21.2697,0.1361,2.2038,15.0932,17.6304,0.9643,0.9663,0.9679,64.9575,75.0587,83.6704
2019-12-03,4209102,201949,16.8972,19.2017,22.5603,0.5846,0.8214,0.9505,6.5716,0.9628,0.965,0.9664,63.1154,75.3093,84.0533
2019-12-04,4209102,201949,16.5562,19.4367,22.446,0.0025,5.4683,12.7847,43.7461,0.9609,0.9638,0.9651,77.6702,84.4945,92.693
2019-12-05,4209102,201949,19.2935,21.5769,26.0656,0.0262,7.0449,23.9426,56.359,0.9559,0.959,0.9619,79.5298,90.3715,96.4859
2019-12-06,4209102,201949,18.1409,19.9222,22.3735,0.7571,5.819,29.5797,46.5523,0.9599,0.9611,0.9623,75.548,86.4687,94.9701
2019-12-07,4209102,201949,18.0098,21.5061,26.1202,0.2236,0.7185,3.6983,5.7483,0.9623,0.9636,0.965,52.5984,80.0821,97.3393
2019-12-08,4209102,201950,17.5993,20.7251,24.7562,0.0961,0.1873,0.3964,1.4982,0.963,0.965,0.9662,57.6873,81.9947,98.9754
2019-12-09,4209102,201950,17.9199,20.0492,23.324,0.1139,2.517,3.8892,20.1361,0.9619,0.9643,0.9661,66.1653,82.6779,96.981
2019-12-10,4209102,201950,17.1396,21.2426,25.6586,0.2532,0.8517,4.4094,6.8133,0.9611,0.9629,0.9642,61.1792,80.93,97.9684
2019-12-11,4209102,201950,19.5373,22.4153,25.8659,0.0503,0.7689,2.2506,6.1511,0.9585,0.9616,0.9634,73.1454,87.1606,99.4457
2019-12-12,4209102,201950,20.669,25.0358,30.5392,0.1118,0.5045,2.262,4.0363,0.9564,0.9586,0.96,50.7864,77.782,98.709
2019-12-13,4209102,201950,20.4771,22.3918,25.1628,0.0,0.7421,1.7326,5.937,0.9595,0.9631,0.9666,74.6664,83.3894,92.3695
2019-12-14,4209102,201950,18.9888,20.8414,23.3626,0.2559,0.6661,2.0146,5.3291,0.9678,0.9692,0.9708,72.6243,82.408,90.0914
2019-12-15,4209102,201951,20.7458,23.2117,26.7243,0.0292,1.3665,6.3088,10.9317,0.9624,0.9657,0.9687,71.3432,86.8612,96.5942
2019-12-16,4209102,201951,22.0504,23.8134,26.7274,0.0666,5.7561,15.8402,46.0485,0.9593,0.9605,0.9626,81.066,90.3405,93.6091
2019-12-17,4209102,201951,19.9513,21.0427,22.6632,5.2006,11.8937,23.7152,95.1497,0.9609,0.9617,0.9623,87.946,94.4199,98.2033
2019-12-18,4209102,201951,17.1627,18.659,20.7879,2.8524,8.4725,29.6745,67.7798,0.9642,0.9662,0.9675,74.8861,88.3238,95.1864
2019-12-19,4209102,201951,17.7383,19.7223,22.0655,0.1588,2.2827,8.9424,18.2613,0.9655,0.9674,0.9685,80.2471,89.7132,96.2156
2019-12-20,4209102,201951,19.1388,22.3165,26.7745,0.0405,0.9936,2.8722,7.9491,0.9614,0.9643,0.9667,68.266,86.4542,97.9845
2019-12-21,4209102,201951,20.9339,24.8784,29.675,0.0003,0.9258,2.5463,7.4067,0.9557,0.9594,0.9619,59.7651,80.9476,97.3688
2019-12-22,4209102,201952,21.0465,24.3795,27.226,0.2034,3.4702,6.3106,27.7619,0.9581,0.9598,0.9616,61.0327,78.6412,95.759
2019-12-23,4209102,201952,18.9574,21.4105,24.4555,5.3501,8.0773,9.3272,64.618,0.963,0.9637,0.9649,66.5077,84.9632,96.6017
2019-12-24,4209102,201952,18.9161,22.3371,26.5635,0.148,1.5451,9.3171,12.3609,0.9626,0.9646,0.9658,59.7959,80.8099,96.8707
2019-12-25,4209102,201952,20.1824,23.7882,28.3535,0.047,0.2962,0.8631,2.37,0.9626,0.9639,0.9655,57.8668,81.0906,97.4896
2019-12-26,4209102,201952,21.2149,24.2543,28.4452,0.0044,0.1978,0.4953,1.5826,0.9647,0.9655,0.9669,63.4085,83.4105,98.0322
2019-12-27,4209102,201952,20.5743,23.6066,27.6513,0.0368,0.1431,0.3523,1.1446,0.9659,0.9674,0.9688,59.1455,81.5498,98.9319
2019-12-28,4209102,201952,20.3551,23.5374,28.3852,0.1178,0.2182,0.2886,1.7454,0.9646,0.9667,0.9681,58.7247,82.2427,97.6829
2019-12-29,4209102,202001,20.8813,24.3106,29.0132,0.1299,0.2559,0.3796,2.0471,0.9626,0.965,0.9663,59.5517,82.1458,99.0513
2019-12-30,4209102,202001,20.3298,24.1729,28.9723,0.0261,0.0979,0.2855,0.783,0.9595,0.9628,0.9645,55.6863,79.9219,98.6766
2019-12-31,4209102,202001,21.0368,24.8681,30.7442,0.046,0.1189,0.155,0.951,0.9569,0.9606,0.9621,53.5154,79.7123,97.9729
2020-01-01,4209102,202001,23.1748,25.7947,30.7587,0.113,4.2922,21.9416,34.3373,0.9534,0.9561,0.9593,64.0797,84.1004,94.4001
2020-01-02,4209102,202001,22.2063,22.9776,23.7754,1.1551,14.5772,35.1091,116.6173,0.9547,0.9566,0.9585,89.1635,94.4049,97.984
2020-01-03,4209102,202001,19.1827,21.5971,24.3426,0.3167,3.9682,24.3571,31.7456,0.9605,0.9618,0.9632,65.4947,81.5221,92.3977
2020-01-04,4209102,202001,19.2132,20.3654,21.9889,1.5877,7.3031,15.4121,58.425,0.9592,0.9612,0.9628,87.97,93.4663,97.6069
2020-01-05,4209102,202002,18.9195,22.006,25.5765,0.2491,2.8654,15.7597,22.9236,0.9557,0.9579,0.9602,69.2862,85.152,97.5108
2020-01-06,4209102,202002,20.0109,24.0071,28.2917,0.0583,0.6272,2.6522,5.0174,0.9549,0.9567,0.9581,64.462,82.3237,97.4668
2020-01-07,4209102,202002,22.1615,25.7371,31.3248,0.0,0.7209,3.8588,5.7672,0.9564,0.9571,0.9576,52.1924,80.3339,96.7675
2020-01-08,4209102,202002,22.1148,23.2891,24.8241,1.8789,10.2981,15.5367,82.3847,0.9581,0.9592,0.9606,81.654,91.5387,98.0885
2020-01-09,4209102,202002,22.1598,25.0254,29.4353,0.0734,2.4157,15.8014,19.3254,0.959,0.9601,0.9611,69.0532,85.9718,96.7743
2020-01-10,4209102,202002,22.222,25.6509,29.4456,0.0004,0.6035,1.6461,4.828,0.9566,0.9593,0.9611,68.5084,86.4282,98.107
2020-01-11,4209102,202002,23.28,25.7117,30.2072,4.2491,12.6495,33.1965,101.1959,0.9565,0.958,0.9597,70.7345,88.4783,98.4383
2020-01-12,4209102,202003,21.7198,24.0483,26.9502,0.7054,5.1391,35.4435,41.1127,0.9607,0.9619,0.9633,68.6284,84.5013,96.3299
2020-01-13,4209102,202003,19.4258,22.9157,26.3322,0.4654,0.7479,1.6191,5.9831,0.9636,0.9648,0.9657,55.9435,79.6461,98.0233
2020-01-14,4209102,202003,18.2847,22.4914,27.0315,0.0264,0.1148,0.6739,0.918,0.962,0.9646,0.9661,55.9825,78.0955,98.0772
2020-01-15,4209102,202003,19.6586,23.7655,28.4622,0.0007,0.0125,0.0454,0.1002,0.9573,0.9614,0.963,61.3731,80.0861,95.701
2020-01-16,4209102,202003,22.4917,25.0116,31.0979,0.0,7.7104,34.877,61.6829,0.9586,0.9608,0.9642,66.5819,87.0516,94.4527
2020-01-17,4209102,202003,18.3065,19.2281,20.2232,2.251,7.5473,41.4168,60.3787,0.9673,0.9687,0.9704,70.6148,81.8605,92.4395
2020-01-18,4209102,202003,18.1686,20.0813,21.9904,0.0743,0.6681,3.1008,5.3452,0.9671,0.9689,0.9699,72.4734,80.1102,88.1499
2020-01-19,4209102,202004,17.8724,21.0187,23.8282,0.143,0.4659,0.9716,3.7272,0.9641,0.9663,0.9677,72.2913,84.6019,97.5437
2020-01-20,4209102,202004,20.1951,22.4886,25.3125,0.0709,0.6718,1.378,5.374,0.9601,0.9633,0.9647,71.2267,85.2404,96.3055
2020-01-21,4209102,202004,20.1598,22.4551,24.8363,0.2317,0.6268,1.4321,5.0145,0.9593,0.9606,0.9617,64.3,81.4981,95.7653
2020-01-22,4209102,202004,18.6124,20.1786,21.1611,0.0251,1.4535,5.5164,11.628,0.959,0.9603,0.9615,80.7169,85.9788,93.1313
2020-01-23,4209102,202004,18.5305,19.7932,20.9277,3.0674,7.5093,13.405,60.0744,0.958,0.9596,0.961,86.0596,93.4139,96.7811
2020-01-24,4209102,202004,18.5231,20.1465,22.3062,1.8366,7.39,15.4889,59.1197,0.9573,0.9583,0.9591,83.2281,91.196,97.1229
2020-01-25,4209102,202004,16.5761,21.8051,27.7684,0.2475,1.5724,10.7947,12.5793,0.9573,0.9587,0.9601,50.8267,78.4655,97.1227
2020-01-26,4209102,202005,17.2026,23.2667,29.1327,0.0,0.1043,0.3214,0.8342,0.9581,0.9594,0.9609,57.7116,80.3476,97.7536
2020-01-27,4209102,202005,21.3887,25.1256,29.7647,0.0174,0.6121,2.3732,4.8964,0.9578,0.9594,0.9605,61.3045,83.4271,98.822
2020-01-28,4209102,202005,20.7573,23.6788,26.122,2.4129,6.8992,10.4874,55.194,0.9598,0.9611,0.9624,73.548,87.6979,98.2017
2020-01-29,4209102,202005,20.7408,23.8846,29.0082,0.4323,3.8689,11.1376,30.9513,0.9606,0.9613,0.9621,63.6705,86.4491,97.9931
2020-01-30,4209102,202005,21.8478,25.2166,30.1155,0.0003,2.712,11.0054,21.696,0.9576,0.9597,0.9617,67.954,86.2096,98.0456
2020-01-31,4209102,202005,22.777,25.8868,29.5423,0.6688,2.2915,10.7804,18.3317,0.9586,0.9595,0.9603,63.4233,80.4893,93.3256
2020-02-01,4209102,202005,21.8702,23.9049,26.048,1.8043,4.0364,8.0948,32.2908,0.9612,0.9622,0.9632,75.7807,87.9836,98.3577
2020-02-02,4209102,202006,20.8847,22.6888,25.0457,0.1099,2.4229,8.4453,19.3835,0.9631,0.964,0.965,76.1056,87.4456,95.7576
2020-02-03,4209102,202006,20.2679,22.4908,24.8804,1.5308,4.4203,7.0613,35.3622,0.9633,0.9646,0.9658,77.989,89.1794,98.2081
2020-02-04,4209102,202006,20.0427,21.5512,23.9739,0.423,7.1739,20.9101,57.3913,0.9635,0.965,0.9662,82.3025,90.9784,95.3958
2020-02-05,4209102,202006,20.6143,21.8647,23.1259,3.3796,11.2729,23.7651,90.1835,0.9622,0.9641,0.9652,87.6248,92.6516,97.449
2020-02-06,4209102,202006,21.3695,22.6711,25.5105,0.5155,4.3377,17.3473,34.7017,0.9623,0.9634,0.9645,84.2201,92.0488,96.6042
2020-02-07,4209102,202006,21.137,22.6203,24.7544,2.5342,7.3123,12.0526,58.4983,0.9614,0.9632,0.9643,82.6961,91.5557,98.6436
2020-02-08,4209102,202006,21.0714,23.5993,26.9309,2.4078,5.9351,13.4315,47.4809,0.9585,0.9613,0.9633,81.1485,91.0754,98.7708
2020-02-09,4209102,202007,21.5936,24.4741,30.5436,0.1165,9.4101,42.9686,75.2808,0.9583,0.9593,0.9605,62.8957,87.9478,97.6115
2020-02-10,4209102,202007,19.5192,19.9581,21.0279,2.0321,11.9694,57.7995,95.7549,0.9635,0.9649,0.9664,83.9099,89.5748,92.067
2020-02-11,4209102,202007,17.8151,19.4658,21.8245,0.2725,2.1471,10.9941,17.1772,0.9659,0.9668,0.9677,70.7976,83.4966,90.2587
2020-02-12,4209102,202007,16.5546,19.5956,22.7201,0.5551,1.9782,4.0561,15.8258,0.9649,0.9665,0.9677,76.7396,89.1375,98.1209
2020-02-13,4209102,202007,17.1066,20.4051,23.6998,0.0331,1.0999,4.4396,8.7989,0.9649,0.9657,0.9667,67.6561,83.9846,95.6666
2020-02-14,4209102,202007,19.0913,21.8573,26.0104,0.1547,0.6829,2.5869,5.4631,0.9623,0.9644,0.9657,64.7685,83.7646,95.9256
2020-02-15,4209102,202007,19.4526,23.1856,28.4739,0.0017,0.1334,0.9292,1.067,0.9602,0.962,0.963,61.5054,85.0095,98.262
2020-02-16,4209102,202008,21.4573,24.0365,27.4383,0.0022,1.0762,3.0345,8.6096,0.9601,0.9613,0.9626,62.8689,85.3851,98.4038
2020-02-17,4209102,202008,21.9668,24.7037,28.5318,0.0624,0.9803,3.0387,7.842,0.9591,0.9612,0.9623,67.4836,86.1755,98.5892
2020-02-18,4209102,202008,22.2892,26.3305,31.4896,0.0012,0.5258,2.1579,4.206,0.9572,0.9601,0.9617,64.5051,84.4043,98.5764
2020-02-19,4209102,202008,24.1848,25.6305,27.1319,0.0,2.5404,8.7578,20.323,0.9574,0.9583,0.9594,80.0483,89.2426,94.5465
2020-02-20,4209102,202008,23.0307,24.9428,28.2455,1.0025,3.4167,9.9,27.3334,0.9576,0.9589,0.9605,79.7896,90.5997,97.0583
2020-02-21,4209102,202008,20.596,22.0998,23.1701,2.6994,4.9877,8.1035,39.9017,0.9608,0.9619,0.9633,81.9118,89.1792,94.7484
2020-02-22,4209102,202008,17.1952,18.7946,20.4906,1.2792,3.1735,10.4522,25.388,0.9642,0.9655,0.9671,69.2417,80.8287,91.6391
2020-02-23,4209102,202009,15.9973,18.8303,21.4984,0.0734,0.749,2.5488,5.9924,0.9658,0.9677,0.9688,71.446,79.8465,90.1582
2020-02-24,4209102,202009,17.2472,20.7885,24.7961,0.0276,0.309,1.3487,2.4721,0.961,0.9643,0.9666,65.6181,82.1579,96.4181
2020-02-25,4209102,202009,19.7188,23.0789,27.4774,0.0097,0.7464,3.7622,5.9715,0.9574,0.9607,0.963,71.0342,85.8994,96.628
2020-02-26,4209102,202009,20.718,21.9924,23.6535,0.9745,10.7356,31.9851,85.8846,0.9541,0.9561,0.9589,87.8789,93.116,97.1709
2020-02-27,4209102,202009,14.4673,19.58,23.569,0.0032,4.0487,32.3672,32.3897,0.9609,0.9628,0.9645,50.7246,70.0838,85.9014
2020-02-28,4209102,202009,14.5324,19.3102,23.6882,0.0008,0.0174,0.1062,0.1394,0.9652,0.9661,0.9674,60.7753,78.3507,93.0428
2020-02-29,4209102,202009,16.4286,19.7835,22.9691,0.007,0.4268,1.6679,3.4145,0.9665,0.9673,0.9683,70.7657,85.2073,97.0194
2020-03-01,4209102,202010,17.1995,19.4954,21.7109,0.047,1.4729,4.6997,11.7831,0.9679,0.9687,0.9698,75.4581,86.0831,95.6194
2020-03-02,4209102,202010,17.4704,19.8614,22.975,0.6855,3.8835,7.2393,31.0681,0.9679,0.969,0.9698,74.3232,85.2522,96.7497
2020-03-03,4209102,202010,18.2017,18.9844,19.8268,1.6151,10.9464,21.0017,87.571,0.9649,0.9665,0.9685,89.5897,94.0454,98.759
2020-03-04,4209102,202010,16.2095,20.1049,24.4496,0.1104,3.2685,21.0863,26.1483,0.9631,0.9643,0.9656,65.8302,84.5126,97.4487
2020-03-05,4209102,202010,17.3365,20.2657,23.3744,0.4235,1.436,4.5093,11.4879,0.9649,0.9658,0.9673,69.7513,84.9874,98.1324
2020-03-06,4209102,202010,17.9425,20.5519,24.7017,0.0325,0.4648,1.9775,3.7185,0.9638,0.9661,0.9674,59.4641,81.0174,93.5556
2020-03-07,4209102,202010,18.2759,20.7786,24.1229,0.4708,0.9006,1.4318,7.2048,0.962,0.9639,0.9653,65.9116,84.0413,97.0036
2020-03-08,4209102,202011,17.6414,21.3363,24.9452,0.0443,0.3217,1.4507,2.5733,0.9627,0.9635,0.965,62.0822,81.8004,97.9873
2020-03-09,4209102,202011,17.8615,21.8829,26.7902,0.0036,0.0613,0.354,0.4907,0.9642,0.9653,0.9668,58.5405,82.6115,97.8071
2020-03-10,4209102,202011,17.5275,22.2701,27.5427,0.0004,0.004,0.024,0.0324,0.9636,0.9655,0.9675,56.8425,83.2503,99.2413
2020-03-11,4209102,202011,19.2868,22.4107,26.3052,0.0019,0.1211,0.272,0.9687,0.9631,0.9647,0.966,63.6521,85.3614,98.9858
2020-03-12,4209102,202011,18.9297,22.9276,28.0241,0.0458,0.0959,0.2964,0.767,0.9632,0.9649,0.9669,56.181,82.1949,98.1919
2020-03-13,4209102,202011,20.1794,23.4919,28.624,0.0154,0.1244,0.1735,0.9954,0.9638,0.9649,0.9663,57.6213,82.7252,98.1984
2020-03-14,4209102,202011,18.8709,22.8688,28.0917,0.0011,0.0367,0.1735,0.2933,0.9632,0.9655,0.9672,56.6097,82.5902,98.7134
2020-03-15,4209102,202012,21.1992,24.821,30.9542,0.0114,0.0299,0.0378,0.2393,0.96,0.963,0.9649,52.2113,81.464,98.3326
2020-03-16,4209102,202012,22.0375,24.5939,28.6827,0.0339,0.99,4.7413,7.9197,0.9603,0.9618,0.963,65.5733,86.9351,98.7444
2020-03-17,4209102,202012,21.0785,22.9526,24.3745,0.4136,1.9383,5.9034,15.5064,0.9624,0.9633,0.9645,81.8774,90.0918,97.2208
2020-03-18,4209102,202012,21.3025,23.5366,26.8816,1.5911,3.6192,8.4707,28.9538,0.9604,0.9628,0.9645,70.5061,88.3881,98.653
2020-03-19,4209102,202012,20.5087,24.8082,29.739,0.0068,1.6296,11.389,13.0365,0.9548,0.9578,0.9606,58.3241,80.8807,95.8788
2020-03-20,4209102,202012,21.2798,23.1966,25.7962,1.3244,2.5792,4.9155,20.6338,0.9561,0.9573,0.9584,68.8419,86.0748,97.5635
2020-03-21,4209102,202012,18.7713,20.9053,23.0983,0.6338,2.1157,6.7905,16.9256,0.9604,0.9617,0.9633,70.067,82.4979,92.5239
2020-03-22,4209102,202013,18.1851,20.8419,23.7998,0.3769,1.3591,2.9474,10.8725,0.9639,0.9659,0.9674,68.0954,85.0814,97.6409
2020-03-23,4209102,202013,18.0312,20.4127,23.2623,0.2197,1.5615,3.2074,12.492,0.9678,0.9688,0.9705,68.4232,85.3614,97.7991
2020-03-24,4209102,202013,17.6912,20.1524,22.9404,0.022,0.7839,2.9704,6.2713,0.9668,0.9684,0.9697,68.3042,82.0654,94.0342
2020-03-25,4209102,202013,17.8784,20.5412,23.6972,0.0368,0.4899,1.3485,3.9192,0.9641,0.9661,0.9678,64.6375,81.3252,94.9595
2020-03-26,4209102,202013,14.5597,20.1416,25.7581,0.0001,0.0989,0.7896,0.7913,0.9634,0.9652,0.9667,52.924,77.2131,97.2621
2020-03-27,4209102,202013,17.2746,20.5012,23.7812,0.0025,0.5606,2.1884,4.485,0.964,0.965,0.9663,68.5047,83.7201,97.086
2020-03-28,4209102,202013,18.3628,21.2439,24.8303,0.3925,1.0503,2.3765,8.4021,0.964,0.9655,0.9672,66.6871,85.3697,97.8843
2020-03-29,4209102,202014,18.6393,21.2219,23.9017,0.0079,1.0413,2.385,8.3302,0.9648,0.9662,0.968,74.7296,88.5034,97.1379
2020-03-30,4209102,202014,19.0655,22.5741,26.8443,0.0054,0.3587,2.3874,2.8693,0.9629,0.9652,0.9667,70.8693,86.5824,98.8918
2020-03-31,4209102,202014,19.4155,23.1072,27.7357,0.0025,0.0584,0.3007,0.4671,0.9618,0.9634,0.9646,63.5581,83.2954,98.1829
2020-04-01,4209102,202014,20.6244,22.6375,25.1006,0.2365,1.2688,2.7709,10.1508,0.9632,0.9642,0.9656,74.5653,88.3166,97.4601
2020-04-02,4209102,202014,21.2657,24.3271,29.3968,0.0178,0.5542,2.8123,4.4336,0.9557,0.9607,0.9643,58.3508,80.116,95.7922
2020-04-03,4209102,202014,18.8804,22.3751,25.1797,0.0015,0.0919,0.7223,0.7349,0.9555,0.9571,0.9584,41.4644,57.5608,74.1319
2020-04-04,4209102,202014,13.6688,19.2123,24.7497,0.0,0.0009,0.0024,0.0076,0.9597,0.9612,0.9629,45.7905,62.9642,83.5522
2020-04-05,4209102,202015,13.9748,19.7022,26.0583,0.0003,0.0037,0.0054,0.0299,0.9622,0.9638,0.9653,53.2029,75.8763,96.0324
2020-04-06,4209102,202015,17.5277,21.2233,27.5907,0.0004,0.779,5.2875,6.232,0.9607,0.9631,0.9648,58.8881,82.9333,95.6885
2020-04-07,4209102,202015,18.91,20.245,21.0995,0.6007,3.035,8.9493,24.2803,0.962,0.9641,0.9657,79.4967,90.2064,98.1999
2020-04-08,4209102,202015,16.1658,17.8977,20.9774,1.1414,1.8139,4.8695,14.511,0.9646,0.9664,0.9677,65.7554,79.1634,86.3991
2020-04-09,4209102,202015,13.4105,17.6926,21.626,0.093,0.3434,1.6465,2.7475,0.9636,0.9653,0.9667,55.935,74.5562,93.4248
2020-04-10,4209102,202015,14.547,17.544,20.9934,0.045,0.4317,1.2203,3.4536,0.9633,0.9646,0.9656,63.4182,77.495,92.4215
2020-04-11,4209102,202015,14.2331,17.5302,20.5903,0.0879,0.4254,1.3361,3.4033,0.9647,0.9655,0.9667,61.9344,78.8743,95.5405
2020-04-12,4209102,202016,14.7924,18.0166,22.0468,0.0047,0.2085,0.7643,1.6679,0.9657,0.9671,0.9688,61.938,79.1741,94.8477
2020-04-13,4209102,202016,15.5588,19.2046,23.1664,0.0237,0.1081,0.4135,0.8649,0.9631,0.966,0.9676,59.3369,81.0697,97.7812
2020-04-14,4209102,202016,16.8269,20.5545,26.8463,0.0013,0.6212,1.116,4.9696,0.9549,0.9593,0.9633,50.2831,76.6422,92.536
2020-04-15,4209102,202016,12.5315,18.2237,23.5765,0.0,0.1396,1.116,1.1168,0.9575,0.9607,0.963,33.6762,59.4439,77.0406
2020-04-16,4209102,202016,10.329,16.9014,24.0917,0.0,0.0006,0.0009,0.0052,0.9641,0.9666,0.9684,33.9081,57.094,73.1796
2020-04-17,4209102,202016,11.567,17.755,22.584,0.0,0.0006,0.0013,0.0047,0.9697,0.9707,0.9721,50.8128,65.2285,89.088
2020-04-18,4209102,202016,14.7579,17.6854,20.8023,0.0021,0.7617,1.6167,6.094,0.9708,0.9715,0.9729,68.2668,80.0809,95.1199
2020-04-19,4209102,202017,15.3895,17.8053,20.9373,0.3323,1.3186,2.1912,10.5485,0.9694,0.9711,0.9723,69.7468,85.5183,97.3739
2020-04-20,4209102,202017,14.5227,18.6912,22.9903,0.0068,0.3012,2.1943,2.41,0.9668,0.9689,0.9703,60.0328,81.7604,98.2296
2020-04-21,4209102,202017,15.4692,19.3703,25.2677,0.0005,0.0124,0.088,0.0988,0.9645,0.9666,0.9681,50.5883,81.0763,97.8913
2020-04-22,4209102,202017,15.2379,19.2554,24.9563,0.0001,0.0016,0.0044,0.013,0.964,0.9657,0.967,47.1825,79.7121,98.9281
2020-04-23,4209102,202017,14.7635,18.9425,24.437,0.0,0.0006,0.0019,0.0048,0.9646,0.9659,0.9676,49.4189,78.4674,98.3928
2020-04-24,4209102,202017,14.7556,18.6152,23.1431,0.0,0.0662,0.2199,0.53,0.9663,0.9673,0.9694,64.5716,84.6979,98.5562
2020-04-25,4209102,202017,17.7427,21.3726,27.6683,0.0258,0.0787,0.2216,0.6293,0.966,0.9676,0.9693,48.7715,81.3952,97.8214
2020-04-26,4209102,202018,16.7155,21.1629,27.5215,0.0002,0.0149,0.0656,0.1192,0.9675,0.9688,0.9704,47.2589,79.5053,99.3629
2020-04-27,4209102,202018,18.9155,20.101,22.0132,0.0131,1.812,4.4882,14.4959,0.9711,0.972,0.9737,76.6699,88.7248,96.8935
2020-04-28,4209102,202018,17.8553,20.1341,23.9618,0.3727,1.7761,5.0364,14.2084,0.9675,0.9702,0.972,64.792,86.7033,98.0548
2020-04-29,4209102,202018,17.5822,21.7943,27.7479,0.0204,0.287,2.1206,2.2958,0.964,0.967,0.9689,49.6642,79.5916,96.7274
2020-04-30,4209102,202018,17.8227,22.5971,28.5765,0.0,0.0093,0.0275,0.0745,0.9629,0.9642,0.966,48.9798,70.4717,82.1145
2020-05-01,4209102,202018,18.4918,20.3828,22.4011,0.0257,0.8582,1.4954,6.8655,0.9654,0.9667,0.9687,74.8485,86.6007,93.0455
2020-05-02,4209102,202018,16.7192,19.7011,23.6328,0.0005,0.3883,1.4974,3.1065,0.9643,0.9654,0.9666,39.8511,76.8274,95.9375
2020-05-03,4209102,202019,12.6693,16.7648,20.0939,0.0278,0.0849,0.3107,0.679,0.9673,0.968,0.9694,57.8762,77.4975,93.4637
2020-05-04,4209102,202019,13.5485,17.558,23.4463,0.0021,0.0169,0.0955,0.1349,0.9622,0.9657,0.9681,47.8925,78.431,96.8315
2020-05-05,4209102,202019,12.9197,18.6354,26.4458,0.0,0.0014,0.0097,0.0112,0.9586,0.9612,0.9632,43.5603,73.5418,92.1409
2020-05-06,4209102,202019,16.9296,18.2289,19.8363,0.0015,2.9124,6.2327,23.2994,0.9605,0.9619,0.9642,80.7909,87.2407,91.677
2020-05-07,4209102,202019,9.4212,14.6241,19.2246,0.2265,1.0845,6.4765,8.676,0.9662,0.9688,0.9706,51.8496,72.7723,91.2862
2020-05-08,4209102,202019,10.9549,15.2674,19.4999,0.001,0.069,0.329,0.5517,0.9705,0.9718,0.9734,58.9196,77.4832,92.1482
2020-05-09,4209102,202019,12.2762,16.1753,21.9098,0.0,0.0071,0.0565,0.0565,0.9685,0.9708,0.9721,55.2394,80.7669,97.4546
2020-05-10,4209102,202020,12.744,17.5041,24.6345,0.0,0.0007,0.0016,0.0059,0.9651,0.968,0.9701,50.8784,81.231,97.1575
2020-05-11,4209102,202020,13.6354,19.1,26.671,0.0,0.0005,0.0016,0.0039,0.9642,0.9659,0.9678,46.9773,78.2264,97.8779
2020-05-12,4209102,202020,14.9088,20.1186,27.0743,0.0,0.0057,0.0414,0.0453,0.9616,0.9638,0.9652,44.5103,70.7158,82.6292
2020-05-13,4209102,202020,17.4955,20.2845,23.8268,0.0011,0.9715,5.8192,7.772,0.9589,0.9613,0.9634,65.2872,83.7621,94.5607
2020-05-14,4209102,202020,15.9581,17.4741,18.7956,2.3311,7.5019,11.5254,60.0149,0.9616,0.9646,0.9676,76.8209,89.8003,96.3405
2020-05-15,4209102,202020,13.6108,15.7833,18.836,0.0305,1.3843,10.6068,11.0745,0.9667,0.9686,0.9701,66.0247,76.7071,84.4059
2020-05-16,4209102,202020,13.0741,16.9936,23.072,0.0004,0.0153,0.1198,0.1225,0.9643,0.9662,0.9674,50.8118,80.0025,95.2626
2020-05-17,4209102,202021,11.4766,17.2329,24.4409,0.0,0.0002,0.0009,0.0012,0.9654,0.9663,0.9674,45.8323,74.6861,94.2205
2020-05-18,4209102,202021,11.3926,17.582,23.8263,0.0,0.0001,0.0009,0.0009,0.968,0.969,0.9707,48.8352,77.704,94.9086
2020-05-19,4209102,202021,14.2797,17.5338,21.9782,0.0,0.0471,0.0797,0.377,0.9704,0.9717,0.9736,62.3883,85.324,98.4738
2020-05-20,4209102,202021,15.8707,18.6223,23.0418,0.0121,0.0654,0.1352,0.5229,0.9687,0.9706,0.9722,68.3474,88.0418,97.9964
2020-05-21,4209102,202021,17.1548,20.1439,25.2291,0.0166,0.0558,0.1674,0.446,0.9635,0.9675,0.9699,55.9749,84.3553,99.0376
2020-05-22,4209102,202021,17.4122,20.0795,24.4291,0.0004,0.9349,6.7874,7.4793,0.9593,0.9622,0.9649,63.513,82.9154,94.1351
2020-05-23,4209102,202021,16.9191,18.4169,19.294,10.1894,17.2169,24.9718,137.735,0.9573,0.9594,0.9605,51.2805,77.2839,95.0468
2020-05-24,4209102,202022,14.3315,16.6562,20.1473,0.0,2.1384,17.1042,17.1074,0.9624,0.9635,0.9655,53.744,64.6791,72.6159
2020-05-25,4209102,202022,11.9904,15.7629,20.6195,0.0004,0.0005,0.0015,0.0041,0.9575,0.961,0.9642,43.16,67.3972,84.9014
2020-05-26,4209102,202022,11.2804,15.085,20.0017,0.0,0.0009,0.0017,0.0073,0.9604,0.9617,0.9635,43.4263,60.754,73.6215
2020-05-27,4209102,202022,8.6036,13.3196,18.7764,0.0,0.0005,0.0017,0.0043,0.9629,0.9653,0.9672,52.6138,70.005,81.5302
2020-05-28,4209102,202022,7.5323,13.9049,20.5199,0.0,0.0002,0.0009,0.0017,0.9678,0.9686,0.9699,55.2788,78.4536,93.4837
2020-05-29,4209102,202022,7.9094,14.4306,21.8409,0.0,0.0001,0.0009,0.0009,0.9661,0.968,0.969,54.0443,78.2534,92.986
2020-05-30,4209102,202022,10.1566,15.8761,24.1503,0.0,0.0003,0.0009,0.0026,0.9634,0.9655,0.9668,45.4942,74.5581,92.6777
2020-05-31,4209102,202023,10.6782,16.7594,25.0511,0.0,0.0003,0.0009,0.0022,0.9622,0.9643,0.9659,44.5006,70.9727,85.3776
2020-06-01,4209102,202023,16.0901,17.255,19.4711,0.0,1.8013,7.808,14.4104,0.9631,0.964,0.9652,72.603,83.0925,95.9555
2020-06-02,4209102,202023,13.1705,13.9731,14.6345,4.7081,13.5402,16.9222,108.3217,0.9655,0.9663,0.9673,88.5449,93.3834,96.4783
2020-06-03,4209102,202023,13.9242,14.4992,15.5077,0.0338,3.0344,16.927,24.2752,0.9669,0.9686,0.9704,83.9057,91.2676,94.6722
2020-06-04,4209102,202023,13.8895,14.9699,16.4071,0.361,1.3251,2.4759,10.6005,0.9707,0.9716,0.973,84.9772,91.409,94.4973
2020-06-05,4209102,202023,15.0334,16.3245,18.1612,0.458,3.8865,7.0449,31.0917,0.9669,0.97,0.9716,90.7717,95.6339,97.8589
2020-06-06,4209102,202023,18.0727,19.3726,22.8394,1.6001,9.2568,11.8666,74.0548,0.9612,0.9634,0.9665,56.3804,86.0053,98.8317
2020-06-07,4209102,202024,11.8334,16.3274,22.4506,0.0,1.4843,11.8746,11.8746,0.9646,0.9658,0.9678,51.1094,72.493,83.0759
2020-06-08,4209102,202024,10.7093,15.7731,22.193,0.0,0.0041,0.0325,0.0326,0.964,0.9663,0.9678,65.5118,83.1662,92.9173
2020-06-09,4209102,202024,15.7768,19.5455,24.8288,0.0066,0.917,6.3053,7.3357,0.96,0.9632,0.9653,73.8563,88.9942,96.7412
2020-06-10,4209102,202024,17.8221,18.8321,20.2612,3.3746,11.5287,21.9003,92.2296,0.9609,0.9622,0.9634,95.029,96.4522,98.0431
2020-06-11,4209102,202024,18.738,21.5631,26.4666,0.0017,2.7653,21.9704,22.1225,0.9603,0.9612,0.963,69.5696,85.6964,97.5696
2020-06-12,4209102,202024,17.681,21.6382,26.7281,0.0125,0.035,0.0575,0.2799,0.9608,0.9621,0.9633,65.7978,84.652,95.1182
2020-06-13,4209102,202024,18.0704,21.5651,27.8641,0.0,0.2342,1.8341,1.874,0.9615,0.9632,0.9673,54.8815,76.2962,89.458
2020-06-14,4209102,202025,13.2403,14.9844,17.7862,1.2034,2.6025,3.2887,20.8203,0.9693,0.9732,0.9758,75.9315,86.0067,95.3024
2020-06-15,4209102,202025,12.342,14.3156,17.3894,0.0237,0.4484,3.0022,3.5872,0.9738,0.9756,0.9767,76.935,82.355,86.6323
2020-06-16,4209102,202025,15.3115,16.7578,19.4668,0.015,0.0932,0.2561,0.7457,0.9727,0.9744,0.9755,81.4647,89.4707,93.1983
2020-06-17,4209102,202025,16.7129,18.3702,21.1369,0.1421,0.4906,0.8039,3.9251,0.9682,0.9718,0.9734,74.3832,90.4717,98.4188
2020-06-18,4209102,202025,16.1474,19.3975,25.142,0.0014,0.1043,0.8069,0.8347,0.9632,0.9663,0.9687,56.7748,84.656,99.3401
2020-06-19,4209102,202025,16.899,20.5633,26.0302,0.0,0.0018,0.0064,0.0141,0.9639,0.9648,0.9658,57.7146,76.0001,85.1126
2020-06-20,4209102,202025,15.5573,20.2992,26.9273,0.0,0.0002,0.0017,0.0017,0.9647,0.9659,0.9676,53.2042,74.7341,87.875
2020-06-21,4209102,202026,15.916,20.6319,26.9609,0.0,0.0001,0.0004,0.0004,0.9641,0.9653,0.966,57.5273,72.785,81.8573
2020-06-22,4209102,202026,15.7408,19.6842,24.9804,0.0,0.0001,0.0004,0.0004,0.9663,0.9669,0.9678,58.0029,76.6653,91.4741
2020-06-23,4209102,202026,16.0821,19.4193,24.7953,0.0,0.0171,0.0295,0.1365,0.9618,0.9649,0.967,60.3428,85.3635,99.4126
2020-06-24,4209102,202026,14.2188,18.8349,25.4301,0.0,0.0043,0.0295,0.0347,0.9594,0.9617,0.9633,51.0054,75.5638,90.6443
2020-06-25,4209102,202026,15.207,19.9104,27.1419,0.0,0.0081,0.0573,0.065,0.958,0.9598,0.9615,54.0664,72.4145,83.9497
2020-06-26,4209102,202026,13.3513,16.4195,21.2306,0.037,2.2163,4.2359,17.7301,0.9615,0.9662,0.9689,75.6315,81.8995,89.5507
2020-06-27,4209102,202026,10.22,11.2248,12.6567,4.5693,27.5811,44.828,220.6485,0.9661,0.9675,0.9687,84.2293,90.1735,94.4302
2020-06-28,4209102,202027,11.1782,12.8884,15.6808,0.0843,5.7553,44.9892,46.0425,0.9691,0.9705,0.9719,70.0123,80.9654,88.7654
2020-06-29,4209102,202027,12.5701,14.1921,16.5148,0.3318,0.9777,1.9356,7.8217,0.9674,0.9708,0.9726,82.8966,88.9129,93.753
2020-06-30,4209102,202027,14.6889,18.2665,24.8005,0.0147,0.4324,2.0198,3.4591,0.9523,0.9595,0.967,61.0954,83.9675,96.5009
2020-07-01,4209102,202027,13.1711,16.506,20.5662,0.1102,0.2703,1.3865,2.1623,0.9529,0.956,0.9611,50.5505,61.6314,75.3431
2020-07-02,4209102,202027,7.883,11.6147,15.4845,0.0,0.0897,0.2216,0.7178,0.9633,0.9647,0.9665,55.2238,72.5046,85.077
2020-07-03,4209102,202027,7.379,11.1773,15.6688,0.0004,0.0312,0.2216,0.2498,0.9665,0.9673,0.9687,54.1194,76.7435,92.0438
2020-07-04,4209102,202027,9.259,12.7023,18.9496,0.0019,0.0046,0.0072,0.0366,0.9649,0.9674,0.9689,60.2526,81.4301,92.3255
2020-07-05,4209102,202028,9.3648,15.3948,23.9544,0.0,0.001,0.005,0.0077,0.9612,0.9647,0.9671,61.7837,83.3421,96.9275
2020-07-06,4209102,202028,14.6622,16.8339,19.5078,0.0001,3.86,11.8291,30.8803,0.9631,0.9653,0.9676,83.2681,90.4133,97.2084
2020-07-07,4209102,202028,13.872,16.1731,21.855,0.7639,5.334,14.3162,42.6723,0.9598,0.9653,0.9687,75.414,92.0663,97.2941
2020-07-08,4209102,202028,16.1391,19.1246,24.0007,0.024,0.7938,6.0542,6.3506,0.9568,0.9581,0.9598,59.1406,77.1831,96.1476
2020-07-09,4209102,202028,11.1371,15.0937,18.5559,0.0,0.0073,0.0513,0.0584,0.9614,0.9661,0.9691,45.795,65.305,76.0115
2020-07-10,4209102,202028,6.8164,12.6106,18.7561,0.0,0.0003,0.0026,0.0026,0.9667,0.9691,0.9706,65.9341,82.1071,94.3654
2020-07-11,4209102,202028,11.3231,16.071,23.9505,0.0,0.1063,0.312,0.8503,0.9608,0.9646,0.9666,66.3711,84.1666,95.3185
2020-07-12,4209102,202029,14.6127,18.7119,25.5703,0.0139,0.0582,0.3487,0.4658,0.9578,0.9609,0.9641,57.3978,80.5347,98.1586
2020-07-13,4209102,202029,15.566,17.4872,19.5934,0.0,1.0245,7.3587,8.1964,0.9609,0.9635,0.9654,81.7959,88.239,94.2292
2020-07-14,4209102,202029,12.5635,14.4003,16.8944,4.2345,5.2043,11.4155,41.634,0.9662,0.9687,0.9702,74.8379,88.0515,97.2622
2020-07-15,4209102,202029,12.2877,13.5587,15.3875,0.3748,1.9586,4.3815,15.669,0.9707,0.9716,0.9727,78.4647,87.803,92.3858
2020-07-16,4209102,202029,11.0322,13.3919,16.9792,0.0694,0.4093,2.4185,3.2743,0.9688,0.9718,0.9736,68.7808,83.3625,91.4919
2020-07-17,4209102,202029,13.2344,15.9188,20.146,0.3095,5.9998,9.9018,47.9982,0.9676,0.9686,0.9695,80.2325,90.7752,96.9357
2020-07-18,4209102,202029,15.2797,17.6806,22.5611,0.0575,1.3649,10.2432,10.9194,0.9685,0.9698,0.9717,72.8163,91.656,99.4112
2020-07-19,4209102,202030,16.1028,18.2003,22.2228,0.0203,0.1297,0.1857,1.0375,0.9677,0.9694,0.9709,69.8293,90.6533,99.3007
2020-07-20,4209102,202030,14.5182,18.1578,23.9696,0.0,0.0368,0.1857,0.294,0.9656,0.9676,0.9691,60.379,85.4497,99.4608
2020-07-21,4209102,202030,13.6908,18.7919,25.4192,0.0011,0.0072,0.024,0.0572,0.9637,0.9655,0.9668,51.5312,76.0481,90.9341
2020-07-22,4209102,202030,13.9583,18.9706,25.7104,0.0,0.0007,0.0057,0.0057,0.964,0.9652,0.9667,50.2257,75.0922,86.01
2020-07-23,4209102,202030,12.7193,18.1236,24.2315,0.0,0.0,0.0,0.0,0.9652,0.9664,0.9678,62.3456,82.8544,93.1931
2020-07-24,4209102,202030,14.7005,18.2828,23.9465,0.0,0.0337,0.0554,0.2694,0.9633,0.9657,0.967,63.1698,88.4292,99.5147
2020-07-25,4209102,202030,14.7763,17.9823,23.2138,0.0004,0.0368,0.1489,0.2946,0.963,0.9657,0.9692,53.6227,74.5693,92.9995
2020-07-26,4209102,202031,12.3617,13.8879,15.3194,0.1402,0.626,1.113,5.0083,0.9707,0.9721,0.974,78.8561,88.0675,96.3594
2020-07-27,4209102,202031,12.4491,16.4377,22.2423,0.0012,0.1409,1.1143,1.1274,0.9652,0.968,0.9703,68.3011,86.3278,95.0521
2020-07-28,4209102,202031,14.6517,18.0272,24.9287,0.0,0.4333,3.0651,3.466,0.9631,0.9643,0.9656,59.2719,84.833,98.5323
2020-07-29,4209102,202031,10.3562,11.5002,14.1788,5.7166,11.1705,13.8437,89.3641,0.9681,0.9713,0.974,83.2691,90.0653,95.4725
2020-07-30,4209102,202031,8.6376,10.3727,12.4065,0.2291,2.3984,14.1243,19.1868,0.9755,0.9762,0.9773,73.8455,78.9545,84.117
2020-07-31,4209102,202031,11.1836,13.3534,16.5025,0.2975,0.7629,1.5706,6.1031,0.9744,0.9759,0.9769,77.9633,87.2668,93.1929
2020-08-01,4209102,202031,13.3419,15.9424,20.3174,0.2716,0.6082,2.0121,4.8652,0.9717,0.9742,0.9759,67.4207,87.5414,97.7425
2020-08-02,4209102,202032,12.3121,16.1178,21.1663,0.0001,0.0603,0.4401,0.4827,0.973,0.9739,0.9752,64.266,86.655,99.4647
2020-08-03,4209102,202032,10.8854,15.2708,20.2133,0.0,0.0045,0.0076,0.0357,0.9739,0.975,0.9769,60.4789,84.255,99.4113
2020-08-04,4209102,202032,12.9033,15.896,21.0016,0.0016,0.0456,0.0684,0.3646,0.974,0.9755,0.9773,62.2385,86.4204,98.7941
2020-08-05,4209102,202032,12.3998,16.0521,21.0213,0.005,0.0254,0.0684,0.2033,0.973,0.975,0.9763,63.2284,86.0555,99.0354
2020-08-06,4209102,202032,13.8826,16.5488,21.187,0.0001,0.0268,0.0413,0.2143,0.9726,0.9739,0.9751,65.9061,86.1306,98.8525
2020-08-07,4209102,202032,13.2463,16.1796,21.2924,0.0002,0.0305,0.0541,0.2444,0.9711,0.973,0.9742,61.4215,86.1627,99.3131
2020-08-08,4209102,202032,11.4153,15.5914,21.8216,0.0,0.0076,0.0541,0.0607,0.9709,0.9727,0.9743,64.5419,87.876,99.0996
2020-08-09,4209102,202033,13.668,16.9339,22.567,0.0007,0.0186,0.0319,0.1484,0.9679,0.9712,0.9729,61.5763,86.7977,99.2941
2020-08-10,4209102,202033,13.8725,18.4237,25.288,0.0029,0.022,0.0328,0.1758,0.9616,0.9655,0.9679,54.6569,81.8335,98.4087
2020-08-11,4209102,202033,13.9068,18.3882,26.2401,0.0,0.0051,0.0324,0.0406,0.9623,0.9631,0.9645,45.9778,72.275,86.3345
2020-08-12,4209102,202033,13.1239,14.5509,17.0215,0.0351,1.6145,3.6499,12.9163,0.9629,0.9654,0.9671,81.9977,88.2951,91.1568
2020-08-13,4209102,202033,13.6637,17.6927,23.84,0.243,3.7533,5.0221,30.0264,0.9591,0.9617,0.9636,66.7608,85.3093,94.6429
2020-08-14,4209102,202033,16.3275,18.4833,21.1046,0.0442,1.4713,5.2107,11.7704,0.9597,0.9613,0.9633,81.0587,92.0456,95.8879
2020-08-15,4209102,202033,16.6185,19.4881,23.4694,1.5605,5.1927,7.0604,41.5416,0.9578,0.959,0.9608,66.1251,84.0854,98.5791
2020-08-16,4209102,202034,15.4478,16.0719,17.2108,2.1841,6.978,9.1019,55.8241,0.9596,0.963,0.9654,80.6668,90.8584,95.2376
2020-08-17,4209102,202034,14.7156,16.4072,19.7226,1.7635,6.1468,11.9548,49.1745,0.9617,0.9633,0.965,77.2277,90.7038,96.676
2020-08-18,4209102,202034,15.5295,16.9848,19.7418,1.5406,6.8378,15.9117,54.7025,0.9581,0.9615,0.9643,82.4927,93.7286,97.6892
2020-08-19,4209102,202034,15.5324,17.1098,19.2066,4.0576,10.691,26.4105,85.5281,0.9579,0.9603,0.9635,73.1808,89.1103,98.6441
2020-08-20,4209102,202034,9.9626,12.0596,14.548,0.7138,5.621,16.8186,44.968,0.9655,0.9697,0.9724,82.9155,90.062,94.7926
2020-08-21,4209102,202034,6.6246,8.5209,9.9264,2.4545,6.0069,11.8175,48.0553,0.9735,0.9746,0.9759,57.8103,76.5683,93.5398
2020-08-22,4209102,202034,5.8898,10.1551,14.6115,0.0,0.7903,6.3219,6.3228,0.974,0.975,0.9761,46.3005,64.3527,83.7883
2020-08-23,4209102,202035,7.6511,11.4104,15.4287,0.0002,0.0645,0.3326,0.5157,0.9723,0.974,0.9751,72.1732,82.0118,89.3922
2020-08-24,4209102,202035,9.9491,14.1941,18.6323,0.0399,0.1107,0.373,0.8856,0.9701,0.972,0.973,57.7945,82.7752,99.196
2020-08-25,4209102,202035,10.3593,14.6933,19.3276,0.0001,0.0685,0.1692,0.5482,0.9686,0.9703,0.9717,71.2626,82.0533,95.0075
2020-08-26,4209102,202035,9.6881,15.0569,20.5629,0.0233,0.0597,0.1725,0.478,0.9665,0.9687,0.9702,61.9795,83.7534,98.3481
2020-08-27,4209102,202035,9.6505,15.4366,22.5257,0.0,0.0063,0.0507,0.0507,0.9657,0.9677,0.9693,64.3645,83.9265,97.7275
2020-08-28,4209102,202035,12.7051,17.2417,24.675,0.0007,0.0141,0.023,0.1128,0.9633,0.966,0.9675,60.1291,86.475,99.6963
2020-08-29,4209102,202035,14.2684,19.2799,26.7668,0.0015,0.0717,0.0997,0.5738,0.9602,0.9629,0.965,55.6237,84.0829,98.8618
2020-08-30,4209102,202036,15.8939,19.7086,24.8509,0.0055,0.1257,0.7571,1.006,0.961,0.9631,0.9666,65.237,79.9944,89.2735
2020-08-31,4209102,202036,14.8648,15.563,16.5871,0.9442,3.3297,6.2476,26.6375,0.9692,0.9716,0.9735,85.5069,91.2824,94.4743
2020-09-01,4209102,202036,14.6936,15.6467,17.0528,1.7223,9.0675,15.8175,72.5399,0.9733,0.9743,0.9759,89.1609,94.7366,97.0698
2020-09-02,4209102,202036,15.7619,17.1433,19.144,0.8824,4.9042,17.1346,39.2333,0.9672,0.9715,0.974,82.9101,92.5936,96.8735
2020-09-03,4209102,202036,17.2013,20.7491,27.2134,0.0167,0.7295,5.1336,5.8359,0.9596,0.9638,0.9675,58.7248,84.5402,98.9751
2020-09-04,4209102,202036,15.4946,17.5982,20.3376,0.1328,0.7129,1.0478,5.7029,0.9627,0.9659,0.9681,80.5825,90.0734,96.5985
2020-09-05,4209102,202036,14.3873,16.994,21.7694,0.7207,1.6246,1.9991,12.9967,0.9665,0.9689,0.9702,75.4317,88.471,95.1551
2020-09-06,4209102,202037,17.1181,19.8284,25.15,0.2953,1.0222,2.1737,8.1775,0.9613,0.9647,0.9669,68.0853,88.6477,98.7706
2020-09-07,4209102,202037,17.0722,17.9596,18.9359,0.1935,3.5904,8.0751,28.7233,0.964,0.965,0.9659,90.2215,96.0533,98.9389
2020-09-08,4209102,202037,16.6549,17.9776,20.4185,1.1127,3.6048,8.876,28.8381,0.9641,0.965,0.9661,84.1623,93.0496,98.0596
2020-09-09,4209102,202037,18.0469,19.4126,21.9257,0.8115,2.7293,4.634,21.8348,0.9664,0.9672,0.9682,84.4501,94.3475,99.0118
2020-09-10,4209102,202037,17.5687,20.9623,26.7067,0.0903,0.6796,3.8097,5.4371,0.9625,0.9656,0.9683,67.8137,88.3259,99.5557
2020-09-11,4209102,202037,14.9004,19.8045,26.3256,0.0699,0.1887,0.9705,1.5099,0.9623,0.9648,0.9665,67.0484,83.7043,96.4098
2020-09-12,4209102,202037,17.6437,21.4061,26.3017,0.0,0.0151,0.0799,0.1208,0.9615,0.9633,0.9647,72.0367,84.416,94.9241
2020-09-13,4209102,202038,17.6985,21.6738,28.3589,0.0049,0.0557,0.0755,0.4459,0.9633,0.9657,0.967,62.1284,83.0785,94.2699
2020-09-14,4209102,202038,18.2505,21.3857,27.4875,0.0,0.0701,0.3802,0.5606,0.9636,0.9658,0.9698,59.7917,79.2587,92.7671
2020-09-15,4209102,202038,12.1655,14.2616,16.483,0.2043,0.3427,0.6427,2.7412,0.9709,0.9727,0.9745,69.3864,74.2705,79.6424
2020-09-16,4209102,202038,14.4993,17.7186,23.2272,0.0433,0.1033,0.3849,0.8264,0.9635,0.9671,0.9709,67.4469,81.6857,91.4619
2020-09-17,4209102,202038,17.3282,19.9443,24.8343,0.0082,2.2448,9.0136,17.9581,0.9599,0.9629,0.9658,70.5321,89.231,97.5219
2020-09-18,4209102,202038,15.8682,20.4272,26.0114,0.1572,1.5706,9.7464,12.5645,0.959,0.9612,0.9628,59.6009,85.1697,98.6534
2020-09-19,4209102,202038,16.4955,21.2221,27.2216,0.0,0.1507,0.9596,1.2058,0.9601,0.9612,0.9622,53.3131,81.5623,98.6339
2020-09-20,4209102,202039,13.369,14.7477,17.9717,0.5187,0.92,1.2477,7.3598,0.966,0.9679,0.9695,77.1759,81.2588,90.2118
2020-09-21,4209102,202039,11.7976,12.926,14.0074,0.3632,1.9789,2.93,15.8312,0.9689,0.9699,0.9712,79.3922,84.947,91.1021
2020-09-22,4209102,202039,11.0507,13.76,16.6293,0.0726,0.4803,3.0723,3.8427,0.971,0.9726,0.9743,64.7736,73.3949,81.6317
2020-09-23,4209102,202039,13.1542,15.7812,19.109,0.0025,0.1164,0.326,0.9314,0.9721,0.9735,0.9748,72.6087,80.7274,86.4843
2020-09-24,4209102,202039,15.5302,18.7592,23.9064,0.0443,0.1127,0.3345,0.902,0.9673,0.9706,0.973,59.0667,82.1166,96.252
2020-09-25,4209102,202039,14.8747,18.9891,24.7381,0.0,0.0249,0.1359,0.1992,0.9641,0.9673,0.9691,57.4334,83.2513,99.34
2020-09-26,4209102,202039,15.5706,19.7369,26.039,0.0143,0.0853,0.1247,0.6824,0.9588,0.9627,0.965,61.6066,85.7709,98.9449
2020-09-27,4209102,202040,17.8988,21.7468,28.6751,0.0306,0.1398,0.2121,1.1187,0.9554,0.9582,0.9606,58.6679,83.8307,97.4426
2020-09-28,4209102,202040,19.8115,22.3164,28.072,0.0117,3.3636,14.5318,26.9091,0.955,0.9583,0.9617,64.5518,83.4163,91.7779
2020-09-29,4209102,202040,16.0347,17.6969,19.8319,0.7294,3.1618,15.1108,25.2946,0.9646,0.9661,0.9684,75.0794,86.0504,94.04
2020-09-30,4209102,202040,16.5832,21.0871,28.5444,0.0008,0.2953,1.7677,2.3627,0.9602,0.9638,0.9663,62.3797,81.8186,94.2728
2020-10-01,4209102,202040,18.3532,23.9877,32.1802,0.0,0.0721,0.5739,0.5768,0.9562,0.9603,0.9636,51.9035,79.818,97.0881
2020-10-02,4209102,202040,20.8229,27.3646,35.7791,0.0006,0.142,0.367,1.1361,0.9568,0.9579,0.959,36.8359,64.9751,85.5856
2020-10-03,4209102,202040,16.3313,19.3163,23.4334,0.0692,2.5365,8.3091,20.2919,0.9612,0.9662,0.9695,81.9065,88.288,96.5529
2020-10-04,4209102,202041,14.8905,16.2472,18.068,2.9474,8.5021,12.6994,68.0169,0.9683,0.9698,0.9711,83.7954,91.5374,95.9459
2020-10-05,4209102,202041,16.9319,19.988,26.0261,0.7639,3.3976,13.8175,27.1808,0.9597,0.9645,0.9683,68.3937,89.4246,98.0687
2020-10-06,4209102,202041,18.626,20.8615,23.9299,0.0064,0.4787,2.5387,3.8298,0.9598,0.9616,0.9632,77.8013,90.3797,98.0113
2020-10-07,4209102,202041,16.9872,21.2714,27.8296,0.3257,0.5742,0.6943,4.5932,0.9592,0.9625,0.9647,66.9713,83.4457,92.44
2020-10-08,4209102,202041,18.5463,19.9563,21.4704,0.8772,4.8251,16.9244,38.601,0.9618,0.9627,0.9634,87.7443,94.932,98.4142
2020-10-09,4209102,202041,16.6983,17.5407,18.448,2.8585,10.6552,26.5118,85.2412,0.96,0.9621,0.9642,92.5312,95.4265,97.3229
2020-10-10,4209102,202041,14.217,18.4294,24.0325,0.0029,2.3289,17.4592,18.6308,0.961,0.9622,0.9639,41.6493,76.4783,95.5311
2020-10-11,4209102,202042,14.1478,16.6397,19.9035,0.2391,0.5295,1.8144,4.2361,0.9663,0.9674,0.9693,66.7717,77.2224,86.4698
2020-10-12,4209102,202042,14.0422,18.9689,25.428,0.0176,0.077,0.4742,0.6159,0.9627,0.9661,0.968,53.6336,77.7279,95.4829
2020-10-13,4209102,202042,14.5535,19.4378,25.1319,0.0,0.3445,1.3987,2.756,0.9612,0.9625,0.9641,66.3623,84.9052,96.1245
2020-10-14,4209102,202042,16.5308,19.1891,23.1204,0.5536,0.876,1.7794,7.0081,0.9617,0.9627,0.9641,71.9367,86.394,93.8694
2020-10-15,4209102,202042,17.0936,18.0097,19.2902,0.5621,1.7323,3.1785,13.8584,0.9652,0.9671,0.9687,80.0303,89.4305,93.5556
2020-10-16,4209102,202042,14.5007,17.3493,20.7214,0.1589,0.8715,3.4206,6.972,0.9692,0.9706,0.9719,67.2239,83.9654,97.4821
2020-10-17,4209102,202042,14.0619,17.3153,20.9095,0.2739,0.625,1.1219,5.0,0.9677,0.9696,0.9714,62.3762,80.7442,96.4722
2020-10-18,4209102,202043,14.4385,18.3374,22.4883,0.0529,0.3887,0.9232,3.1099,0.9641,0.9663,0.9686,64.2282,84.6926,99.2021
2020-10-19,4209102,202043,16.3736,19.7069,23.8036,0.1054,0.4704,1.0047,3.7632,0.9632,0.9644,0.9655,69.3735,87.9469,99.0655
2020-10-20,4209102,202043,18.4271,21.5743,24.9383,0.1473,0.4648,0.9717,3.7187,0.9631,0.9644,0.9655,70.2687,86.9753,98.9828
2020-10-21,4209102,202043,18.934,21.2544,24.2185,0.0022,0.3366,0.9549,2.6929,0.9652,0.9672,0.9689,65.241,86.1289,99.2155
2020-10-22,4209102,202043,18.013,19.9204,22.624,1.0898,4.0841,7.4333,32.6729,0.9679,0.9691,0.9702,76.1073,89.1746,97.3797
2020-10-23,4209102,202043,17.4137,20.1162,23.8948,1.3422,2.8393,8.2889,22.7143,0.9645,0.9673,0.9694,64.0753,84.4512,98.1245
2020-10-24,4209102,202043,16.8837,20.4774,24.1165,0.0604,0.5414,2.5601,4.3314,0.9599,0.9629,0.9649,66.3103,85.2989,97.7986
2020-10-25,4209102,202044,18.4946,21.2024,24.4,0.0202,2.9026,9.5544,23.2208,0.9584,0.9599,0.9611,77.9088,89.1559,98.6385
2020-10-26,4209102,202044,18.1847,21.6012,25.7735,0.3987,1.9605,9.7506,15.6839,0.9561,0.9598,0.9614,64.334,84.2982,98.9792
2020-10-27,4209102,202044,19.7701,22.8054,27.6003,0.0164,1.1838,2.0681,9.4706,0.9518,0.9542,0.9568,46.358,78.8952,96.4145
2020-10-28,4209102,202044,16.3747,23.1021,30.9348,0.1063,0.4042,2.0681,3.2336,0.9529,0.9539,0.9551,29.7241,65.7863,93.609
2020-10-29,4209102,202044,17.1242,20.6811,24.949,0.0,0.0741,0.2203,0.5926,0.9575,0.9597,0.9619,65.7416,83.7644,98.0392
2020-10-30,4209102,202044,14.2498,16.2764,18.8266,3.098,17.6925,25.6912,141.5402,0.965,0.9675,0.9698,74.9273,86.4695,94.8134
2020-10-31,4209102,202044,14.8979,16.7159,18.8685,0.2273,4.0067,25.7672,32.0534,0.9681,0.9693,0.9703,65.6869,76.5581,85.521
2020-11-01,4209102,202045,13.8744,16.1115,18.5789,1.003,2.4125,4.1728,19.2999,0.9665,0.9679,0.9693,73.5941,83.6965,93.5532
2020-11-02,4209102,202045,13.1808,16.634,19.6099,0.0954,0.9887,4.3034,7.9099,0.964,0.9658,0.9673,64.5782,77.5698,92.8124
2020-11-03,4209102,202045,14.2922,17.5445,21.4979,0.0172,0.8067,3.5795,6.4535,0.9627,0.9644,0.966,61.659,81.3852,96.7985
2020-11-04,4209102,202045,14.6482,16.1362,18.5051,5.5483,10.2984,14.5312,82.3873,0.9647,0.966,0.9676,71.2684,85.0439,96.3567
2020-11-05,4209102,202045,11.533,16.6025,22.3513,0.0277,1.8841,14.8098,15.0731,0.9619,0.9648,0.9673,44.4669,67.3704,87.8593
2020-11-06,4209102,202045,11.9456,16.7056,21.7887,0.0023,0.0374,0.0943,0.2994,0.9651,0.966,0.968,53.5468,76.3929,92.5707
2020-11-07,4209102,202045,13.8503,18.5685,25.2126,0.0075,0.0795,0.1165,0.6362,0.9657,0.9672,0.9694,53.792,78.8103,96.3595
2020-11-08,4209102,202046,15.1208,19.6718,25.567,0.0,0.0207,0.1165,0.1657,0.9642,0.9661,0.9674,62.2933,82.985,98.3266
2020-11-09,4209102,202046,17.8795,19.824,22.8535,0.0526,2.0912,6.4634,16.7293,0.9643,0.9658,0.967,83.7191,90.1049,97.2208
2020-11-10,4209102,202046,18.0417,20.3298,24.1117,2.0415,5.0626,9.2025,40.501,0.9622,0.9641,0.9656,73.5426,90.0103,98.894
2020-11-11,4209102,202046,19.9814,20.7882,21.7831,0.2865,8.3791,32.3704,67.0324,0.9612,0.9627,0.9643,92.8543,96.228,98.5658
2020-11-12,4209102,202046,18.3256,20.435,23.2639,0.4909,7.8601,33.9595,62.8807,0.96,0.9617,0.9631,82.7232,92.6361,99.3793
2020-11-13,4209102,202046,18.7234,21.5931,25.3627,0.0293,1.5859,8.4565,12.6874,0.9593,0.9607,0.9619,66.5775,86.4467,99.6161
2020-11-14,4209102,202046,19.1558,22.4958,26.8627,0.3799,0.9206,2.7782,7.3649,0.9577,0.9602,0.9618,66.7819,84.9235,98.9788
2020-11-15,4209102,202047,20.859,24.5412,30.7862,0.0225,1.1763,7.2059,9.4106,0.9572,0.9595,0.9612,55.7174,83.8197,98.5135
2020-11-16,4209102,202047,20.0148,23.5541,28.0498,0.0003,2.8628,9.0369,22.9024,0.9552,0.9575,0.9592,63.9993,86.0778,97.7455
2020-11-17,4209102,202047,19.5266,20.8607,22.6644,2.3213,4.1634,12.6043,33.307,0.9573,0.9587,0.9598,73.1925,85.276,97.0161
2020-11-18,4209102,202047,16.9055,17.5309,18.1742,0.2724,5.4064,19.5948,43.2514,0.96,0.9613,0.9623,79.4855,87.1119,95.9792
2020-11-19,4209102,202047,15.2749,17.1174,20.349,3.1565,8.9932,23.6493,71.9455,0.9607,0.962,0.9632,67.7673,86.113,95.3913
2020-11-20,4209102,202047,14.7778,17.4939,20.5902,0.6039,2.8476,11.6033,22.7806,0.9633,0.9642,0.9656,69.2629,84.2666,97.4176
2020-11-21,4209102,202047,15.6125,18.2594,21.5633,0.161,3.088,8.1492,24.7042,0.9635,0.9645,0.9658,73.3323,84.435,94.3474
2020-11-22,4209102,202048,16.2054,19.2996,22.8792,0.2764,2.1817,8.2934,17.4532,0.9657,0.9666,0.9679,65.48,83.814,97.5351
2020-11-23,4209102,202048,17.3451,20.1197,23.3593,0.3182,1.5848,3.8259,12.6788,0.9674,0.9684,0.9699,68.25,83.9518,97.1302
2020-11-24,4209102,202048,16.6867,20.7151,25.5356,0.0126,0.3281,2.1647,2.6247,0.9664,0.9687,0.9705,55.5978,79.7132,97.518
2020-11-25,4209102,202048,19.3053,22.6674,27.3626,0.1133,0.1776,0.2481,1.4206,0.9625,0.9659,0.9678,63.7678,82.6207,97.9097
2020-11-26,4209102,202048,20.7909,24.7354,30.1077,0.0013,0.102,0.2523,0.8159,0.9603,0.9625,0.9639,57.5678,82.0439,97.4979
2020-11-27,4209102,202048,20.9045,22.0204,23.285,1.2157,7.8632,15.1731,62.9057,0.9641,0.9657,0.9675,83.8649,92.5321,96.8211
2020-11-28,4209102,202048,20.5087,22.8677,26.7331,2.7905,5.8258,20.1073,46.6066,0.9655,0.9667,0.968,66.4249,86.9807,99.0236
2020-11-29,4209102,202049,19.7047,23.7707,29.4435,0.0679,1.2519,5.0171,10.0148,0.9607,0.9644,0.9672,60.7256,84.7633,99.2402
2020-11-30,4209102,202049,20.6689,23.7623,27.6656,0.0001,3.1428,12.0829,25.1424,0.9609,0.962,0.9633,66.8095,84.9635,97.6393
2020-12-01,4209102,202049,19.3271,20.9668,22.9572,3.2449,7.4387,17.1682,59.5094,0.9625,0.9636,0.965,76.9232,87.1166,95.8517
2020-12-02,4209102,202049,19.5298,22.2018,25.8907,0.2456,1.6627,8.998,13.3016,0.9585,0.9619,0.9636,70.11,84.6298,96.7462
2020-12-03,4209102,202049,21.631,24.8352,29.4793,0.0894,0.7284,1.0888,5.827,0.9541,0.9567,0.9592,62.2831,81.4244,96.9507
2020-12-04,4209102,202049,20.472,22.8382,24.6537,0.0004,2.8433,8.4119,22.7462,0.957,0.9617,0.9643,75.5789,81.7932,92.1323
2020-12-05,4209102,202049,17.3848,19.1031,20.9368,2.6568,14.5114,29.2688,116.0911,0.965,0.9668,0.9685,87.6774,92.8348,95.1013
2020-12-06,4209102,202050,17.0106,17.8863,19.3642,2.0619,12.7523,32.8276,102.0185,0.9645,0.9664,0.9686,91.3308,94.851,96.9316
2020-12-07,4209102,202050,18.2922,19.2711,20.6074,2.7188,10.2487,22.1266,81.9899,0.9624,0.9645,0.966,86.8539,93.3553,97.254
2020-12-08,4209102,202050,19.0667,21.9679,26.6021,0.0259,1.9093,12.3808,15.2744,0.9599,0.9619,0.9636,65.9532,85.3509,97.8893
2020-12-09,4209102,202050,19.4189,22.143,25.5157,0.7442,1.4229,2.4308,11.3834,0.9614,0.9624,0.9636,63.6021,84.4762,98.3553
2020-12-10,4209102,202050,19.0097,21.6527,24.7299,0.5261,1.5482,2.902,12.3857,0.9609,0.9628,0.964,78.6587,87.5877,97.4156
2020-12-11,4209102,202050,19.6183,23.1289,27.7219,0.0658,0.8567,2.9959,6.8537,0.9598,0.9618,0.9629,60.8164,81.6403,96.7129
2020-12-12,4209102,202050,20.2692,24.1418,29.208,0.0,0.947,3.4891,7.5758,0.9599,0.9613,0.9624,63.9465,83.233,97.4492
2020-12-13,4209102,202051,19.0234,23.7017,28.1031,0.0037,3.0567,8.9003,24.4534,0.9572,0.9604,0.962,67.0426,84.1551,97.6372
2020-12-14,4209102,202051,21.2597,24.3749,29.0748,0.2216,5.4993,18.5821,43.9944,0.9577,0.9588,0.9601,62.1401,81.4451,91.502
2020-12-15,4209102,202051,20.6443,21.8662,24.6629,1.3035,12.8971,24.0447,103.177,0.9583,0.9599,0.9611,81.5419,94.0847,98.65
2020-12-16,4209102,202051,21.1646,23.4862,27.0556,0.2285,4.1986,25.2549,33.5891,0.9601,0.9615,0.9635,72.4726,87.7003,97.7684
2020-12-17,4209102,202051,20.9367,22.5324,25.901,1.0958,14.8314,43.3449,118.6514,0.9598,0.9616,0.963,79.1978,91.6043,97.3304
2020-12-18,4209102,202051,19.8933,22.1913,25.642,0.7564,7.7152,44.9793,61.7214,0.9579,0.9605,0.962,74.7239,88.2773,96.4817
2020-12-19,4209102,202051,21.158,24.4514,28.9837,0.094,1.5215,6.3086,12.172,0.9551,0.9576,0.9599,64.1398,84.7312,97.6417
2020-12-20,4209102,202052,21.9175,25.7193,31.3461,0.0,3.1413,11.0441,25.1304,0.9555,0.9571,0.9586,61.5244,83.6464,96.1533
2020-12-21,4209102,202052,21.9351,23.2917,25.1675,0.0085,9.3028,24.9278,74.4223,0.9588,0.9605,0.9617,81.7356,92.1194,98.5036
2020-12-22,4209102,202052,18.8461,20.383,21.7386,2.5157,10.1843,25.74,81.4747,0.9624,0.9636,0.9647,75.7028,87.5544,95.1176
2020-12-23,4209102,202052,19.1586,21.1935,24.4007,1.5295,5.6836,11.2555,45.4691,0.9622,0.9633,0.9645,76.1541,87.9992,97.2512
2020-12-24,4209102,202052,19.2094,21.4351,23.6954,0.8151,2.9282,7.8299,23.4257,0.9631,0.9639,0.9648,75.3798,85.0233,96.9104
2020-12-25,4209102,202052,17.7883,20.7059,23.3394,0.0449,1.2969,4.2611,10.3752,0.9624,0.9639,0.9646,70.6974,83.1192,96.5031
2020-12-26,4209102,202052,18.1289,20.4958,23.4891,0.0522,1.9911,4.1585,15.929,0.9614,0.9626,0.9637,82.2873,89.5182,95.4233
2020-12-27,4209102,202053,19.8161,21.0592,23.7486,0.2884,3.1784,9.0076,25.4272,0.9624,0.9632,0.9645,81.1534,92.4239,96.9564
2020-12-28,4209102,202053,19.667,21.7843,25.0195,3.8183,7.1256,10.9473,57.0049,0.961,0.9632,0.9646,83.3531,91.2185,98.83
2020-12-29,4209102,202053,20.2551,23.0442,26.1319,0.0126,5.2382,15.9882,41.9053,0.9574,0.9603,0.9624,74.9266,88.1148,98.8166
2020-12-30,4209102,202053,20.2394,25.0442,30.9483,0.3228,2.8833,17.9132,23.0666,0.9554,0.9573,0.9587,54.0065,79.3941,98.316
2020-12-31,4209102,202053,23.183,25.8061,30.9702,0.0,4.1147,16.1112,32.9177,0.9569,0.9577,0.9587,57.8548,78.7472,88.6428
2021-01-01,4209102,202053,20.0411,20.8088,22.1543,3.9402,9.972,20.8793,79.776,0.9612,0.963,0.9649,84.9907,93.0451,96.9728
2021-01-02,4209102,202053,18.6197,20.4795,23.3335,0.3786,3.3737,14.838,26.9893,0.962,0.9642,0.9656,72.0735,83.8842,92.4505
2021-01-03,4209102,202101,17.3389,20.5011,23.6895,0.7086,1.8059,6.0956,14.4474,0.9622,0.9631,0.9639,64.1286,82.8877,97.0921
2021-01-04,4209102,202101,17.2762,20.9375,24.5761,0.3121,1.4472,3.6256,11.5772,0.9605,0.9622,0.9634,72.4873,82.8096,95.7532
2021-01-05,4209102,202101,19.7616,22.8343,27.7533,0.0014,2.4657,9.402,19.7255,0.959,0.9609,0.9622,66.6502,85.6304,95.6494
2021-01-06,4209102,202101,21.8255,24.9677,30.1029,4.0181,10.7845,18.5856,86.2759,0.9562,0.9586,0.9602,63.0756,84.2495,98.796
2021-01-07,4209102,202101,21.4774,25.8649,30.49,0.167,2.8729,13.4244,22.9836,0.9571,0.9583,0.9592,56.479,78.3724,93.7379
2021-01-08,4209102,202101,22.3129,24.3372,28.7778,8.4922,16.6499,35.5319,133.1995,0.959,0.9598,0.9603,68.5053,87.6512,96.5296
2021-01-09,4209102,202101,21.2603,23.6128,26.9598,1.9329,10.5273,37.8883,84.2185,0.96,0.9615,0.9625,77.6819,88.7688,97.8665
2021-01-10,4209102,202102,21.7137,23.216,24.3527,0.2218,4.101,15.0622,32.8082,0.9611,0.9623,0.9633,84.3977,90.3642,97.4345
2021-01-11,4209102,202102,21.8967,23.8732,27.0365,0.9958,3.8182,7.3775,30.5453,0.9602,0.9621,0.9633,86.0378,92.1792,97.7722
2021-01-12,4209102,202102,22.3366,25.3013,28.8809,0.5714,1.7984,6.3933,14.3875,0.9594,0.9615,0.9631,69.0397,85.4811,98.6404
2021-01-13,4209102,202102,21.982,22.6553,23.6238,0.9621,5.9348,11.0608,47.4781,0.9623,0.9638,0.9655,82.9957,91.2198,96.0102
2021-01-14,4209102,202102,19.1572,20.1957,21.065,2.1587,9.6128,16.2664,76.902,0.9642,0.9652,0.9661,89.2947,92.4792,94.5462
2021-01-15,4209102,202102,19.8997,21.8529,24.9917,1.9082,5.749,18.9432,45.9922,0.9601,0.963,0.9653,85.6148,92.4531,98.5871
2021-01-16,4209102,202102,20.7959,23.6653,27.7536,0.2061,2.4179,7.2984,19.3435,0.956,0.959,0.9614,71.3095,87.6364,98.4437
2021-01-17,4209102,202103,21.93,24.8923,29.2657,0.0116,2.8804,7.8747,23.0429,0.9544,0.9563,0.9578,67.2381,84.4023,94.4981
2021-01-18,4209102,202103,20.7183,22.6919,24.5153,0.5429,11.1712,30.2739,89.3693,0.9558,0.9587,0.9623,87.6398,91.9903,95.2241
2021-01-19,4209102,202103,19.2925,20.0883,20.8864,7.459,24.5574,40.313,196.459,0.9635,0.9646,0.966,92.1542,94.7132,96.5252
2021-01-20,4209102,202103,18.9414,19.9383,21.0437,2.9391,10.729,40.1659,85.8318,0.9647,0.9655,0.9663,88.4896,93.88,96.2961
2021-01-21,4209102,202103,18.6774,20.4045,22.1948,1.891,13.7059,38.1171,109.6469,0.964,0.9656,0.9664,93.9966,95.7395,96.8867
2021-01-22,4209102,202103,20.1638,21.2885,22.8646,8.3961,25.9879,50.1018,207.9034,0.9661,0.9675,0.9685,90.9188,95.4982,98.504
2021-01-23,4209102,202103,20.574,22.0567,24.4857,2.4446,9.3573,43.7419,74.8581,0.9647,0.9665,0.9681,83.3113,92.2215,99.0635
2021-01-24,4209102,202104,20.2314,22.3101,25.1503,0.0275,3.6383,10.6001,29.1068,0.9613,0.9637,0.9652,79.4506,91.9476,98.9043
2021-01-25,4209102,202104,20.1441,22.2547,25.2097,0.0695,6.0852,19.9868,48.6819,0.9595,0.9612,0.9624,77.8765,91.3954,98.9072
2021-01-26,4209102,202104,20.3895,23.7302,27.7755,0.6391,4.7473,22.2413,37.9786,0.9586,0.9599,0.9611,70.8186,86.3776,98.2149
2021-01-27,4209102,202104,21.161,25.9043,31.4992,0.0,1.1733,4.8143,9.3865,0.9548,0.9582,0.9599,55.9798,80.2664,96.1561
2021-01-28,4209102,202104,22.756,24.8509,26.409,0.0,1.4316,5.7411,11.4528,0.9568,0.958,0.9595,76.7319,83.0596,88.2239
2021-01-29,4209102,202104,22.3872,24.5296,27.139,0.4449,3.5022,11.9786,28.0179,0.9571,0.9583,0.9594,73.2452,87.2992,96.2745
2021-01-30,4209102,202104,21.95,25.2593,29.0716,1.1026,3.5822,7.1956,28.6575,0.9582,0.9596,0.9609,67.8399,82.7619,94.7212
2021-01-31,4209102,202105,21.9634,25.5954,30.3974,0.0,2.9574,10.7488,23.6589,0.9581,0.9597,0.9611,63.0622,82.2715,92.8745
2021-02-01,4209102,202105,21.6908,25.057,28.7519,2.7817,8.5672,11.4473,68.5376,0.9579,0.9592,0.9608,64.5054,82.9676,97.2731
2021-02-02,4209102,202105,21.4989,24.6674,28.4203,0.3985,3.192,11.19,25.5358,0.9596,0.9607,0.962,71.8384,86.0257,96.1989
2021-02-03,4209102,202105,22.5412,25.2685,29.3674,0.2574,1.7868,7.808,14.2942,0.9602,0.962,0.9632,68.7289,86.4413,98.3604
2021-02-04,4209102,202105,23.1352,26.275,32.2895,0.0859,1.2632,4.3596,10.1054,0.9555,0.958,0.9611,55.4053,82.0414,97.2987
2021-02-05,4209102,202105,18.0097,23.7871,28.6431,0.0,0.5819,4.6488,4.6554,0.9548,0.9564,0.9575,40.2787,63.7829,86.3364
2021-02-06,4209102,202105,18.627,21.3912,24.2882,0.0729,1.2823,2.89,10.2586,0.9578,0.9593,0.9607,61.3617,78.4122,94.3849
2021-02-07,4209102,202106,16.0677,21.5507,26.4738,0.0431,0.4201,2.9496,3.3605,0.9618,0.9625,0.9635,48.7589,73.2339,96.0799
2021-02-08,4209102,202106,18.2134,21.0113,24.6164,0.0632,0.6881,1.0902,5.5047,0.9624,0.9637,0.9648,58.8405,77.9363,95.2939
2021-02-09,4209102,202106,18.3782,21.2068,24.6488,0.028,0.9061,2.2684,7.2488,0.9632,0.9641,0.9654,65.9159,81.2735,94.2371
2021-02-10,4209102,202106,18.0452,21.1103,24.7206,0.2366,0.8225,2.4212,6.5803,0.9629,0.9644,0.966,62.3652,83.2225,97.5631
2021-02-11,4209102,202106,18.9666,21.1733,24.85,0.238,1.8904,6.7765,15.1234,0.9628,0.9641,0.9651,73.0109,87.5725,97.401
2021-02-12,4209102,202106,19.4492,21.1009,23.0336,0.9644,7.5063,20.1698,60.05,0.9609,0.9629,0.964,84.002,92.8476,97.8771
2021-02-13,4209102,202106,19.704,22.6068,26.3342,1.584,5.6853,24.6411,45.4824,0.9579,0.9606,0.9627,70.5115,87.1724,98.5935
2021-02-14,4209102,202107,18.605,22.9007,28.1803,0.0149,3.2613,12.7339,26.0906,0.9556,0.958,0.9598,66.2205,83.9019,95.889
2021-02-15,4209102,202107,18.6909,23.1992,28.9657,0.0,2.5804,13.7154,20.6433,0.9549,0.9566,0.9583,54.4633,80.0798,93.943
2021-02-16,4209102,202107,18.7876,23.0808,28.4074,0.0008,1.47,7.6002,11.7599,0.9547,0.956,0.957,58.6359,82.1824,96.6628
2021-02-17,4209102,202107,18.7442,23.5449,28.2377,0.0006,0.7717,3.3111,6.174,0.9548,0.9562,0.9573,53.2085,79.7817,97.7211
2021-02-18,4209102,202107,19.7012,23.5323,27.7637,1.1413,2.0683,3.6094,16.5465,0.956,0.9567,0.9578,51.3654,78.3991,97.8581
2021-02-19,4209102,202107,19.6625,22.6378,26.2439,0.1643,1.1212,3.6103,8.9695,0.9582,0.9593,0.961,64.0286,82.2815,94.9259
2021-02-20,4209102,202107,20.0902,22.3946,25.532,1.1247,2.3291,3.5391,18.6327,0.9621,0.9632,0.9649,77.6071,87.8036,96.7416
2021-02-21,4209102,202108,20.187,22.5308,25.6714,0.2468,1.5192,3.7377,12.1536,0.9637,0.9645,0.9658,75.1697,86.9713,97.1366
2021-02-22,4209102,202108,19.667,23.2894,27.7922,0.7674,1.5019,2.5975,12.0155,0.9615,0.9644,0.9659,56.0894,80.1709,97.3285
2021-02-23,4209102,202108,20.714,24.7042,29.9998,0.0004,0.2628,1.5203,2.1022,0.9593,0.9617,0.9632,58.7722,80.1793,95.0506
2021-02-24,4209102,202108,21.7046,22.4277,24.5423,0.4165,9.966,21.8572,79.7282,0.9613,0.9624,0.9642,86.4194,93.7837,97.1694
2021-02-25,4209102,202108,19.4521,20.7353,21.987,0.7698,10.5896,21.9902,84.7165,0.9613,0.9623,0.9634,90.8813,93.7471,97.3819
2021-02-26,4209102,202108,19.4363,20.6421,22.4505,1.9849,11.6419,22.5635,93.1349,0.9622,0.9631,0.9643,81.4085,92.2269,97.7752
2021-02-27,4209102,202108,19.7049,20.4395,21.4139,3.2906,20.6778,45.9527,165.4221,0.9638,0.9649,0.9661,92.8845,95.1329,98.5161
2021-02-28,4209102,202109,19.5956,20.6388,22.2016,5.6006,22.1151,48.5913,176.9209,0.9627,0.9644,0.9664,95.1051,96.5238,98.5136
2021-03-01,4209102,202109,19.8488,21.3777,23.2067,3.7151,12.0015,34.5671,96.0123,0.9614,0.9626,0.9638,91.1849,95.3698,98.9877
2021-03-02,4209102,202109,20.0188,22.1064,23.925,0.0608,4.8703,18.7222,38.9628,0.9609,0.9624,0.9639,78.3932,92.0068,98.5902
2021-03-03,4209102,202109,19.6126,22.3217,25.1754,0.0201,4.1223,13.4948,32.9782,0.9621,0.963,0.9644,81.7946,91.7107,98.5617
2021-03-04,4209102,202109,20.4161,22.9757,26.7889,0.4602,5.2684,15.4844,42.1472,0.9572,0.9607,0.9629,70.5277,88.4908,97.0778
2021-03-05,4209102,202109,21.5577,24.0125,28.1331,1.135,4.6423,21.5978,37.1387,0.9524,0.9544,0.9564,61.938,81.2587,93.2058
2021-03-06,4209102,202109,18.9833,22.1802,25.7061,0.8112,2.7406,7.3686,21.925,0.9551,0.9569,0.9586,71.1968,86.3835,95.8416
2021-03-07,4209102,202110,19.611,21.0374,22.4035,4.43,7.3441,8.7949,58.7527,0.9603,0.9612,0.9627,78.8432,88.6488,95.8353
2021-03-08,4209102,202110,19.5116,22.2277,25.4206,0.0696,1.6656,8.9866,13.3247,0.9598,0.9616,0.9631,73.9566,86.5585,96.4007
2021-03-09,4209102,202110,20.1283,21.9114,25.0415,0.544,3.8743,13.6493,30.9941,0.9584,0.9599,0.9614,79.0913,88.9952,94.8919
2021-03-10,4209102,202110,16.2065,20.7831,25.0052,0.5037,2.5032,14.2544,20.0255,0.958,0.9593,0.9606,56.6283,79.7654,96.7793
2021-03-11,4209102,202110,16.8001,20.7915,24.9148,0.0013,0.4657,1.459,3.7255,0.9592,0.96,0.9613,67.4536,83.5565,96.4689
2021-03-12,4209102,202110,20.1442,21.8299,24.4458,0.8305,3.5912,6.5851,28.7299,0.9618,0.9625,0.964,80.5206,91.1737,97.2848
2021-03-13,4209102,202110,20.7274,22.9412,26.2835,0.1747,1.7272,6.7284,13.8175,0.9622,0.9635,0.9651,69.3819,86.7519,95.719
2021-03-14,4209102,202111,21.6338,23.9583,27.8428,0.1829,0.9694,2.6817,7.7553,0.9618,0.9635,0.9649,67.9842,86.9295,97.6428
2021-03-15,4209102,202111,20.2195,22.7955,25.6955,2.3742,5.6799,11.3962,45.4391,0.9621,0.9632,0.964,77.5842,90.2497,97.5857
2021-03-16,4209102,202111,21.1926,23.4469,26.4046,1.8296,4.7513,12.6345,38.0107,0.96,0.9621,0.9633,79.5467,89.9894,97.95
2021-03-17,4209102,202111,21.6405,24.1763,27.4504,0.0828,1.9944,6.6967,15.955,0.9574,0.9599,0.9618,72.1238,87.8054,98.9632
2021-03-18,4209102,202111,20.3514,22.6055,24.836,0.0056,2.4334,5.8342,19.4675,0.9584,0.9601,0.9618,78.8159,90.0888,96.4651
2021-03-19,4209102,202111,19.9673,21.5021,23.4391,0.655,2.3164,7.0235,18.5312,0.9635,0.9645,0.9658,77.267,87.2148,93.8924
2021-03-20,4209102,202111,19.7235,22.0743,25.5136,0.4329,1.137,4.1627,9.0963,0.9653,0.9665,0.9678,74.9776,87.6682,95.9189
2021-03-21,4209102,202112,21.0703,24.5952,29.8183,0.0021,0.1663,1.0247,1.3302,0.9624,0.9652,0.9664,65.8313,85.825,98.9041
2021-03-22,4209102,202112,21.7371,23.4661,26.2297,0.3654,5.1774,15.0946,41.4189,0.9642,0.9651,0.9667,82.113,92.8817,97.3033
2021-03-23,4209102,202112,21.4858,22.9617,25.3141,1.2797,5.1333,16.3269,41.0662,0.9623,0.9649,0.9662,80.0864,91.619,98.1513
2021-03-24,4209102,202112,20.5222,23.1231,26.2803,0.006,3.6304,11.1973,29.0436,0.9627,0.9643,0.9658,79.8779,91.6919,98.0494
2021-03-25,4209102,202112,21.3257,22.8915,25.0693,1.116,3.7856,11.5746,30.285,0.9645,0.966,0.9674,77.6148,89.5556,96.5555
2021-03-26,4209102,202112,21.4657,24.1929,29.0173,0.0062,0.7898,3.623,6.3185,0.9605,0.9637,0.9659,66.1256,85.321,97.4804
2021-03-27,4209102,202112,19.7896,24.0605,29.0307,0.0043,1.9853,9.7324,15.8823,0.9603,0.9617,0.9627,63.8069,84.1487,95.1926
2021-03-28,4209102,202113,20.6051,23.7959,27.3861,0.0647,2.9456,14.4973,23.5649,0.9594,0.9613,0.9631,71.4167,87.413,98.2675
2021-03-29,4209102,202113,20.3655,23.2379,27.3953,0.0,4.8664,16.6056,38.9313,0.96,0.9609,0.9625,70.7502,87.1651,96.1695
2021-03-30,4209102,202113,18.8014,21.8738,25.3954,0.1104,3.2854,19.5162,26.2832,0.9584,0.9598,0.9612,54.236,79.0446,95.3545
2021-03-31,4209102,202113,16.2584,20.2548,24.0888,1.1023,1.4943,1.5813,11.9542,0.9592,0.9603,0.9617,48.2925,75.4061,94.7007
2021-04-01,4209102,202113,14.7797,19.4422,23.0386,0.0,0.2338,1.5813,1.8704,0.96,0.9617,0.9633,59.1383,75.0687,92.7056
2021-04-02,4209102,202113,14.9451,19.2894,22.8131,0.0754,0.1758,0.3241,1.4068,0.9643,0.9658,0.9676,63.4399,80.275,93.8539
2021-04-03,4209102,202113,17.9264,19.3244,21.812,0.4577,1.7327,4.3314,13.8618,0.9666,0.9673,0.9682,83.9955,91.1817,96.2501
2021-04-04,4209102,202114,17.4385,19.7299,22.5191,0.7852,2.0122,5.3527,16.0974,0.967,0.968,0.9696,70.8981,87.0572,97.7675
2021-04-05,4209102,202114,17.314,20.0026,22.9603,0.3988,1.9366,3.1957,15.493,0.9661,0.9676,0.9692,72.8021,86.9498,97.3932
2021-04-06,4209102,202114,18.0729,19.6302,22.177,0.0754,1.4041,4.6678,11.2331,0.9655,0.9668,0.968,81.723,91.3091,96.8206
2021-04-07,4209102,202114,17.5549,19.7074,22.5622,2.2473,4.4742,6.5784,35.7936,0.967,0.9681,0.9693,69.5864,88.4819,98.6262
2021-04-08,4209102,202114,18.2269,20.3171,23.1694,0.9151,3.0319,7.0112,24.2553,0.9686,0.9697,0.971,72.47,88.7495,97.5953
2021-04-09,4209102,202114,17.6534,21.1291,25.2131,0.0594,0.6125,4.2805,4.9001,0.9662,0.9689,0.9702,64.807,84.6391,97.8359
2021-04-10,4209102,202114,18.2085,22.2311,27.6963,0.0001,0.0162,0.1023,0.1294,0.9616,0.9651,0.9674,59.9572,84.7074,98.997
2021-04-11,4209102,202115,17.675,22.8486,29.7931,0.0,0.0017,0.0068,0.0137,0.9591,0.9619,0.9637,42.6975,77.9888,98.4281
2021-04-12,4209102,202115,19.4873,21.3312,22.7512,0.0,0.8037,2.4319,6.4292,0.9597,0.9622,0.9648,72.1968,78.5666,86.1324
2021-04-13,4209102,202115,17.4832,19.6225,21.0796,0.3464,0.8862,3.075,7.0893,0.967,0.968,0.9696,72.62,82.4941,90.0464
2021-04-14,4209102,202115,16.6005,19.2048,21.5686,0.099,0.6864,1.246,5.4912,0.9672,0.9683,0.9698,70.1712,83.5371,94.4928
2021-04-15,4209102,202115,15.5777,19.6151,23.1379,0.0028,0.2922,1.2642,2.3379,0.9655,0.9673,0.9685,64.5201,79.856,94.1453
2021-04-16,4209102,202115,16.458,19.9936,22.7076,0.0118,0.5297,1.6973,4.2373,0.963,0.9651,0.9668,72.8212,85.482,97.0233
2021-04-17,4209102,202115,18.4163,19.8107,21.6496,0.17,4.6144,19.4814,36.9155,0.9622,0.9635,0.9648,88.1536,93.915,98.0753
2021-04-18,4209102,202116,17.6473,19.3772,21.855,1.4125,6.3432,24.9704,50.746,0.9631,0.9638,0.9649,72.1198,87.6855,98.4866
2021-04-19,4209102,202116,17.1973,19.204,22.116,0.0691,1.3891,5.9051,11.1132,0.9641,0.9655,0.9672,70.4964,85.1078,93.8323
2021-04-20,4209102,202116,16.2575,18.6599,21.5496,0.15,0.7982,2.9867,6.3858,0.9659,0.9671,0.9683,68.8156,85.5787,95.3962
2021-04-21,4209102,202116,16.888,17.6765,20.0482,0.4105,2.8717,8.4607,22.9733,0.9666,0.9678,0.9688,87.7955,93.3727,96.5013
2021-04-22,4209102,202116,15.9209,17.9318,20.6335,1.4389,4.0527,10.6848,32.4214,0.9665,0.9677,0.969,67.6877,86.3377,98.023
2021-04-23,4209102,202116,14.4329,17.3338,20.9148,0.1042,0.8625,4.3288,6.9,0.9646,0.9665,0.9683,71.3835,86.5027,96.2972
2021-04-24,4209102,202116,15.7375,19.3303,23.9878,0.0277,0.1534,0.9733,1.2269,0.9615,0.9639,0.9656,59.9717,83.9682,96.4788
2021-04-25,4209102,202117,17.2396,20.1622,24.4602,0.0,0.0207,0.1166,0.1655,0.9592,0.961,0.9623,61.85,81.584,96.1385
2021-04-26,4209102,202117,16.2143,19.211,22.0886,0.2124,2.9081,4.0994,23.2648,0.9618,0.9626,0.9641,62.6854,83.1821,96.9897
2021-04-27,4209102,202117,16.6764,17.7538,19.6222,0.4134,1.5287,4.2436,12.2292,0.9636,0.9645,0.9657,75.2405,86.1065,92.8996
2021-04-28,4209102,202117,16.1898,17.6611,20.5387,0.5082,2.7938,3.9166,22.3505,0.9648,0.9663,0.9677,68.2308,84.7738,93.874
2021-04-29,4209102,202117,12.6004,16.3562,19.9728,0.0007,0.5905,3.929,4.724,0.9689,0.9702,0.9718,67.1407,83.5962,95.7383
2021-04-30,4209102,202117,14.3307,17.0772,20.3453,0.2108,0.7052,1.0269,5.6418,0.9705,0.9721,0.9736,61.979,83.4106,97.8491
2021-05-01,4209102,202117,13.2817,17.9625,22.0098,0.0067,0.1643,1.0414,1.3147,0.9688,0.9706,0.972,61.7573,77.8609,92.5564
2021-05-02,4209102,202118,16.0641,19.0587,23.035,0.0159,0.0962,0.2548,0.7697,0.9673,0.9688,0.9701,67.3019,86.3634,97.9697
2021-05-03,4209102,202118,15.0851,18.9395,24.0642,0.0,0.0546,0.2548,0.4369,0.9652,0.967,0.9684,67.6098,87.3881,98.5308
2021-05-04,4209102,202118,15.5983,19.6426,25.908,0.0,0.0114,0.089,0.0914,0.9634,0.9656,0.9672,63.3545,87.7758,99.1861
2021-05-05,4209102,202118,17.8584,19.6877,22.1023,0.0,0.391,1.2962,3.1284,0.9643,0.9654,0.9674,80.9105,88.2478,92.336
2021-05-06,4209102,202118,15.3726,17.8846,19.0716,1.0627,3.8868,11.5233,31.0944,0.963,0.9645,0.9653,89.4111,93.548,96.156
2021-05-07,4209102,202118,13.6997,16.1045,18.7353,4.1925,6.5703,18.4837,52.5621,0.9669,0.9688,0.971,59.8209,80.1369,93.4201
2021-05-08,4209102,202118,12.2856,15.4152,18.1654,0.0005,0.668,4.9913,5.3439,0.9728,0.9738,0.9755,66.6358,79.245,91.8109
2021-05-09,4209102,202119,13.6389,16.0701,19.2525,0.0404,0.3754,0.9792,3.0033,0.9714,0.9732,0.9745,75.9593,86.2036,92.5735
2021-05-10,4209102,202119,15.9905,17.7022,21.1137,0.3167,1.5266,2.5516,12.2125,0.9668,0.97,0.972,74.8703,89.852,96.0918
2021-05-11,4209102,202119,13.7544,17.0972,21.3353,0.0,0.4961,2.554,3.9692,0.9643,0.9656,0.9676,72.2825,88.3434,99.3177
2021-05-12,4209102,202119,13.5773,14.2937,16.2694,2.6151,9.7196,19.0796,77.7565,0.9657,0.9669,0.9679,91.215,92.9301,95.0532
2021-05-13,4209102,202119,11.7564,14.8996,18.7618,0.0325,2.558,20.2329,20.464,0.9688,0.9698,0.9713,57.7827,77.6092,92.1097
2021-05-14,4209102,202119,12.392,15.2948,18.7131,0.0,0.1391,0.4697,1.1126,0.968,0.9699,0.9712,71.0004,85.4246,94.5925
2021-05-15,4209102,202119,15.0472,16.6517,19.4302,0.0439,0.5967,1.3621,4.7739,0.9672,0.9682,0.9692,76.5774,90.1156,97.4659
2021-05-16,4209102,202120,14.7323,17.3696,20.7289,0.0154,0.2889,1.3812,2.3109,0.9662,0.9677,0.9689,69.3456,88.0056,98.259
2021-05-17,4209102,202120,14.713,18.1035,22.2684,0.0109,0.2878,0.884,2.3024,0.9634,0.9654,0.9672,66.3142,85.7186,98.1239
2021-05-18,4209102,202120,12.106,16.3308,19.9997,0.5712,0.9444,1.0932,7.5548,0.965,0.9659,0.9672,63.0948,84.3132,96.504
2021-05-19,4209102,202120,13.6918,16.7803,21.9444,0.295,0.59,1.1062,4.7204,0.9629,0.965,0.9666,59.1522,84.1117,95.2367
2021-05-20,4209102,202120,12.6138,16.1054,19.2982,0.0725,0.3338,0.5553,2.6706,0.9627,0.964,0.9654,73.338,88.134,96.6351
2021-05-21,4209102,202120,15.1758,17.842,21.5382,0.0965,0.304,0.4412,2.4323,0.96,0.9621,0.9635,75.3356,89.7366,98.5008
2021-05-22,4209102,202120,17.0578,20.3372,26.2847,0.0695,2.2132,3.6748,17.7055,0.9555,0.9588,0.9609,58.2398,83.2462,96.4378
2021-05-23,4209102,202121,17.5112,19.2801,21.7001,0.0002,0.4602,3.6766,3.6819,0.9575,0.9587,0.9607,38.581,63.3918,82.8336
2021-05-24,4209102,202121,11.0713,14.7898,19.2662,0.0,0.0006,0.0009,0.0052,0.9609,0.963,0.9651,42.6911,55.9705,65.5485
2021-05-25,4209102,202121,7.8294,13.4666,20.9559,0.0,0.0001,0.0009,0.0009,0.9661,0.9672,0.969,48.7642,70.5802,82.1072
2021-05-26,4209102,202121,8.1449,14.0795,20.5429,0.0,0.0005,0.0017,0.0043,0.9658,0.9671,0.9681,56.1882,79.095,91.2854
2021-05-27,4209102,202121,10.9881,16.1017,23.5578,0.0,0.0005,0.0017,0.0039,0.9618,0.9646,0.9669,51.9791,79.8461,97.2006
2021-05-28,4209102,202121,12.7467,17.5877,22.5955,0.0,0.0909,0.3487,0.7269,0.9546,0.9599,0.9629,72.8718,87.1637,95.6372
2021-05-29,4209102,202121,19.2121,21.8238,26.4324,0.0,0.3832,1.616,3.0657,0.953,0.9563,0.9612,59.453,76.3431,90.7386
2021-05-30,4209102,202122,15.0269,16.4958,17.9669,0.0958,5.5561,15.7935,44.4486,0.9637,0.9661,0.9682,93.6521,96.1465,98.6069
2021-05-31,4209102,202122,13.6578,14.9912,17.6368,0.3378,2.6877,17.3768,21.5017,0.9675,0.9684,0.9696,78.8803,89.4534,95.3481
2021-06-01,4209102,202122,13.4273,16.785,21.558,0.0037,0.0917,0.6873,0.7335,0.9634,0.9657,0.9674,61.3489,84.9277,96.9247
2021-06-02,4209102,202122,12.7379,17.198,24.0616,0.0,0.0169,0.0665,0.1353,0.9611,0.9629,0.9644,64.1446,84.1205,96.4481
2021-06-03,4209102,202122,15.4187,18.2319,21.2947,0.0,0.0479,0.1851,0.3832,0.9642,0.9664,0.9688,76.2159,88.1342,94.1815
2021-06-04,4209102,202122,16.426,19.1605,24.0255,0.0046,0.0375,0.2208,0.2997,0.9677,0.9693,0.971,67.9731,87.8177,97.2293
2021-06-05,4209102,202122,17.3031,20.1311,25.0525,0.0044,0.038,0.0514,0.3037,0.9644,0.967,0.9686,65.2624,88.3128,99.302
2021-06-06,4209102,202123,16.7898,18.7332,21.4187,0.0,0.5324,3.9445,4.2592,0.9639,0.9656,0.967,76.93,86.8087,94.9872
2021-06-07,4209102,202123,15.2756,15.7513,16.753,4.3805,10.8191,17.9573,86.5529,0.9669,0.968,0.9692,93.8235,96.2648,97.7578
2021-06-08,4209102,202123,15.2318,15.8665,16.9882,2.1928,7.4062,20.9903,59.2493,0.9675,0.9686,0.9697,92.2473,96.1334,98.0116
2021-06-09,4209102,202123,16.0543,17.1434,18.5373,0.2099,1.8309,9.4073,14.6476,0.9665,0.9677,0.9689,90.7132,95.1082,98.8741
2021-06-10,4209102,202123,17.1142,18.0996,19.3177,0.202,2.3256,6.943,18.6047,0.9634,0.9659,0.9676,89.9925,95.6644,98.6027
2021-06-11,4209102,202123,13.8291,17.3638,21.7238,0.0,0.8697,6.9551,6.9574,0.9637,0.9649,0.9666,55.4839,82.9289,96.4635
2021-06-12,4209102,202123,10.7556,14.8885,18.8724,0.0007,0.0802,0.1009,0.6413,0.9664,0.9675,0.9689,48.9159,76.1017,93.069
2021-06-13,4209102,202124,7.7759,13.0239,18.5562,0.0,0.0131,0.1009,0.1051,0.9689,0.97,0.9712,61.3095,82.2285,96.1525
2021-06-14,4209102,202124,9.162,13.2245,19.1326,0.0,0.0005,0.0009,0.0043,0.968,0.9701,0.9715,64.8497,86.4015,98.226
2021-06-15,4209102,202124,9.5007,13.5821,20.0731,0.0,0.0012,0.0018,0.0095,0.9656,0.9677,0.969,63.7906,86.982,98.4561
2021-06-16,4209102,202124,13.1737,13.9193,14.6939,0.0702,1.8016,3.0728,14.4125,0.9673,0.9683,0.9694,79.336,89.1148,95.786
2021-06-17,4209102,202124,11.1465,11.8119,12.2892,0.1061,0.9876,3.3794,7.9009,0.9702,0.9707,0.9716,81.1196,83.0134,87.0441
2021-06-18,4209102,202124,11.7324,12.6617,13.9706,0.0587,0.7311,1.788,5.8486,0.971,0.9717,0.9728,86.1106,89.4547,93.806
2021-06-19,4209102,202124,12.6134,13.5059,14.5038,2.6969,15.4847,37.3563,123.8777,0.966,0.9695,0.9722,95.4935,96.6615,98.095
2021-06-20,4209102,202125,13.4041,14.6236,16.8684,0.259,6.1738,42.559,49.3907,0.9643,0.966,0.9678,75.0799,90.025,97.517
2021-06-21,4209102,202125,11.5556,14.2152,16.9692,0.007,0.4236,1.6169,3.3892,0.9684,0.9694,0.9709,76.9762,90.4653,97.817
2021-06-22,4209102,202125,13.954,15.1899,17.3182,0.8663,1.3914,2.105,11.1308,0.9685,0.9695,0.9709,79.5603,91.5728,98.0385
2021-06-23,4209102,202125,13.8422,15.2977,17.543,1.204,3.6,5.0445,28.8003,0.9706,0.9719,0.9734,76.1839,90.9917,97.8326
2021-06-24,4209102,202125,13.5883,16.5416,21.624,0.0552,0.7252,5.0821,5.8016,0.9612,0.9661,0.9707,67.2064,86.4165,96.2599
2021-06-25,4209102,202125,14.8745,17.6519,21.9296,0.0,0.106,0.4136,0.8478,0.9617,0.9643,0.9668,70.2873,85.9806,93.4394
2021-06-26,4209102,202125,15.732,17.7572,22.2849,0.204,0.6347,0.814,5.0776,0.9628,0.966,0.9677,73.216,89.1075,95.1905
2021-06-27,4209102,202126,15.4047,19.4902,25.8924,0.0,0.1359,0.814,1.0871,0.9599,0.9617,0.9631,58.9673,79.1989,95.0218
2021-06-28,4209102,202126,9.7865,13.05,15.9855,0.6163,4.8311,9.787,38.6491,0.9655,0.9688,0.9707,82.7845,91.1541,95.178
2021-06-29,4209102,202126,6.0504,9.4038,13.5754,6.6581,9.0691,13.4443,72.5525,0.9686,0.9705,0.9717,44.2214,67.0685,89.2387
2021-06-30,4209102,202126,5.3856,9.49,14.9168,0.0,1.0939,8.7424,8.751,0.9707,0.9721,0.9737,56.9187,64.3656,77.4494
2021-07-01,4209102,202126,7.7144,10.999,15.0731,0.0009,0.0063,0.0275,0.0503,0.9737,0.9749,0.9765,77.0898,85.771,92.4106
2021-07-02,4209102,202126,11.3567,14.5859,20.3453,0.0145,0.0271,0.0318,0.2172,0.97,0.9726,0.9744,56.5038,84.6518,97.3218
2021-07-03,4209102,202126,8.9054,13.1799,18.6162,0.0,0.0059,0.0294,0.0474,0.9702,0.9712,0.9721,62.5765,83.6118,93.2495
2021-07-04,4209102,202127,12.1853,13.7289,15.8836,0.0965,0.9745,1.9716,7.7956,0.9723,0.9732,0.9747,79.5771,90.2652,95.8696
2021-07-05,4209102,202127,12.1359,14.7862,18.3952,0.0171,0.3414,2.0529,2.7315,0.9718,0.9734,0.9751,69.4944,86.9751,96.1867
2021-07-06,4209102,202127,12.5742,14.315,16.4225,0.0287,0.7367,2.4929,5.8936,0.9717,0.9729,0.9741,79.9697,92.5838,98.3954
2021-07-07,4209102,202127,12.8326,14.8694,18.4806,0.1018,0.6947,2.6211,5.5576,0.9698,0.9716,0.9729,69.3294,88.9208,97.7748
2021-07-08,4209102,202127,12.0559,15.075,19.728,0.0001,0.0863,0.677,0.6904,0.9679,0.969,0.97,62.279,85.0509,98.4591
2021-07-09,4209102,202127,12.1562,14.9527,18.6315,0.0024,0.0171,0.0499,0.1365,0.9688,0.9697,0.9712,68.1283,87.1392,97.5477
2021-07-10,4209102,202127,12.3238,15.8686,22.351,0.0098,0.0192,0.058,0.1537,0.9666,0.9687,0.9704,57.0617,86.0281,99.1518
2021-07-11,4209102,202128,10.1661,15.3923,21.134,0.0,0.0056,0.0182,0.045,0.9672,0.9682,0.9697,61.8307,86.0866,98.2121
2021-07-12,4209102,202128,12.5013,15.4276,20.0823,0.0,0.0613,0.1169,0.4901,0.9686,0.9696,0.9716,71.44,91.0145,99.553
2021-07-13,4209102,202128,12.4113,16.6594,22.7586,0.0059,0.0318,0.117,0.2543,0.9668,0.969,0.9704,63.7403,87.5045,99.0238
2021-07-14,4209102,202128,14.0101,18.2551,23.8989,0.0,0.0034,0.0262,0.0276,0.9627,0.9663,0.9679,58.8831,80.2115,93.4499
2021-07-15,4209102,202128,14.5185,18.5958,23.5725,0.0,0.055,0.438,0.4401,0.9597,0.9619,0.9634,56.4095,72.016,85.1932
2021-07-16,4209102,202128,13.8356,15.2618,17.8559,1.404,2.6969,3.9771,21.5753,0.9629,0.9654,0.9674,82.6482,89.1335,95.3185
2021-07-17,4209102,202128,13.4901,15.8526,20.6561,0.2617,1.116,4.4135,8.9279,0.9635,0.9652,0.9671,65.9602,85.103,95.4419
2021-07-18,4209102,202129,10.1979,13.1001,15.0277,0.0,0.0985,0.779,0.7878,0.9652,0.9666,0.9679,35.252,68.7489,92.0006
2021-07-19,4209102,202129,6.0156,10.4904,16.4178,0.0,0.0002,0.0017,0.0017,0.9673,0.9686,0.97,37.6848,47.3052,59.6556
2021-07-20,4209102,202129,4.5746,10.2541,16.7607,0.0,0.0,0.0,0.0,0.971,0.9719,0.9734,47.3342,66.2118,78.3061
2021-07-21,4209102,202129,6.2281,12.1919,19.5961,0.0,0.0016,0.0064,0.0128,0.9709,0.972,0.9731,48.2418,76.4651,91.6862
2021-07-22,4209102,202129,7.47,13.591,18.5791,0.0,0.0008,0.0064,0.0064,0.9736,0.9752,0.977,63.893,80.9053,95.7808
2021-07-23,4209102,202129,8.1624,13.1931,19.7349,0.0,0.0015,0.0027,0.0123,0.9706,0.9737,0.9756,63.5456,85.6564,98.5095
2021-07-24,4209102,202129,9.2296,14.6493,22.485,0.0,0.0049,0.0096,0.039,0.9671,0.9704,0.9722,60.1472,85.5685,99.112
2021-07-25,4209102,202130,11.1897,16.6061,24.0802,0.0,0.0089,0.0148,0.0711,0.964,0.9666,0.9681,56.08,81.5317,95.9575
2021-07-26,4209102,202130,13.0027,18.4767,25.8343,0.0,0.0018,0.0148,0.0148,0.9597,0.9636,0.9656,50.4476,71.7899,87.8692
2021-07-27,4209102,202130,15.359,18.0079,21.2629,0.0,1.176,5.9755,9.4081,0.9577,0.9602,0.9624,64.7611,74.5561,92.7173
2021-07-28,4209102,202130,6.0513,10.7491,14.6236,0.162,1.0651,7.3153,8.5206,0.9639,0.9661,0.9685,39.8931,62.8782,92.9023
2021-07-29,4209102,202130,4.9111,8.6593,12.7495,0.0,0.0224,0.1756,0.1795,0.9679,0.9706,0.972,38.8192,49.4969,57.5412
2021-07-30,4209102,202130,2.0041,7.7457,13.1589,0.0,0.0002,0.0013,0.0013,0.9734,0.9751,0.9769,53.8429,69.6706,86.5842
2021-07-31,4209102,202130,3.7722,9.1548,14.8934,0.0,0.0012,0.0026,0.0095,0.9765,0.9774,0.9783,65.6106,80.8292,94.0707
2021-08-01,4209102,202131,11.0271,12.9015,16.3261,0.0017,0.0965,0.2929,0.772,0.9759,0.9776,0.9785,76.1245,87.2234,93.4107
2021-08-02,4209102,202131,11.8411,14.656,18.9007,0.174,0.3778,0.6124,3.0226,0.9717,0.9743,0.9762,62.704,86.2501,97.5149
2021-08-03,4209102,202131,11.8471,14.0427,17.3216,0.4915,0.7947,0.88,6.3577,0.9731,0.9741,0.9753,57.9802,81.3284,97.0893
2021-08-04,4209102,202131,8.8318,12.1732,15.6307,0.0004,0.1534,0.88,1.2274,0.9758,0.9763,0.9773,81.3371,88.737,96.6975
2021-08-05,4209102,202131,13.9003,15.4564,17.9266,1.0722,2.7614,4.0507,22.091,0.9757,0.9768,0.9775,75.5284,89.7589,98.9756
2021-08-06,4209102,202131,13.2246,15.138,18.2759,0.0054,0.7181,4.0605,5.7449,0.9744,0.9765,0.978,79.2848,93.0806,99.4117
2021-08-07,4209102,202131,15.3411,16.6295,19.2197,0.3294,1.649,3.0366,13.1917,0.9707,0.973,0.9751,82.1892,95.1316,99.2169
2021-08-08,4209102,202132,15.3538,17.3342,21.2819,0.0164,0.5648,3.0544,4.5182,0.9681,0.9705,0.9723,69.129,89.5404,99.3058
2021-08-09,4209102,202132,12.4,17.53,25.0511,0.0,0.0484,0.3798,0.3868,0.9653,0.968,0.9695,56.1843,84.4476,98.4132
2021-08-10,4209102,202132,14.9117,19.1957,26.6965,0.0,0.0104,0.0706,0.0832,0.9632,0.9649,0.9662,48.0232,74.7951,91.4785
2021-08-11,4209102,202132,12.2092,13.4246,15.5514,0.3366,2.1441,3.618,17.1525,0.9675,0.9698,0.9718,78.6268,88.0601,94.486
2021-08-12,4209102,202132,9.7964,10.6474,11.3421,0.503,2.2613,3.9486,18.0904,0.9725,0.9733,0.9745,77.6992,85.1182,89.5448
2021-08-13,4209102,202132,10.0835,11.0717,12.3446,6.0762,19.3435,31.4193,154.748,0.9724,0.9735,0.975,91.602,94.598,97.1777
2021-08-14,4209102,202132,12.4454,14.1432,17.2061,1.989,7.9654,33.7638,63.7236,0.9693,0.9713,0.9728,80.0173,92.4034,98.4054
2021-08-15,4209102,202133,13.9269,15.9628,19.0081,0.01,1.0991,5.53,8.7931,0.9652,0.9677,0.9698,76.2358,91.6548,99.0843
2021-08-16,4209102,202133,15.2767,16.9374,20.3814,0.0702,1.6191,3.1426,12.9527,0.964,0.9655,0.9666,78.001,93.4855,99.3625
2021-08-17,4209102,202133,14.5688,17.9931,23.9487,0.0005,0.5999,3.1427,4.7991,0.9653,0.9659,0.9674,70.446,89.4095,99.4579
2021-08-18,4209102,202133,15.2444,19.3949,26.8451,0.0001,0.0901,0.3233,0.7208,0.9651,0.9669,0.9681,64.7525,87.4481,98.3141
2021-08-19,4209102,202133,16.3989,20.7153,27.2584,0.0084,0.0317,0.1491,0.254,0.9613,0.9652,0.9681,60.8816,84.7812,99.3025
2021-08-20,4209102,202133,16.8327,22.1387,29.5007,0.0092,0.0438,0.0593,0.3506,0.96,0.9622,0.9637,47.3007,73.6701,91.1912
2021-08-21,4209102,202133,16.2633,19.9861,25.0027,0.1471,0.2049,0.2487,1.6393,0.9643,0.9664,0.9684,61.3751,79.2782,96.6581
2021-08-22,4209102,202134,14.3808,18.954,25.3225,0.0,0.0498,0.2074,0.3984,0.9601,0.9631,0.9651,60.1165,85.0699,99.2489
2021-08-23,4209102,202134,15.7026,19.8325,26.1498,0.0004,0.0103,0.0434,0.0825,0.9586,0.96,0.9609,54.3384,78.4187,93.1045
2021-08-24,4209102,202134,15.3795,19.4495,26.5236,0.0287,0.0973,0.1241,0.7785,0.9568,0.9599,0.9616,59.771,85.4366,97.5633
2021-08-25,4209102,202134,16.9131,21.8553,29.4141,0.0946,0.1167,0.1297,0.9333,0.9539,0.9571,0.9598,52.6147,78.3162,91.7183
2021-08-26,4209102,202134,18.2445,21.1412,25.299,0.0163,0.5689,2.7415,4.5513,0.9553,0.958,0.9622,52.7784,76.3142,89.9271
2021-08-27,4209102,202134,13.9227,14.9596,16.2479,0.7679,1.6364,3.2513,13.0915,0.9648,0.9685,0.971,80.2914,85.3884,94.7295
2021-08-28,4209102,202134,14.3876,14.8553,15.9125,0.2096,4.1362,9.4673,33.0894,0.9716,0.9727,0.9742,88.2512,92.5654,95.7619
2021-08-29,4209102,202135,14.7135,15.2904,16.5629,0.9989,5.0528,10.3948,40.4227,0.973,0.9739,0.9753,81.8313,92.958,96.85
2021-08-30,4209102,202135,13.4392,15.1106,17.1433,0.0674,1.309,6.455,10.4722,0.9717,0.9729,0.974,89.0268,93.389,97.3977
2021-08-31,4209102,202135,14.7651,16.7321,19.803,0.2602,1.0021,2.3045,8.0166,0.9718,0.9729,0.9742,76.2832,90.6948,98.5763
2021-09-01,4209102,202135,15.9627,18.0951,21.8336,0.1381,0.8161,1.8383,6.529,0.9685,0.9712,0.9727,66.3259,86.6779,98.3064
2021-09-02,4209102,202135,15.4785,18.5715,24.702,0.0013,0.1402,1.0177,1.1218,0.9645,0.9676,0.9697,57.0933,85.0572,98.656
2021-09-03,4209102,202135,14.9222,20.3813,27.5764,0.0,0.0109,0.0234,0.087,0.9605,0.9632,0.9653,53.5743,79.4635,97.5417
2021-09-04,4209102,202135,15.5644,17.2378,19.4999,0.3188,0.5251,1.2026,4.2007,0.9635,0.9646,0.9661,79.4358,89.8853,95.1545
2021-09-05,4209102,202136,15.5643,19.1783,25.2081,2.4611,5.9516,7.5489,47.6127,0.9593,0.9625,0.9654,63.3168,85.9533,98.4018
2021-09-06,4209102,202136,16.206,17.5927,19.0653,0.2593,1.8364,7.557,14.6908,0.9639,0.9662,0.9682,77.0236,88.2572,98.1191
2021-09-07,4209102,202136,16.1362,17.6824,20.4323,0.3863,3.2682,7.2749,26.1457,0.9643,0.9665,0.9681,74.7922,90.3188,98.2044
2021-09-08,4209102,202136,17.0255,19.1296,22.8039,0.7631,3.0457,7.8165,24.3654,0.958,0.9618,0.9656,76.0708,90.5074,97.4722
2021-09-09,4209102,202136,17.26,20.4442,23.8439,5.1049,6.3858,7.4667,51.0865,0.9591,0.9603,0.9617,67.0432,85.9785,99.165
2021-09-10,4209102,202136,12.6181,18.4018,24.3536,0.0,0.9334,7.4675,7.4676,0.9611,0.9632,0.9651,41.926,66.408,79.6036
2021-09-11,4209102,202136,12.9264,16.6174,21.6765,0.0,0.0036,0.0071,0.0288,0.9656,0.9666,0.9687,61.2459,84.1395,98.0597
2021-09-12,4209102,202137,14.3865,18.0188,24.2397,0.0071,0.0324,0.0448,0.259,0.965,0.9672,0.9688,68.3691,87.8148,99.2567
2021-09-13,4209102,202137,17.4816,20.4173,24.9898,0.0048,0.0877,0.1406,0.7013,0.9575,0.9627,0.9663,72.7891,89.2918,98.5669
2021-09-14,4209102,202137,19.6605,22.1008,25.7713,0.0006,0.475,1.9976,3.8004,0.9567,0.9585,0.9601,67.7118,81.6533,94.4429
2021-09-15,4209102,202137,15.1817,17.8719,21.1011,0.0596,3.6333,7.6024,29.0663,0.9618,0.9663,0.9706,84.025,90.6242,97.593
2021-09-16,4209102,202137,13.2669,14.0594,15.3122,0.2608,5.5941,14.3026,44.7525,0.9726,0.9739,0.975,84.5501,89.9693,96.4423
2021-09-17,4209102,202137,13.6172,15.2967,17.6199,0.8776,9.2027,16.5087,73.6216,0.9683,0.9716,0.9749,86.2422,94.0891,97.3892
2021-09-18,4209102,202137,15.7314,18.4848,22.452,0.1221,2.2747,16.7474,18.1977,0.9627,0.9655,0.9693,72.6738,89.2829,98.4582
2021-09-19,4209102,202138,17.4162,19.7644,23.1624,0.1269,0.2751,0.4945,2.2011,0.9629,0.9642,0.9657,78.5398,92.0896,99.5206
2021-09-20,4209102,202138,18.5314,21.4581,27.4867,0.0653,0.2578,0.5407,2.0621,0.9598,0.9633,0.9657,66.2387,87.8816,98.5751
2021-09-21,4209102,202138,17.458,20.5943,23.5451,0.0113,1.5395,6.719,12.3162,0.9592,0.9617,0.966,81.5121,89.2234,95.6271
2021-09-22,4209102,202138,10.8345,14.5811,16.8363,0.6401,1.9223,8.6058,15.3782,0.9688,0.9701,0.9714,70.2812,78.6646,90.1368
2021-09-23,4209102,202138,12.7908,15.1543,18.1808,0.0801,0.2879,1.349,2.3031,0.9687,0.9703,0.9719,62.7234,76.3524,87.9046
2021-09-24,4209102,202138,11.6952,15.5455,20.0624,0.2193,0.8871,1.6906,7.097,0.9668,0.9683,0.9695,68.9288,83.1966,94.1499
2021-09-25,4209102,202138,14.7512,17.8489,21.8155,0.0074,0.2513,1.7765,2.0108,0.9649,0.9671,0.9686,65.1651,85.3733,98.049
2021-09-26,4209102,202139,15.2584,19.021,24.1839,0.0143,0.054,0.0911,0.4319,0.9651,0.9662,0.9675,63.4652,85.9291,99.3419
2021-09-27,4209102,202139,15.5134,19.6797,24.9211,0.001,0.0334,0.0911,0.2673,0.9656,0.9676,0.9694,67.0421,86.2086,99.2996
2021-09-28,4209102,202139,17.2728,20.8223,25.9426,0.0005,0.0698,0.107,0.5586,0.9612,0.9647,0.9667,64.2779,85.6397,98.738
2021-09-29,4209102,202139,17.4906,19.4447,21.7534,0.2395,11.9519,15.1556,95.6153,0.9626,0.9637,0.9648,79.9964,90.55,98.3696
2021-09-30,4209102,202139,15.9683,17.5145,19.4446,1.3349,5.1295,16.2843,41.0364,0.9632,0.9656,0.9671,77.7571,88.572,94.6126
2021-10-01,4209102,202139,16.5443,18.5361,22.4744,0.0721,7.5107,14.8292,60.0854,0.957,0.9608,0.964,79.6523,91.257,97.371
2021-10-02,4209102,202139,17.2254,18.4324,19.7424,0.0001,3.4411,14.8292,27.5291,0.9599,0.9609,0.963,84.9988,91.8139,97.1178
2021-10-03,4209102,202140,17.7095,19.1937,21.3188,3.1715,10.8461,20.2088,86.7685,0.9563,0.9586,0.9612,87.5351,94.9497,99.1551
2021-10-04,4209102,202140,16.219,17.4404,18.3536,0.0012,12.0649,20.3046,96.5189,0.9588,0.9612,0.9638,87.0127,92.8676,97.489
2021-10-05,4209102,202140,14.0387,15.3305,17.0664,0.537,4.0867,19.9427,32.694,0.9658,0.967,0.9688,78.6781,87.1869,93.8232
2021-10-06,4209102,202140,15.2089,17.8257,22.0011,0.0234,1.5808,6.238,12.6461,0.9621,0.9655,0.9678,70.0967,86.0263,94.6125
2021-10-07,4209102,202140,14.639,16.0539,17.8956,0.0109,4.7063,8.7458,37.6505,0.962,0.9644,0.9668,81.5109,89.9789,98.9087
2021-10-08,4209102,202140,13.326,15.2337,17.623,0.2321,1.4956,9.0955,11.9652,0.9644,0.9665,0.9684,75.559,84.6033,90.7249
2021-10-09,4209102,202140,15.3451,16.222,17.9085,2.7912,7.1855,12.3778,57.4843,0.9654,0.9663,0.9672,83.9429,93.414,98.2309
2021-10-10,4209102,202141,15.0446,16.479,18.546,0.183,2.5062,12.8081,20.0493,0.9656,0.9665,0.9676,77.6424,90.6426,97.1544
2021-10-11,4209102,202141,15.8837,16.6065,17.4885,1.9706,6.4872,13.0099,51.8979,0.9657,0.9673,0.9683,87.5882,93.8407,97.4081
2021-10-12,4209102,202141,16.8536,18.3391,20.8451,2.0336,5.4769,15.8736,43.815,0.9629,0.9646,0.9661,78.1981,91.5104,98.2628
2021-10-13,4209102,202141,16.9203,19.3399,22.7696,0.089,1.1757,5.8301,9.4053,0.9608,0.9627,0.9643,71.2565,88.1845,99.0077
2021-10-14,4209102,202141,17.6517,20.9752,26.8431,0.1231,0.2875,1.1666,2.3004,0.9556,0.9589,0.9614,63.5111,85.7,98.5399
2021-10-15,4209102,202141,17.8497,20.5268,24.0239,0.001,4.1229,23.3525,32.9829,0.9578,0.9589,0.9602,74.3312,89.5621,97.2888
2021-10-16,4209102,202141,17.5132,19.2499,22.4411,2.8497,8.1648,38.3263,65.3187,0.9605,0.9628,0.9655,76.4062,89.3936,98.6988
2021-10-17,4209102,202142,15.4137,15.9904,16.8057,0.6782,5.0192,10.7469,40.1539,0.9663,0.9675,0.9691,83.5146,91.4468,95.3787
2021-10-18,4209102,202142,14.4976,15.0504,15.598,5.1474,10.634,14.9596,85.0721,0.966,0.9674,0.9686,89.4896,94.5886,97.8483
2021-10-19,4209102,202142,14.586,15.2604,16.0649,1.0589,5.0125,16.3616,40.1002,0.9675,0.9693,0.971,78.4491,89.4414,96.6653
2021-10-20,4209102,202142,11.5269,14.8137,17.8274,0.0313,1.3469,5.3703,10.7752,0.9675,0.9692,0.9711,75.422,83.1214,91.3137
2021-10-21,4209102,202142,13.9109,16.2987,19.7757,0.7074,2.2781,3.8571,18.2245,0.9639,0.9669,0.9688,68.4902,84.336,95.2238
2021-10-22,4209102,202142,12.949,17.8261,23.4819,0.0006,0.4334,3.1508,3.4675,0.96,0.9631,0.965,57.2098,80.0602,96.2234
2021-10-23,4209102,202142,14.1723,18.623,24.1791,0.0003,0.2568,1.8682,2.0548,0.9557,0.9593,0.9613,57.9968,82.254,98.6544
2021-10-24,4209102,202143,17.5852,18.6707,20.3591,4.9634,7.2197,10.1217,57.7579,0.9541,0.9584,0.9647,77.4318,88.2504,97.2291
2021-10-25,4209102,202143,15.3984,18.3483,22.6828,0.0894,1.5047,9.8629,12.0378,0.9663,0.968,0.9701,58.0171,76.7093,89.5539
2021-10-26,4209102,202143,14.8859,19.2173,24.5646,0.0,0.0481,0.3727,0.3851,0.9674,0.9681,0.9694,58.5382,82.2778,97.974
2021-10-27,4209102,202143,14.1322,18.3778,22.8695,0.0,0.191,0.8688,1.5277,0.9683,0.9697,0.971,73.0902,89.9538,99.3624
2021-10-28,4209102,202143,18.275,19.3414,20.2301,1.0896,3.2748,7.4168,26.198,0.97,0.9716,0.9727,91.1709,95.7682,98.9581
2021-10-29,4209102,202143,16.5628,18.7321,22.2714,1.2177,4.1601,8.3828,33.2804,0.9672,0.9695,0.9722,78.0079,90.4366,95.8121
2021-10-30,4209102,202143,17.5779,19.3597,22.1845,0.3628,2.0856,7.24,16.6845,0.9658,0.9671,0.9682,80.5121,90.7159,98.2154
2021-10-31,4209102,202144,17.8531,18.5279,20.5308,0.5103,6.2237,27.6058,49.7894,0.9655,0.9669,0.9684,86.0851,94.6563,98.2742
2021-11-01,4209102,202144,17.5585,18.7184,20.7538,5.4486,17.3807,40.5692,139.0454,0.9632,0.9652,0.9667,85.2656,95.4899,98.9249
2021-11-02,4209102,202144,18.0533,20.2654,23.5279,0.4157,4.6038,21.3231,36.8302,0.9621,0.9638,0.9653,72.4727,88.3965,99.2916
2021-11-03,4209102,202144,17.7794,20.892,25.3076,0.0886,0.7692,4.141,6.1535,0.9589,0.9618,0.9636,60.3872,84.5701,99.4112
2021-11-04,4209102,202144,18.4822,21.2453,25.2068,0.045,1.2967,4.922,10.3734,0.959,0.96,0.9612,67.6575,85.177,97.1935
2021-11-05,4209102,202144,19.2776,21.2906,24.4039,0.053,1.2154,4.9297,9.7229,0.9603,0.9609,0.9621,72.5599,87.9511,98.3168
2021-11-06,4209102,202144,18.9988,20.7969,23.5022,0.0554,0.6164,1.463,4.9315,0.9599,0.9617,0.9627,74.6055,88.5762,97.4143
2021-11-07,4209102,202145,18.1174,18.8299,20.0505,0.318,1.5632,3.1143,12.5057,0.9622,0.9633,0.9644,83.2927,90.8183,95.7798
2021-11-08,4209102,202145,16.7514,18.5262,21.1292,0.3477,1.492,3.3963,11.9357,0.9625,0.9636,0.9649,74.9949,86.7053,94.0177
2021-11-09,4209102,202145,17.1962,18.8793,21.6398,0.5589,2.4937,5.0976,19.9493,0.9635,0.9644,0.9657,74.6797,88.412,96.7357
2021-11-10,4209102,202145,15.949,17.4,18.8832,3.0954,6.9783,9.1401,55.8267,0.9649,0.966,0.9674,75.3807,87.2607,94.5741
2021-11-11,4209102,202145,16.1384,16.9381,17.9461,1.504,7.528,11.3693,60.2238,0.9675,0.9685,0.97,81.3069,89.7311,95.8298
2021-11-12,4209102,202145,15.2436,16.1275,17.5761,0.0847,3.9986,11.6141,31.9891,0.9681,0.9693,0.97,80.0373,88.763,94.8678
2021-11-13,4209102,202145,14.3162,16.1007,18.3399,0.3546,2.2951,6.9771,18.3611,0.9663,0.9682,0.9702,71.1133,84.7408,96.2737
2021-11-14,4209102,202146,13.5908,17.3678,21.5526,0.009,0.5676,3.1509,4.541,0.9645,0.9662,0.9672,67.9857,78.5956,92.1634
2021-11-15,4209102,202146,15.8185,19.2248,23.7231,0.0126,0.1334,0.756,1.0673,0.9643,0.9653,0.9669,59.3196,80.6504,95.6041
2021-11-16,4209102,202146,16.4493,20.2393,25.0423,0.0046,0.0402,0.0807,0.322,0.9618,0.965,0.9666,62.2719,82.7846,97.3291
2021-11-17,4209102,202146,18.1524,21.2379,26.0698,0.0029,0.0825,0.1864,0.6598,0.9588,0.9614,0.9633,62.6744,84.8211,98.2139
2021-11-18,4209102,202146,18.85,19.4903,20.3683,0.042,10.0593,23.833,80.4744,0.9581,0.9598,0.9611,91.7205,94.8333,97.2459
2021-11-19,4209102,202146,18.2343,19.3213,20.971,3.63,9.2384,26.4807,73.9071,0.9583,0.9607,0.9626,82.5353,91.8079,98.3018
2021-11-20,4209102,202146,16.6313,17.9109,19.5748,0.9285,3.6706,11.3789,29.3647,0.9643,0.9655,0.9666,78.9366,87.2458,94.8474
2021-11-21,4209102,202147,16.3683,19.4986,24.5399,0.0108,0.5387,3.9525,4.3093,0.9627,0.9652,0.9666,58.5607,77.6175,92.3605
2021-11-22,4209102,202147,14.7674,19.7367,25.8404,0.0003,0.0111,0.0656,0.089,0.9595,0.9624,0.9639,57.3628,79.8444,97.5034
2021-11-23,4209102,202147,16.2848,22.5705,31.2954,0.0,0.4993,2.2353,3.994,0.9606,0.9609,0.9614,45.902,77.3531,98.3647
2021-11-24,4209102,202147,17.1332,19.1367,21.0752,0.5097,1.1343,2.4294,9.0744,0.9638,0.9657,0.9676,72.9609,83.0517,89.7879
2021-11-25,4209102,202147,16.879,20.6661,26.0928,0.0007,0.1631,1.153,1.3045,0.9581,0.9629,0.9649,64.1393,81.165,94.3467
2021-11-26,4209102,202147,20.0248,23.7159,30.0522,0.0382,2.8076,4.5877,22.4611,0.9494,0.9542,0.9595,45.7281,78.9791,94.7002
2021-11-27,4209102,202147,18.8376,22.9118,26.2138,0.0035,0.85,4.7163,6.8002,0.9525,0.9535,0.9544,58.2073,72.8463,86.0437
2021-11-28,4209102,202148,20.0616,22.7354,26.6346,0.0224,0.6632,1.2792,5.3053,0.9549,0.956,0.9577,65.0521,85.5363,97.9096
2021-11-29,4209102,202148,20.7031,24.1693,29.3351,0.1494,0.9693,2.7476,7.7541,0.9504,0.9535,0.9565,61.0002,82.3026,96.8188
2021-11-30,4209102,202148,18.1876,24.0281,29.5267,0.0045,0.3489,2.7592,2.7913,0.9528,0.9543,0.9561,39.5069,64.2047,83.0189
2021-12-01,4209102,202148,19.2849,21.6816,24.8179,0.0155,0.8796,2.4242,7.0369,0.9579,0.9591,0.9603,68.0858,81.9441,94.2503
2021-12-02,4209102,202148,18.4799,19.1087,19.7733,1.2555,5.896,9.3144,47.1684,0.9617,0.9624,0.9637,82.7362,89.4009,95.3067
2021-12-03,4209102,202148,17.1466,18.4369,20.294,0.7108,3.3891,9.9465,27.1125,0.9621,0.9636,0.9649,80.3194,87.3757,93.3542
2021-12-04,4209102,202148,17.4175,20.0166,23.4799,0.0516,1.1771,5.4564,9.4166,0.9644,0.9654,0.967,66.3838,83.311,95.2011
2021-12-05,4209102,202149,18.5656,21.4564,25.217,0.1652,0.5112,1.4719,4.0896,0.9625,0.9651,0.9664,63.7456,82.0819,96.0566
2021-12-06,4209102,202149,18.5521,19.9993,21.4187,3.8051,6.1615,10.5821,49.2919,0.9628,0.9641,0.9651,81.1454,90.3281,98.2305
2021-12-07,4209102,202149,17.0714,18.5707,21.1394,4.7743,14.6688,21.1336,117.3505,0.9651,0.9667,0.968,71.5752,87.0273,96.1278
2021-12-08,4209102,202149,15.056,17.7916,20.5047,0.3729,3.4429,21.1697,27.5429,0.9659,0.9669,0.9679,59.3906,75.4328,92.3313
2021-12-09,4209102,202149,14.9344,18.2956,21.753,0.0373,0.4071,1.1299,3.2568,0.9638,0.9652,0.9665,62.8572,77.2081,91.3779
2021-12-10,4209102,202149,16.555,19.5892,23.4816,0.2444,0.9342,1.6127,7.4733,0.9588,0.9622,0.9642,62.4697,81.3367,94.9615
2021-12-11,4209102,202149,17.8113,22.0058,27.7621,0.0466,0.2553,1.2005,2.0422,0.9543,0.9576,0.9597,51.5767,78.1305,94.0482
2021-12-12,4209102,202150,20.6003,23.0695,26.3408,0.0031,0.57,1.5404,4.56,0.9556,0.9567,0.9583,71.2855,86.8469,98.1906
2021-12-13,4209102,202150,20.3641,23.6244,27.7848,0.0057,0.2937,1.5413,2.3494,0.9583,0.9592,0.9603,65.8211,84.5856,98.7643
2021-12-14,4209102,202150,21.0898,22.8393,25.3584,0.0668,2.2411,7.5867,17.9285,0.9586,0.96,0.961,78.7907,90.3254,98.9594
2021-12-15,4209102,202150,21.702,23.2356,25.0571,0.6014,4.3492,8.75,34.7932,0.9571,0.9588,0.9599,85.7077,92.45,98.7573
2021-12-16,4209102,202150,21.1785,24.2111,28.0704,0.307,1.866,9.0445,14.928,0.9578,0.9583,0.9589,69.8814,87.5741,98.9594
2021-12-17,4209102,202150,21.573,22.7142,24.4492,0.8617,2.8135,5.0594,22.5079,0.9605,0.9619,0.9631,77.742,88.6801,96.5518
2021-12-18,4209102,202150,19.5862,20.7807,22.7548,1.2678,5.6799,11.1713,45.4396,0.9638,0.9652,0.9664,81.1446,89.9361,96.906
2021-12-19,4209102,202151,18.2449,20.0103,22.37,1.6393,3.9958,12.2756,31.9663,0.9642,0.966,0.9675,61.6526,79.5207,93.2954
2021-12-20,4209102,202151,14.9443,20.5392,26.5044,0.0008,0.4277,3.4078,3.4219,0.9592,0.9632,0.965,54.9174,75.0916,95.508
2021-12-21,4209102,202151,19.2169,22.8176,28.5586,0.0003,0.0298,0.1323,0.2382,0.9564,0.959,0.9606,58.1232,80.2341,96.3615
2021-12-22,4209102,202151,20.5879,23.0504,27.6915,0.1066,4.2906,20.0982,34.3248,0.9562,0.9569,0.9579,69.5848,85.4167,94.7932
2021-12-23,4209102,202151,18.008,21.4742,24.7947,1.6039,5.9651,33.8911,47.721,0.9592,0.9604,0.9618,53.365,76.4462,94.8362
2021-12-24,4209102,202151,16.9471,19.5148,22.2999,0.0887,1.3956,2.4198,11.1645,0.9612,0.9619,0.9626,68.556,79.6043,90.7619
2021-12-25,4209102,202151,15.7202,20.6178,26.3283,0.0056,0.3212,2.4744,2.5698,0.9589,0.9613,0.9626,53.4008,76.7273,98.0266
2021-12-26,4209102,202152,17.4013,21.7852,27.2698,0.0,0.684,3.5372,5.4722,0.9572,0.9593,0.9607,61.2164,79.6766,95.6079
2021-12-27,4209102,202152,18.8499,22.2449,26.5996,0.9977,3.642,15.5514,29.1358,0.9579,0.959,0.9598,66.3514,85.7781,98.9025
2021-12-28,4209102,202152,17.908,22.6553,27.6374,0.6452,3.2444,8.12,25.9549,0.9599,0.9607,0.9615,65.7068,85.2074,98.6925
2021-12-29,4209102,202152,19.0999,22.306,26.077,0.4466,2.1403,8.3928,17.1224,0.9626,0.9641,0.9653,65.949,84.937,98.7344
2021-12-30,4209102,202152,19.8594,21.2378,23.7914,1.7875,3.4061,6.6675,27.2485,0.9602,0.9625,0.964,84.3235,91.5087,97.3167
2021-12-31,4209102,202152,19.2702,20.726,22.7153,0.6911,4.0051,7.2684,32.0405,0.9557,0.9586,0.961,85.2966,91.8319,97.1231
2022-01-01,4209102,202152,18.3753,22.6899,27.6576,0.0069,1.0445,7.0186,8.3556,0.956,0.9569,0.9583,62.1813,82.4982,95.4871
2022-01-02,4209102,202201,20.3783,24.5533,29.5164,0.0062,0.205,0.5931,1.6397,0.957,0.9588,0.9604,60.9711,82.8425,98.2157
2022-01-03,4209102,202201,22.4609,25.4456,29.6757,0.0096,0.167,0.5933,1.3363,0.9568,0.9589,0.9607,60.3343,82.5401,98.6611
2022-01-04,4209102,202201,21.3965,23.5512,25.9535,0.0858,4.4128,17.0813,35.3027,0.9537,0.9565,0.959,84.201,92.1049,99.2053
2022-01-05,4209102,202201,21.213,24.4467,30.1453,0.4896,6.5426,25.2943,52.3411,0.9524,0.9535,0.9543,57.7125,85.2992,98.5802
2022-01-06,4209102,202201,20.3971,21.4798,22.4208,5.4876,14.242,54.8026,113.9356,0.9561,0.9586,0.9611,85.2384,90.0917,95.794
2022-01-07,4209102,202201,17.2021,19.6905,22.1454,0.1394,2.421,15.0204,19.3684,0.9614,0.9629,0.9641,65.4805,77.75,89.2894
2022-01-08,4209102,202201,17.1271,19.2755,21.6627,0.087,1.192,2.9993,9.5363,0.9629,0.9642,0.965,70.8581,81.0358,91.6017
2022-01-09,4209102,202202,17.0323,19.3973,22.4464,0.3711,1.5602,3.2775,12.4817,0.9632,0.9651,0.9666,64.9101,81.3518,93.9628
2022-01-10,4209102,202202,18.6676,19.6502,22.1494,2.7052,13.6138,26.3252,108.9107,0.96,0.9621,0.9636,88.4116,95.1921,98.2832
2022-01-11,4209102,202202,19.3253,20.9679,23.4101,1.5827,9.2325,27.435,73.86,0.9587,0.9601,0.9611,87.5909,92.7949,97.2415
2022-01-12,4209102,202202,19.2758,22.4213,26.4287,0.0517,1.7691,12.7915,14.1526,0.9604,0.9615,0.9629,62.2656,84.2641,98.7475
2022-01-13,4209102,202202,19.9279,22.0667,24.3929,0.1038,0.6438,2.3499,5.1507,0.9633,0.9649,0.9664,73.0022,88.4031,98.6922
2022-01-14,4209102,202202,19.7101,22.9963,27.7618,0.002,0.6009,2.6915,4.8075,0.966,0.9671,0.9691,70.1112,87.1602,98.4397
2022-01-15,4209102,202202,21.3844,24.5302,28.5376,0.2332,3.1134,9.2556,24.9068,0.9635,0.9658,0.9674,70.9054,88.0492,98.2621
2022-01-16,4209102,202203,20.8554,25.5475,29.9964,0.4043,2.7106,13.0287,21.685,0.9592,0.9619,0.9643,64.3625,82.8345,96.4895
2022-01-17,4209102,202203,22.0578,26.0427,30.4451,0.9235,3.0216,6.3003,24.1731,0.9586,0.9603,0.9614,63.6805,83.3242,97.1091
2022-01-18,4209102,202203,22.0945,26.0673,30.4127,0.7064,2.3467,8.4048,18.7736,0.9605,0.9622,0.9637,66.9957,84.4467,99.5529
2022-01-19,4209102,202203,21.6081,25.2616,28.8022,0.2757,1.4766,5.7203,11.8125,0.9637,0.965,0.9662,70.1653,86.8179,99.3787
2022-01-20,4209102,202203,22.7125,25.7457,29.6557,0.1782,0.8007,3.012,6.4055,0.9616,0.9642,0.9653,61.9308,84.2522,99.2306
2022-01-21,4209102,202203,22.9188,25.4155,28.7528,0.0326,0.7978,2.0099,6.3826,0.9613,0.9631,0.9644,65.3966,84.7848,98.7077
2022-01-22,4209102,202203,21.6573,24.8566,29.5111,0.0465,0.3407,2.0425,2.7259,0.9602,0.9627,0.9642,60.8234,82.3815,98.566
2022-01-23,4209102,202204,21.0532,24.9337,29.8388,0.0032,0.0302,0.1278,0.2412,0.9597,0.9621,0.9634,59.3024,80.0425,97.1291
2022-01-24,4209102,202204,21.8743,25.0299,29.0174,0.0232,0.1247,0.1717,0.9979,0.9598,0.9616,0.9627,62.8695,82.123,98.2184
2022-01-25,4209102,202204,21.7723,24.8678,29.2622,0.1434,0.3374,0.6867,2.6994,0.959,0.9612,0.9624,61.0485,82.4634,98.1718
2022-01-26,4209102,202204,22.3909,26.0166,31.1281,0.0829,0.2533,0.781,2.0261,0.9547,0.9589,0.9611,57.0087,80.8853,98.0028
2022-01-27,4209102,202204,22.8552,24.7554,27.2961,0.2611,9.3854,37.07,75.0828,0.9553,0.9567,0.958,75.5236,89.3848,94.9738
2022-01-28,4209102,202204,17.6321,19.2369,20.947,11.8421,28.1986,50.683,225.5884,0.9598,0.9607,0.9614,91.8979,93.9578,95.4571
2022-01-29,4209102,202204,17.3803,18.1681,19.246,2.5816,9.798,39.7315,78.3843,0.9594,0.9606,0.9616,85.3099,91.6421,95.9902
2022-01-30,4209102,202205,18.3982,19.7883,21.7224,0.9916,5.2351,9.2207,41.8808,0.9601,0.9609,0.9618,80.6718,89.8712,95.6367
2022-01-31,4209102,202205,19.2194,22.023,26.8826,0.1543,1.9936,9.0677,15.9486,0.9562,0.9587,0.9608,69.1976,82.9081,90.6534
2022-02-01,4209102,202205,19.5955,23.1188,27.3305,0.0362,0.9346,2.8938,7.4766,0.9585,0.9601,0.9617,68.6841,86.0886,98.1068
2022-02-02,4209102,202205,20.4291,23.5192,27.3727,0.4028,1.1842,3.9142,9.4735,0.9619,0.9633,0.9648,63.8518,82.8792,97.1089
2022-02-03,4209102,202205,20.79,23.6698,27.3144,0.04,0.6323,1.5333,5.0581,0.9602,0.963,0.9644,64.3579,84.5164,98.9761
2022-02-04,4209102,202205,21.7532,23.8803,27.6186,0.0231,4.0876,18.2458,32.7008,0.9571,0.96,0.9624,70.5663,87.6965,96.7419
2022-02-05,4209102,202205,22.175,25.3076,29.8073,0.115,3.4581,20.7782,27.6646,0.9542,0.9563,0.9574,59.1851,82.0685,96.5658
2022-02-06,4209102,202206,22.1518,25.1874,28.8238,0.0071,0.6708,4.1058,5.3665,0.9561,0.9576,0.9592,58.3709,80.1946,93.7525
2022-02-07,4209102,202206,20.5515,22.577,25.7657,1.8734,6.3971,9.2736,51.177,0.9606,0.9616,0.9631,65.1879,83.9828,95.0846
2022-02-08,4209102,202206,19.1566,20.8768,22.4269,2.5879,7.9322,9.8994,63.4575,0.9615,0.9624,0.9633,75.8137,84.9059,93.5689
2022-02-09,4209102,202206,18.2339,21.0797,23.7552,0.0714,1.943,9.8099,15.5439,0.9613,0.9629,0.9638,67.0872,80.9614,92.6628
2022-02-10,4209102,202206,18.3775,21.3653,24.2944,0.7825,1.8964,3.2041,15.1709,0.9613,0.9624,0.9634,68.187,85.3664,97.6362
2022-02-11,4209102,202206,18.7881,22.1305,25.6856,0.0459,0.624,2.9689,4.992,0.9617,0.9627,0.9638,64.3281,82.6395,97.9054
2022-02-12,4209102,202206,18.9367,22.2759,25.4183,0.0777,0.3143,0.7822,2.5145,0.9615,0.963,0.9642,64.6451,82.3776,97.9046
2022-02-13,4209102,202207,18.1564,22.5711,27.9176,0.0032,0.082,0.5186,0.6559,0.9571,0.9608,0.963,57.5739,79.839,98.5439
2022-02-14,4209102,202207,20.639,23.3212,26.8032,0.0581,2.4809,10.2943,19.8471,0.9584,0.9593,0.9603,73.5454,86.5874,96.1121
2022-02-15,4209102,202207,19.932,22.4652,25.9131,21.5083,40.7375,45.524,325.9001,0.9612,0.963,0.965,62.843,79.8427,95.5219
2022-02-16,4209102,202207,17.7865,22.2433,27.1497,0.0011,5.6983,45.5242,45.5862,0.9621,0.9643,0.9656,58.6927,77.0478,93.6549
2022-02-17,4209102,202207,19.0969,22.0438,25.6061,0.0102,1.8194,5.9648,14.5556,0.9595,0.962,0.9642,67.8431,83.9624,96.0723
2022-02-18,4209102,202207,16.8211,20.7785,24.3661,0.1373,1.9204,7.6739,15.3633,0.959,0.9604,0.9619,67.1,84.8685,97.3895
2022-02-19,4209102,202207,17.1489,21.0505,25.4677,0.0925,1.0518,4.8619,8.4144,0.9579,0.9596,0.9609,62.3623,81.9685,96.5753
2022-02-20,4209102,202208,18.8163,23.7272,28.8869,0.0013,0.4913,1.6804,3.9305,0.9589,0.9606,0.9619,62.9795,80.776,95.1419
2022-02-21,4209102,202208,21.0735,24.8743,29.532,0.0001,1.8516,10.0104,14.8126,0.9611,0.9621,0.9633,65.0252,85.0085,98.6179
2022-02-22,4209102,202208,21.153,24.7759,29.2246,2.8657,6.7429,18.4956,53.9431,0.9608,0.9631,0.9643,68.6038,86.7341,97.8794
2022-02-23,4209102,202208,21.7603,23.8264,26.7888,2.7145,5.7091,14.4124,45.6728,0.9614,0.9625,0.9636,75.6367,88.7376,96.9151
2022-02-24,4209102,202208,21.5297,23.0041,25.2354,1.2407,3.6802,10.8815,29.4416,0.9625,0.9636,0.9649,78.2361,88.1593,95.0464
2022-02-25,4209102,202208,22.4375,24.6149,28.1161,0.1839,1.1504,3.8977,9.2032,0.9642,0.9654,0.9668,69.1739,84.8799,96.507
2022-02-26,4209102,202208,22.8745,24.8575,27.8183,0.2129,1.7971,5.2753,14.3766,0.9639,0.9652,0.9665,78.5961,89.2592,97.7189
2022-02-27,4209102,202209,20.9684,24.5804,28.6931,0.1094,0.9103,5.4756,7.2824,0.9602,0.9636,0.9657,63.4838,83.4612,98.6101
2022-02-28,4209102,202209,22.4465,25.6062,29.9355,0.0135,0.2664,0.8253,2.1308,0.9579,0.9607,0.9623,63.9741,82.468,95.7165
2022-03-01,4209102,202209,23.1068,24.6636,26.7779,0.1805,5.6498,18.8847,45.1982,0.9589,0.9603,0.9615,84.5108,91.974,97.6985
2022-03-02,4209102,202209,22.673,23.7883,25.2639,1.1345,9.2852,19.8396,74.2818,0.96,0.9612,0.9624,83.7319,92.3263,97.6493
2022-03-03,4209102,202209,21.3109,23.1514,26.6116,0.0646,5.8528,17.7851,46.8226,0.9605,0.9617,0.963,73.5454,91.3684,96.5784
2022-03-04,4209102,202209,21.0946,23.4081,26.3156,4.2914,13.302,19.7693,106.4163,0.9618,0.9629,0.9644,76.3626,89.5451,98.6855
2022-03-05,4209102,202209,21.6759,24.5876,28.1987,0.473,4.4791,18.6035,35.8326,0.9591,0.9619,0.9636,71.2197,86.812,98.0334
2022-03-06,4209102,202210,22.3003,25.9758,30.6253,0.0001,1.6664,6.9632,13.3312,0.9579,0.9603,0.962,64.1306,84.4446,98.2892
2022-03-07,4209102,202210,23.1455,26.1065,30.0382,1.0642,3.984,8.5783,31.8724,0.9585,0.9602,0.9621,67.4444,85.9244,98.4386
2022-03-08,4209102,202210,22.9998,25.0204,26.9074,0.0005,4.0154,10.014,32.1231,0.96,0.9616,0.9629,78.3044,88.9823,95.1684
2022-03-09,4209102,202210,22.1086,24.1384,27.1776,3.0476,6.8016,11.2755,54.4124,0.9619,0.9632,0.9648,69.2973,86.5993,98.4957
2022-03-10,4209102,202210,21.6638,24.5139,28.1578,0.0596,2.457,8.5008,19.6562,0.958,0.9613,0.9634,67.906,85.2135,97.3696
2022-03-11,4209102,202210,22.215,25.0359,29.308,1.1122,5.3062,16.3862,42.4493,0.9564,0.9588,0.9602,66.4106,86.1926,96.591
2022-03-12,4209102,202210,19.0164,20.386,22.7917,5.3994,10.3479,25.5073,82.7836,0.96,0.9626,0.9647,86.8367,91.482,95.2093
2022-03-13,4209102,202211,18.94,19.7269,21.3879,1.0831,6.0836,13.8579,48.6685,0.9625,0.9644,0.9657,89.5113,94.0375,96.4028
2022-03-14,4209102,202211,19.2541,20.6701,22.852,6.1864,12.5123,14.5493,100.098,0.9604,0.9617,0.9632,80.6847,89.9025,95.9209
2022-03-15,4209102,202211,20.3283,21.5987,24.0218,1.7617,4.8154,14.7022,38.5233,0.961,0.9623,0.9638,74.8642,89.7205,97.0188
2022-03-16,4209102,202211,20.1613,21.1247,22.707,2.1333,6.0368,12.1571,48.2948,0.9629,0.9639,0.9648,74.7245,87.916,96.1662
2022-03-17,4209102,202211,17.7003,22.0844,28.1766,0.0002,1.113,8.1943,8.9042,0.9594,0.9616,0.9641,68.51,81.9219,92.0023
2022-03-18,4209102,202211,21.2861,25.3251,30.2532,0.0008,0.7245,3.4693,5.7959,0.9593,0.9613,0.9632,69.1329,85.2758,95.7095
2022-03-19,4209102,202211,21.8016,23.917,26.3594,0.0,3.984,10.4416,31.8719,0.9605,0.9623,0.9641,75.303,89.0709,96.1022
2022-03-20,4209102,202212,18.5928,19.5558,20.6684,0.6568,3.497,12.7948,27.9759,0.9663,0.9677,0.9692,77.9614,87.1883,92.8811
2022-03-21,4209102,202212,16.8043,18.1064,20.0715,1.5112,8.0317,18.7333,64.2538,0.9697,0.9703,0.971,84.0534,92.5311,96.9879
2022-03-22,4209102,202212,17.6251,19.3828,22.1448,3.2763,7.4975,23.0339,59.9796,0.9673,0.9689,0.9702,72.4875,86.5333,95.8567
2022-03-23,4209102,202212,16.3915,20.1088,23.9961,0.0068,0.8696,6.6667,6.9567,0.9619,0.9652,0.9676,71.3225,84.9921,95.0072
2022-03-24,4209102,202212,20.4986,23.7462,29.3621,0.2507,0.8554,2.8897,6.8436,0.9571,0.9601,0.9629,62.4621,84.5799,97.5381
2022-03-25,4209102,202212,20.9667,23.3548,25.9003,0.2893,2.0776,5.5755,16.6209,0.9569,0.9578,0.9586,73.8535,86.2085,95.2969
2022-03-26,4209102,202212,19.3217,23.4647,28.2453,0.0422,0.5469,3.6568,4.375,0.957,0.9583,0.96,55.7437,77.4778,91.9981
2022-03-27,4209102,202213,19.6049,21.9335,24.8314,0.0134,0.4933,1.037,3.9462,0.96,0.9623,0.9644,72.8458,86.6816,98.3068
2022-03-28,4209102,202213,19.7733,21.5461,24.0431,1.0612,3.6224,6.4305,28.9792,0.9651,0.966,0.9678,76.9602,90.3174,96.8695
2022-03-29,4209102,202213,17.9689,21.7125,25.9533,0.1828,1.1261,6.7206,9.0086,0.961,0.9647,0.967,63.4658,83.6865,98.1153
2022-03-30,4209102,202213,19.8874,24.0068,30.5948,0.0085,0.5399,3.6437,4.319,0.9554,0.9592,0.9619,56.6936,81.7891,95.2234
2022-03-31,4209102,202213,14.0225,16.8592,21.5649,7.0104,15.1794,23.7321,121.4355,0.9607,0.9652,0.9688,81.6162,90.0497,94.9785
2022-04-01,4209102,202213,13.5778,14.5151,15.3627,1.2626,8.012,26.5204,64.0964,0.9695,0.9709,0.9722,85.7668,89.9361,95.0971
2022-04-02,4209102,202213,15.388,16.8083,18.9187,0.4689,2.7732,10.2779,22.1858,0.9701,0.9711,0.9722,85.804,92.8578,96.4052
2022-04-03,4209102,202214,17.3741,19.3093,22.3333,0.0207,0.8037,3.3033,6.4297,0.966,0.9682,0.971,82.7347,90.7064,94.8063
2022-04-04,4209102,202214,19.4888,22.1684,26.7124,0.161,0.7477,2.6214,5.9814,0.9613,0.9639,0.9668,70.2735,88.8997,98.2041
2022-04-05,4209102,202214,19.4086,21.4288,23.7116,0.9131,2.0682,4.6982,16.5455,0.9633,0.9646,0.9665,76.1893,90.4167,98.5472
2022-04-06,4209102,202214,19.4129,20.7446,22.8663,0.731,3.3414,7.1614,26.7315,0.9645,0.9656,0.9665,83.9945,91.9931,97.7909
2022-04-07,4209102,202214,19.2475,21.0002,23.2134,0.0519,1.5899,7.2881,12.7194,0.9635,0.9649,0.966,76.0156,89.5169,97.7409
2022-04-08,4209102,202214,19.0644,20.8628,23.351,0.2094,1.7147,7.8205,13.7175,0.9618,0.9636,0.9651,76.2572,89.7898,97.8592
2022-04-09,4209102,202214,18.7244,21.6,25.4145,2.9073,4.519,9.5582,36.1519,0.9605,0.962,0.9636,68.0044,87.287,98.6553
2022-04-10,4209102,202215,19.0647,21.2393,23.9734,0.8842,1.6961,5.117,13.5689,0.962,0.963,0.9642,71.8949,87.2587,97.4952
2022-04-11,4209102,202215,19.1491,20.987,23.6971,0.477,2.1755,7.959,17.4038,0.9605,0.9623,0.9638,75.8379,91.1046,98.6276
2022-04-12,4209102,202215,18.7735,20.833,22.7259,0.0155,3.6941,11.2443,29.553,0.9578,0.9596,0.9609,89.5727,94.3895,98.6276
2022-04-13,4209102,202215,18.6204,21.0847,24.2885,0.0078,1.698,7.8113,13.5837,0.9588,0.9597,0.9611,79.304,91.2834,97.8099
2022-04-14,4209102,202215,17.93,18.9622,20.2111,11.3404,17.9254,24.928,143.4033,0.9612,0.9623,0.9637,84.4534,92.8178,96.4028
2022-04-15,4209102,202215,14.5813,17.4164,21.1605,0.297,3.8681,25.2683,30.9451,0.9643,0.9651,0.9663,46.5642,73.6784,90.1951
2022-04-16,4209102,202215,13.2481,17.2662,21.4841,0.0341,0.1598,0.9342,1.2787,0.9661,0.9672,0.9687,53.8209,74.1142,89.5278
2022-04-17,4209102,202216,13.4202,17.2189,20.4348,0.1892,0.5247,0.8113,4.1975,0.9679,0.9688,0.97,62.1404,78.7133,88.8739
2022-04-18,4209102,202216,14.6346,16.9089,19.0273,0.2175,1.0212,2.1074,8.1696,0.9681,0.9688,0.9696,74.5191,86.0805,96.57
2022-04-19,4209102,202216,12.7968,17.3576,21.8849,0.0001,0.3719,2.11,2.9755,0.9662,0.9675,0.9689,64.0518,83.0645,95.7583
2022-04-20,4209102,202216,14.2361,18.1097,22.3172,0.0,0.0794,0.4304,0.6353,0.9656,0.9671,0.9687,66.0093,85.0308,97.838
2022-04-21,4209102,202216,16.3145,19.32,23.5214,0.0119,0.1191,0.2767,0.9526,0.9597,0.9642,0.9666,64.5644,86.2759,98.8911
2022-04-22,4209102,202216,16.8903,20.2782,24.2436,1.3173,10.5212,14.3493,84.1695,0.9559,0.9588,0.961,68.1959,86.0331,96.7227
2022-04-23,4209102,202216,17.6877,21.2929,26.8606,1.7673,8.2112,17.105,65.6899,0.9546,0.9563,0.9585,59.3445,82.309,95.3451
2022-04-24,4209102,202217,16.7268,19.5509,23.0275,0.3237,3.2067,9.3641,25.654,0.9618,0.9654,0.9682,71.6971,87.2197,96.3845
2022-04-25,4209102,202217,17.9407,20.8131,25.1951,0.0826,0.7185,3.7499,5.7479,0.9647,0.967,0.9683,64.3833,86.1579,98.3771
2022-04-26,4209102,202217,18.2577,21.5139,26.0829,0.0027,0.0877,0.4159,0.7014,0.9624,0.9646,0.9661,69.2666,88.2128,98.7626
2022-04-27,4209102,202217,18.5305,22.4699,27.9581,0.0002,0.0525,0.0772,0.4199,0.9609,0.9625,0.9642,63.0791,87.0897,98.9583
2022-04-28,4209102,202217,19.577,24.0399,29.209,0.0061,0.068,0.1853,0.5439,0.9618,0.9626,0.9635,59.308,80.0613,96.6245
2022-04-29,4209102,202217,17.5231,19.3876,23.1267,0.2932,2.9655,4.9295,23.7239,0.9645,0.9683,0.9712,76.2838,87.8207,97.87
2022-04-30,4209102,202217,16.4256,17.5266,19.2637,0.1426,0.9784,5.0588,7.8276,0.966,0.9693,0.9714,77.1471,83.1756,87.7126
2022-05-01,4209102,202218,17.3534,20.3856,25.7524,0.626,1.2959,3.2117,10.3674,0.959,0.9628,0.9662,68.3485,86.6875,96.9194
2022-05-02,4209102,202218,17.7658,18.8285,19.9667,2.9132,4.895,8.4741,39.1599,0.963,0.9643,0.9663,89.4399,95.0818,98.5052
2022-05-03,4209102,202218,16.6967,17.3545,18.1719,3.4549,16.5645,32.0813,132.5162,0.9591,0.9632,0.966,91.7528,95.8892,97.7852
2022-05-04,4209102,202218,15.4305,18.1602,20.9935,17.8195,30.7576,42.1512,246.0604,0.9556,0.9577,0.9597,53.3289,84.451,97.8521
2022-05-05,4209102,202218,16.1947,18.8298,21.7233,2.0883,8.5359,49.2005,68.2871,0.9589,0.9633,0.9665,61.4551,76.3366,86.8022
2022-05-06,4209102,202218,15.5591,17.3921,19.7276,0.0019,0.4803,2.8425,3.8423,0.968,0.9697,0.9712,66.9804,83.9669,96.3305
2022-05-07,4209102,202218,15.2238,16.9659,19.1564,0.0166,0.3042,0.4574,2.4337,0.9706,0.9716,0.9732,66.4639,81.0131,91.787
2022-05-08,4209102,202219,14.1206,16.7818,19.561,0.0449,0.2307,0.562,1.8455,0.9691,0.9706,0.9718,68.5837,81.2137,91.1739
2022-05-09,4209102,202219,14.622,17.4608,20.2862,0.0991,0.4566,1.3817,3.6524,0.9684,0.9698,0.971,74.8871,87.2684,97.6534
2022-05-10,4209102,202219,15.7822,18.4182,21.8522,0.0219,0.2892,1.4224,2.3137,0.9641,0.9668,0.969,66.7012,87.4011,98.5982
2022-05-11,4209102,202219,16.3553,18.9237,22.6804,1.8697,3.9887,5.4248,31.9098,0.9599,0.9622,0.9646,66.9681,87.7378,97.3496
2022-05-12,4209102,202219,13.0712,16.8004,19.775,0.4944,1.9339,5.9898,15.4712,0.963,0.9644,0.9661,66.1632,85.4037,96.4213
2022-05-13,4209102,202219,15.6044,16.6112,18.283,0.0403,1.1308,1.815,9.0461,0.9658,0.9671,0.9687,79.6666,86.432,89.9663
2022-05-14,4209102,202219,15.9095,17.9101,21.1092,0.249,0.994,1.7856,7.9517,0.964,0.9669,0.9689,70.8311,87.3097,95.8048
2022-05-15,4209102,202220,16.6948,19.6012,23.6951,0.0198,0.3966,1.3422,3.1731,0.9581,0.9613,0.9649,58.1653,82.9464,97.9005
2022-05-16,4209102,202220,13.7143,17.1622,20.1184,0.0034,0.0663,0.4636,0.5308,0.9613,0.9628,0.9647,50.4819,73.3538,87.1875
2022-05-17,4209102,202220,9.0988,12.4807,15.2512,0.0,0.0028,0.0224,0.0225,0.9599,0.9631,0.9646,41.3959,56.6428,70.5918
2022-05-18,4209102,202220,10.0173,13.0609,16.8061,0.0,0.0032,0.0117,0.0256,0.956,0.9579,0.96,50.0032,57.02,64.7942
2022-05-19,4209102,202220,11.0556,14.4801,18.33,0.0,0.0015,0.0117,0.0119,0.9609,0.9631,0.9653,48.8845,61.9143,71.2193
2022-05-20,4209102,202220,7.5491,13.2435,19.3375,0.0,0.0,0.0,0.0,0.9669,0.968,0.9697,48.8426,72.5364,87.6845
2022-05-21,4209102,202220,7.7788,13.1963,19.4303,0.0,0.0003,0.0017,0.0026,0.9694,0.9702,0.9717,52.1841,76.7371,92.7982
2022-05-22,4209102,202221,8.825,13.4068,19.8699,0.0,0.0013,0.0024,0.01,0.9685,0.9703,0.9718,61.9005,86.4513,97.6141
2022-05-23,4209102,202221,12.8136,15.4983,20.5418,0.0024,0.0314,0.0564,0.2509,0.9675,0.9689,0.9698,65.9808,88.2834,98.3009
2022-05-24,4209102,202221,12.2009,15.9733,21.5737,0.0,0.0086,0.0573,0.0685,0.9684,0.9693,0.971,68.1449,88.6378,98.3813
2022-05-25,4209102,202221,14.4817,17.3652,22.4044,0.0002,0.0501,0.0834,0.4005,0.9686,0.9705,0.9721,66.9195,88.4367,99.3685
2022-05-26,4209102,202221,14.236,18.0619,23.544,0.0001,0.0334,0.1366,0.2669,0.9677,0.9694,0.9708,58.6048,83.3118,97.9607
2022-05-27,4209102,202221,16.3188,19.4546,24.4693,0.0004,0.0662,0.2563,0.5292,0.9639,0.9674,0.9695,55.8289,84.4418,99.1337
2022-05-28,4209102,202221,16.0821,18.9434,23.3179,0.1756,1.4613,2.7522,11.6902,0.9619,0.964,0.9656,66.6174,83.8474,91.1653
2022-05-29,4209102,202222,16.3396,19.8008,26.4079,0.0318,1.1144,5.1702,8.9149,0.9562,0.9596,0.9625,57.461,82.2029,99.1464
2022-05-30,4209102,202222,15.1708,16.6477,17.4777,9.3379,24.4458,47.6031,195.5663,0.9587,0.9602,0.9617,91.9486,95.8022,98.053
2022-05-31,4209102,202222,12.2412,13.1778,14.4204,0.7124,8.1827,52.975,65.4618,0.9636,0.9661,0.9682,82.4771,89.933,95.2914
2022-06-01,4209102,202222,11.5754,12.2442,13.3352,2.3997,6.6396,17.7297,53.1166,0.9636,0.9663,0.9678,91.2053,93.9297,96.5921
2022-06-02,4209102,202222,13.0642,13.6908,14.4414,2.0277,26.6591,46.9828,213.2727,0.9625,0.9644,0.9656,91.483,95.5549,97.1662
2022-06-03,4209102,202222,12.6396,13.2775,14.1688,0.384,6.8923,47.6105,55.1387,0.967,0.9696,0.9716,76.3634,86.5002,94.631
2022-06-04,4209102,202222,11.4206,13.2136,15.7734,0.3346,0.9905,1.9438,7.9238,0.9707,0.9718,0.9727,80.0623,86.6255,91.4036
2022-06-05,4209102,202223,13.6235,15.6364,19.1929,0.3335,0.9905,2.4907,7.9241,0.967,0.9695,0.9715,75.2872,89.8607,96.7738
2022-06-06,4209102,202223,13.9355,16.6422,21.5632,0.1658,1.0125,4.026,8.1001,0.9624,0.9649,0.9678,75.5363,91.6693,98.1458
2022-06-07,4209102,202223,15.4864,16.7781,17.4583,2.543,13.6012,31.8091,108.8099,0.9607,0.9622,0.9637,95.3334,96.5602,97.8452
2022-06-08,4209102,202223,15.0145,15.9103,17.0407,0.3018,5.7336,33.8031,45.8692,0.963,0.9645,0.9664,81.5364,91.5411,98.1431
2022-06-09,4209102,202223,15.4812,16.2554,17.3698,0.2312,2.6311,6.2072,21.0491,0.9655,0.9664,0.9676,89.8974,93.903,96.351
2022-06-10,4209102,202223,15.4923,17.5965,20.7716,0.3913,1.546,8.7105,12.3679,0.963,0.9642,0.9657,68.1212,87.7296,98.148
2022-06-11,4209102,202223,10.1842,13.6178,17.1372,0.3874,0.7609,0.9632,6.0868,0.9653,0.9669,0.9689,37.8311,70.2377,91.9766
2022-06-12,4209102,202224,6.2393,10.8071,16.818,0.0,0.1003,0.8019,0.8028,0.9657,0.9668,0.9678,37.2841,53.7784,67.2164
2022-06-13,4209102,202224,6.236,11.4623,17.8476,0.0,0.0001,0.0004,0.0009,0.9687,0.9701,0.9715,54.2032,71.006,79.4314
2022-06-14,4209102,202224,9.7194,12.8414,16.42,0.0004,0.0322,0.1862,0.2578,0.9694,0.9712,0.9722,77.7529,86.4862,95.2458
2022-06-15,4209102,202224,12.4143,15.1387,19.8301,0.2199,0.57,0.7305,4.56,0.9668,0.9695,0.971,67.1296,88.0999,98.0096
2022-06-16,4209102,202224,10.582,15.2601,21.7409,0.0,0.0949,0.7331,0.759,0.9637,0.9666,0.9683,69.3894,88.536,98.5419
2022-06-17,4209102,202224,13.331,18.0018,25.7628,0.0001,0.1606,1.1884,1.2852,0.9554,0.9595,0.9634,56.3258,80.4948,97.6943
2022-06-18,4209102,202224,13.8044,16.2621,19.245,0.0304,0.2837,2.0522,2.2698,0.9568,0.9637,0.9689,53.4431,74.6462,86.6652
2022-06-19,4209102,202225,11.5325,13.243,16.3456,0.0022,0.3333,0.585,2.6667,0.969,0.9704,0.9718,70.1645,84.6598,91.317
2022-06-20,4209102,202225,10.5577,14.5379,18.8065,0.0023,0.0857,0.5887,0.6854,0.9663,0.9686,0.9699,72.5539,87.8713,96.7699
2022-06-21,4209102,202225,12.1479,16.137,22.66,0.0003,0.0135,0.027,0.1079,0.9625,0.9656,0.9675,69.8066,89.9442,98.4747
2022-06-22,4209102,202225,15.9422,18.7658,24.7194,0.0049,0.0353,0.0563,0.2822,0.9594,0.9621,0.9637,65.2697,86.2276,98.1959
2022-06-23,4209102,202225,16.3604,20.2307,26.5288,0.0171,0.0278,0.1,0.2227,0.9618,0.9629,0.9647,59.9972,79.9382,95.0266
2022-06-24,4209102,202225,16.0787,18.8411,23.1535,0.0182,0.5138,0.7615,4.11,0.9645,0.9665,0.9689,68.0726,86.6522,94.2814
2022-06-25,4209102,202225,15.1542,16.2324,17.2896,0.0,0.8585,2.346,6.8682,0.9666,0.9693,0.9716,85.9594,91.1868,95.449
2022-06-26,4209102,202226,12.1122,13.4106,14.4424,0.0563,0.4664,2.5281,3.7309,0.9705,0.9719,0.9732,79.5845,86.7142,91.9314
2022-06-27,4209102,202226,13.3677,14.8075,17.6392,0.1566,0.3568,0.4895,2.8547,0.9677,0.9703,0.972,74.8366,87.4897,93.9606
2022-06-28,4209102,202226,13.7295,16.5074,22.2196,0.0005,0.0713,0.4946,0.5706,0.963,0.966,0.9676,62.0991,85.5963,98.2122
2022-06-29,4209102,202226,15.7705,16.9483,18.9836,0.0,0.0794,0.1539,0.6353,0.9599,0.9622,0.9637,50.1227,73.709,85.9421
2022-06-30,4209102,202226,7.977,12.9904,19.1817,0.0,0.0193,0.1539,0.1542,0.9652,0.9662,0.9682,60.9277,77.1822,86.0563
2022-07-01,4209102,202226,11.1954,13.715,17.1245,0.0,0.1324,0.3283,1.0592,0.9659,0.9674,0.9693,79.4978,89.7358,93.5903
2022-07-02,4209102,202226,12.4047,16.2934,22.7402,0.0286,0.083,0.3513,0.6637,0.9653,0.9665,0.968,65.4003,88.0198,98.7164
2022-07-03,4209102,202227,14.3072,18.2302,23.8784,0.0028,0.0119,0.0545,0.0955,0.9668,0.9683,0.97,62.2311,81.8026,92.7493
2022-07-04,4209102,202227,15.1495,18.77,24.2091,0.0276,0.0612,0.0738,0.4896,0.9665,0.9689,0.9704,66.9262,86.8878,96.7938
2022-07-05,4209102,202227,15.6278,19.4763,25.7426,0.0108,0.0469,0.0833,0.3749,0.964,0.9659,0.9669,50.0704,74.7977,92.3566
2022-07-06,4209102,202227,14.4217,18.3826,23.5673,0.0,0.0068,0.053,0.0547,0.9639,0.9655,0.9666,56.6431,76.3582,84.8785
2022-07-07,4209102,202227,13.6326,18.5081,25.4461,0.0,0.0003,0.0004,0.0022,0.9637,0.9649,0.9666,51.2754,73.7751,90.4532
2022-07-08,4209102,202227,14.0657,17.4081,21.012,0.0,0.0004,0.0023,0.0036,0.9671,0.97,0.972,66.5311,81.1617,89.4254
2022-07-09,4209102,202227,15.6958,17.4292,21.4331,0.0383,0.5317,0.7365,4.2535,0.9689,0.9716,0.9735,65.9984,88.0404,97.3594
2022-07-10,4209102,202228,15.4228,17.6571,22.7182,0.0052,0.1767,0.7374,1.4134,0.9645,0.9675,0.9697,60.5507,87.2961,99.3162
2022-07-11,4209102,202228,13.7526,18.8276,25.4828,0.0012,0.0309,0.1503,0.2474,0.9569,0.9615,0.9651,53.2015,77.9013,96.6522
2022-07-12,4209102,202228,16.4275,19.4361,22.8954,0.0,0.0227,0.0816,0.1819,0.9568,0.9601,0.9659,53.6642,66.6096,79.2797
2022-07-13,4209102,202228,12.8691,13.4748,14.078,0.2968,1.8863,3.6122,15.0905,0.9681,0.9705,0.9726,84.0447,90.2108,94.9154
2022-07-14,4209102,202228,13.6602,15.3542,18.5412,0.1054,2.9303,5.3225,23.4422,0.9653,0.9689,0.9717,86.8828,93.2996,97.5154
2022-07-15,4209102,202228,16.3166,19.1958,25.0664,0.0611,0.823,5.4231,6.5843,0.9587,0.9625,0.9655,60.7945,87.4349,99.4397
2022-07-16,4209102,202228,15.8911,20.6761,27.9838,0.0,0.0258,0.2023,0.2067,0.9552,0.9584,0.9607,50.0068,70.5593,85.6737
2022-07-17,4209102,202229,15.3139,19.3152,22.9089,0.0009,0.0041,0.0056,0.0331,0.957,0.9646,0.9708,52.8357,67.5839,78.4799
2022-07-18,4209102,202229,12.9898,14.1919,15.9853,0.1469,0.7243,1.0314,5.7941,0.972,0.9727,0.9738,82.8908,87.4861,91.3103
2022-07-19,4209102,202229,13.3948,15.8761,19.5909,0.1396,0.5898,1.2392,4.7184,0.97,0.9714,0.9731,78.8954,91.1215,97.7552
2022-07-20,4209102,202229,14.3516,16.6359,20.7805,0.0252,0.1293,0.7426,1.0341,0.9686,0.971,0.9723,69.0689,86.5198,96.456
2022-07-21,4209102,202229,15.115,17.7255,22.7677,0.0012,0.0147,0.0511,0.1174,0.9652,0.9678,0.9694,66.572,87.7357,98.7729
2022-07-22,4209102,202229,15.0778,19.3527,24.8817,0.0,0.0038,0.0159,0.0308,0.964,0.9656,0.9665,63.6946,85.6681,97.6321
2022-07-23,4209102,202229,16.523,19.6167,23.4313,0.004,0.0886,0.1807,0.7085,0.9648,0.9657,0.9667,65.5297,84.2431,95.0915
2022-07-24,4209102,202230,16.112,19.1288,23.6007,0.0066,0.0587,0.1831,0.4693,0.9667,0.9675,0.9692,67.0248,87.8059,98.7352
2022-07-25,4209102,202230,15.617,18.222,22.4568,0.0,0.0178,0.0557,0.1421,0.9675,0.9685,0.9698,71.79,90.3174,99.3212
2022-07-26,4209102,202230,14.9398,17.0761,20.7082,0.003,0.1033,0.1616,0.8267,0.969,0.9698,0.9713,65.6104,87.125,99.3275
2022-07-27,4209102,202230,13.9132,17.2135,23.0333,0.0007,0.032,0.1617,0.2561,0.9644,0.9685,0.9708,57.588,84.1611,98.0964
2022-07-28,4209102,202230,14.1826,19.4328,27.3901,0.0,0.0039,0.0194,0.031,0.9554,0.9609,0.965,41.5653,73.7259,95.3878
2022-07-29,4209102,202230,16.1125,18.7273,21.6294,0.0,0.4398,0.7679,3.5186,0.9556,0.959,0.9622,35.3251,56.2087,71.82
2022-07-30,4209102,202230,7.7981,12.9815,17.9621,0.0,0.0973,0.7679,0.7782,0.9643,0.9663,0.9683,52.1933,66.9945,85.1881
2022-07-31,4209102,202231,9.237,13.4602,19.2252,0.0002,0.0022,0.0034,0.0172,0.9662,0.9684,0.97,57.271,81.9138,96.8756
2022-08-01,4209102,202231,9.1219,14.8312,22.0463,0.0,0.0017,0.0044,0.0139,0.9642,0.9663,0.9676,60.5383,82.192,97.0688
2022-08-02,4209102,202231,12.8882,17.279,22.6495,0.0,0.0021,0.0058,0.0169,0.9654,0.9665,0.9678,66.9665,86.0718,96.9683
2022-08-03,4209102,202231,15.4965,17.5386,21.537,0.0059,0.2292,0.387,1.8337,0.9642,0.9669,0.9686,68.3484,89.5197,99.1273
2022-08-04,4209102,202231,15.146,19.7643,27.7264,0.011,0.1167,0.3889,0.9336,0.9564,0.961,0.9647,48.0067,79.75,98.8334
2022-08-05,4209102,202231,16.591,19.37,22.3163,0.0,0.0131,0.0981,0.1045,0.9569,0.9605,0.9647,48.2262,68.9514,81.8847
2022-08-06,4209102,202231,13.7798,14.539,15.3234,0.2195,4.2496,10.0078,33.9967,0.9662,0.9675,0.9691,86.7339,91.1828,95.5031
2022-08-07,4209102,202232,13.6276,14.6659,16.5739,3.6733,16.5615,24.4062,132.4921,0.9631,0.9653,0.9672,88.572,95.2989,97.6709
2022-08-08,4209102,202232,15.3228,16.2598,18.2454,15.2467,20.8668,28.4778,166.9342,0.963,0.9649,0.9669,81.9526,93.1639,99.0697
2022-08-09,4209102,202232,15.1551,15.5797,16.3178,1.3553,14.2183,31.8515,113.7464,0.9647,0.9672,0.9686,96.4304,97.557,98.2334
2022-08-10,4209102,202232,12.0374,13.7414,15.5267,11.9155,59.2027,101.5042,473.622,0.9594,0.9627,0.966,85.5246,93.758,98.2149
2022-08-11,4209102,202232,11.5148,13.6785,16.5534,0.0164,12.9559,101.929,103.6473,0.9684,0.9703,0.9723,67.9928,76.794,83.2775
2022-08-12,4209102,202232,12.9219,14.5214,16.8885,0.1839,1.2072,2.2503,9.6578,0.9711,0.9725,0.974,76.0483,88.1122,96.4296
2022-08-13,4209102,202232,12.2239,15.5793,20.0061,0.0146,0.3696,2.2795,2.9569,0.9693,0.9713,0.9729,70.0921,86.9862,96.8138
2022-08-14,4209102,202233,13.5209,16.7592,22.053,0.0395,0.0974,0.2252,0.7795,0.965,0.9685,0.9703,65.3657,88.026,99.1885
2022-08-15,4209102,202233,14.0208,18.8077,25.8692,0.0057,0.0601,0.093,0.4806,0.956,0.9616,0.9656,59.7627,83.1435,99.0633
2022-08-16,4209102,202233,17.7738,18.8203,20.6985,0.0,3.4998,13.5589,27.998,0.957,0.959,0.9613,68.4754,78.0253,90.3338
2022-08-17,4209102,202233,15.1315,17.0381,19.8453,1.5421,9.0163,14.6873,72.1307,0.9584,0.9614,0.9633,86.9772,93.7434,98.6299
2022-08-18,4209102,202233,16.6445,18.2096,19.9724,0.2392,12.4079,25.6522,99.2633,0.9555,0.9579,0.9631,88.4938,90.9741,94.7413
2022-08-19,4209102,202233,8.4423,11.4443,13.6346,1.1177,5.4831,35.1222,43.8649,0.9675,0.9743,0.9782,36.968,60.2671,92.1949
2022-08-20,4209102,202233,6.6675,10.372,14.8117,0.0,0.1599,1.2712,1.2796,0.9769,0.9786,0.9797,58.9317,70.6357,82.6489
2022-08-21,4209102,202234,9.3393,12.7813,17.5722,0.0007,0.0273,0.0863,0.218,0.9739,0.9758,0.9773,67.2851,83.4034,94.8551
2022-08-22,4209102,202234,11.5524,14.5054,17.4111,0.0338,0.3101,1.1415,2.481,0.9716,0.9735,0.9751,73.8068,86.2535,96.3387
2022-08-23,4209102,202234,12.8921,15.257,18.1749,0.6985,1.5402,2.8029,12.3215,0.9715,0.9729,0.9744,76.7199,90.8639,98.8934
2022-08-24,4209102,202234,13.5399,16.538,20.6209,0.1056,0.638,2.9293,5.104,0.97,0.9717,0.9731,66.7012,88.5908,99.5015
2022-08-25,4209102,202234,13.747,17.1087,22.0219,0.0194,0.0962,0.5695,0.7699,0.9689,0.9703,0.9715,62.788,86.7354,99.4412
2022-08-26,4209102,202234,15.1921,18.0128,22.9942,0.0019,0.0604,0.1423,0.4832,0.966,0.9687,0.9706,67.3926,87.9493,98.8404
2022-08-27,4209102,202234,15.172,19.176,25.3799,0.0,0.0361,0.1423,0.2892,0.9623,0.965,0.9667,59.7151,85.6528,99.5404
2022-08-28,4209102,202235,14.8893,17.7406,20.6508,0.0021,0.219,1.3545,1.7522,0.9631,0.9661,0.9716,74.2895,81.7201,89.6312
2022-08-29,4209102,202235,9.2067,11.2688,13.5261,0.7155,1.236,2.6169,9.8876,0.9744,0.9766,0.9783,56.0666,73.775,90.0372
2022-08-30,4209102,202235,10.5015,11.8783,14.4344,0.0089,0.5342,1.3532,4.2737,0.975,0.9769,0.9786,74.7874,79.851,84.2749
2022-08-31,4209102,202235,7.79,13.397,18.3315,0.026,0.2029,1.367,1.623,0.97,0.9733,0.9756,61.1243,79.1224,93.9553
2022-09-01,4209102,202235,10.6396,15.7507,21.6237,0.0115,0.0189,0.0548,0.151,0.9642,0.9683,0.9707,62.3112,83.3031,96.8278
2022-09-02,4209102,202235,12.787,17.5237,24.2972,0.0001,0.2674,2.0136,2.1391,0.9615,0.9639,0.9651,61.3036,83.9285,97.8114
2022-09-03,4209102,202235,12.6651,14.4363,17.3852,1.7247,10.5816,18.0855,84.6526,0.9659,0.9684,0.9708,87.8514,94.7665,98.7745
2022-09-04,4209102,202236,9.7868,12.5444,15.6424,0.1862,2.4952,18.3344,19.9619,0.9722,0.9735,0.9752,59.8519,75.9437,91.3988
2022-09-05,4209102,202236,11.1899,13.8656,17.5728,0.0248,0.6339,2.4913,5.071,0.9733,0.9742,0.9752,69.0983,82.8337,90.6212
2022-09-06,4209102,202236,12.4587,14.674,17.2642,0.4445,6.3461,12.1572,50.7686,0.9718,0.9739,0.9754,87.908,93.6323,98.2047
2022-09-07,4209102,202236,14.4397,16.5229,19.4726,4.1902,12.4786,18.0663,99.8286,0.9629,0.9677,0.9722,81.8904,92.9274,98.5638
2022-09-08,4209102,202236,13.7909,19.1597,26.6234,0.0405,2.198,17.1643,17.5841,0.9596,0.9619,0.9637,61.9631,86.1089,98.2301
2022-09-09,4209102,202236,17.8837,23.7257,32.0321,0.028,0.0437,0.0694,0.3499,0.9577,0.9602,0.9619,43.3067,71.2856,96.1702
2022-09-10,4209102,202236,13.5021,18.8,24.1892,0.0,0.8296,3.6744,6.6366,0.9599,0.964,0.9674,66.9113,82.7871,92.5683
2022-09-11,4209102,202237,12.4146,13.1322,14.1669,0.4667,1.5131,4.4012,12.1047,0.9685,0.9698,0.9713,79.3799,86.3848,94.2426
2022-09-12,4209102,202237,11.9823,13.8176,16.1724,0.8036,11.4883,24.4118,91.9066,0.963,0.967,0.9697,81.8065,90.0234,96.6839
2022-09-13,4209102,202237,13.7777,18.0235,24.4478,5.0632,12.1143,29.7133,96.9143,0.9601,0.9623,0.9639,61.4031,85.6402,98.4684
2022-09-14,4209102,202237,14.518,15.5916,16.7901,1.6704,9.4199,12.9641,75.3589,0.9638,0.9659,0.9675,81.6242,91.1161,97.7461
2022-09-15,4209102,202237,13.6927,14.8559,16.5424,0.3248,4.0599,13.7951,32.4791,0.9685,0.9696,0.9708,79.9615,90.8479,95.4346
2022-09-16,4209102,202237,13.4802,14.8814,17.1351,1.0701,5.787,13.0091,46.2963,0.9707,0.9721,0.9734,83.2435,92.0364,97.5763
2022-09-17,4209102,202237,11.2651,14.2117,17.3923,0.1455,2.3938,13.329,19.1505,0.971,0.9728,0.9743,65.2035,83.6052,97.2853
2022-09-18,4209102,202238,12.8001,15.1627,18.3872,0.152,0.7333,1.7457,5.8664,0.9667,0.9695,0.9719,68.259,82.2042,91.2853
2022-09-19,4209102,202238,12.1621,15.0434,19.0019,0.0218,0.6974,4.2039,5.5794,0.9619,0.9657,0.9676,66.8199,85.943,96.7448
2022-09-20,4209102,202238,12.9441,17.4875,23.5601,1.0805,2.5463,12.7854,20.3703,0.96,0.9618,0.9638,58.1373,83.4213,97.6427
2022-09-21,4209102,202238,14.7188,16.4495,19.1519,0.022,0.5351,2.6204,4.2809,0.9602,0.9628,0.9649,68.9711,85.8825,94.1871
2022-09-22,4209102,202238,13.6298,18.1575,24.4802,4.0756,4.5831,6.0541,36.6649,0.9563,0.9593,0.9615,53.5791,79.8742,98.5948
2022-09-23,4209102,202238,10.8088,15.6488,19.901,0.0,0.5587,4.4656,4.4695,0.9602,0.9633,0.9651,37.7206,49.7461,56.549
2022-09-24,4209102,202238,8.2761,13.8208,18.3419,0.0,0.0045,0.0107,0.0357,0.9673,0.9686,0.9706,59.0832,73.8878,89.4016
2022-09-25,4209102,202239,11.1755,14.1165,17.7701,0.0107,1.181,5.0422,9.448,0.9664,0.9686,0.9701,67.4249,83.7821,93.5907
2022-09-26,4209102,202239,13.417,15.7426,19.1025,3.1346,10.7441,15.982,85.9532,0.9636,0.966,0.9682,81.0518,90.7927,98.7046
2022-09-27,4209102,202239,14.4743,17.9164,22.6583,0.0,2.6693,15.9824,21.3544,0.9639,0.9654,0.9671,69.4588,86.1441,95.2094
2022-09-28,4209102,202239,15.0,15.8508,17.2288,0.5133,1.3293,2.9714,10.6345,0.9676,0.9699,0.9719,76.0288,84.8298,92.4065
2022-09-29,4209102,202239,13.1867,14.3576,15.3867,0.4643,3.5985,5.9517,28.7881,0.971,0.9718,0.9726,75.9376,86.5875,95.713
2022-09-30,4209102,202239,13.5772,14.8448,16.2968,0.0407,2.3081,6.0376,18.4651,0.9694,0.971,0.9722,81.472,85.6691,91.0602
2022-10-01,4209102,202239,14.4057,17.2127,21.3472,0.4512,2.1607,3.7139,17.286,0.9657,0.9678,0.9704,72.3907,88.0481,98.5338
2022-10-02,4209102,202240,15.2525,17.4266,20.6236,0.313,1.3984,3.1361,11.187,0.9663,0.9676,0.9694,69.1244,87.1806,99.3375
2022-10-03,4209102,202240,14.3837,16.8301,19.6682,0.6086,1.1707,1.692,9.3657,0.9635,0.9664,0.9682,67.7584,84.8268,97.0177
2022-10-04,4209102,202240,14.3331,15.5777,17.0186,1.4908,3.1259,4.154,25.0073,0.9632,0.9645,0.966,79.5692,87.8754,94.2308
2022-10-05,4209102,202240,14.3542,16.1556,19.3745,0.4125,1.3526,4.1822,10.8207,0.9641,0.9651,0.9672,78.645,87.1406,93.8566
2022-10-06,4209102,202240,16.5977,17.9503,20.4069,0.3498,2.7206,15.1005,21.7645,0.9575,0.9622,0.9655,80.306,92.333,98.6338
2022-10-07,4209102,202240,17.6823,20.0984,24.4528,1.6501,8.4117,27.6653,67.2939,0.9526,0.9565,0.9586,40.796,73.7108,98.1206
2022-10-08,4209102,202240,11.2686,18.0222,24.9895,0.0,0.7976,6.3781,6.3808,0.9591,0.9611,0.9633,48.8605,69.5988,86.3399
2022-10-09,4209102,202241,13.9575,17.9792,23.8422,0.0,0.0428,0.3086,0.3425,0.9611,0.9635,0.9668,58.5581,81.4404,96.524
2022-10-10,4209102,202241,12.5581,13.9121,14.9858,0.6216,2.5198,4.8592,20.1585,0.9694,0.971,0.973,85.706,89.2012,93.8834
2022-10-11,4209102,202241,14.4967,18.1428,24.7782,0.0375,1.3759,5.1155,11.007,0.9638,0.9672,0.9708,64.2069,86.8835,95.1405
2022-10-12,4209102,202241,17.4151,19.7474,24.4337,0.1419,3.441,5.5868,27.5283,0.9625,0.964,0.965,72.6731,90.1027,98.7318
2022-10-13,4209102,202241,16.9849,19.2319,22.17,0.415,4.3145,7.742,34.5157,0.9641,0.9656,0.9675,81.0006,92.4564,98.5429
2022-10-14,4209102,202241,16.6978,18.0078,18.9865,1.1835,10.5143,21.9049,84.1143,0.9668,0.9697,0.9731,94.2015,96.9133,99.2534
2022-10-15,4209102,202241,15.7241,16.4967,17.318,1.9893,11.493,23.8544,91.9442,0.9726,0.9738,0.9748,91.2578,94.967,97.408
2022-10-16,4209102,202242,16.7432,18.1878,20.4004,1.7255,9.2282,19.2367,73.8255,0.9641,0.9679,0.9727,87.3476,95.5685,99.2769
2022-10-17,4209102,202242,17.0813,19.2366,23.1267,0.0064,2.44,14.1196,19.5203,0.9634,0.9651,0.9665,72.0951,90.8237,99.5418
2022-10-18,4209102,202242,15.6053,17.2405,18.4868,0.3687,6.2753,14.8333,50.2022,0.9675,0.9685,0.9706,88.3364,93.7518,96.7534
2022-10-19,4209102,202242,16.2706,19.1364,23.2229,0.0109,2.2377,15.3731,17.9019,0.9629,0.9663,0.969,72.7496,88.757,98.775
2022-10-20,4209102,202242,18.4024,20.9153,25.192,0.009,6.6711,14.7398,53.3687,0.9579,0.9615,0.9641,70.3479,88.9762,99.2905
2022-10-21,4209102,202242,18.6427,20.7843,22.7336,2.4584,9.767,16.3565,78.1362,0.9547,0.9564,0.9593,79.895,88.3852,96.1257
2022-10-22,4209102,202242,14.9681,19.0354,22.0884,0.0984,3.2821,16.4566,26.2565,0.9579,0.9616,0.9648,75.1412,86.5051,96.4446
2022-10-23,4209102,202243,16.296,19.2887,23.3118,0.2516,0.9278,3.9541,7.4226,0.9642,0.9662,0.9677,67.5866,84.0022,96.7425
2022-10-24,4209102,202243,17.4258,19.1017,21.2849,0.1256,1.6816,4.5454,13.4529,0.9646,0.966,0.9676,82.9983,91.3206,98.2359
2022-10-25,4209102,202243,16.0101,18.3531,22.1974,1.1071,2.3691,5.3999,18.9528,0.9645,0.9666,0.9684,68.147,83.3325,93.0482
2022-10-26,4209102,202243,16.1825,20.2285,25.3795,0.1551,0.5447,2.3282,4.3576,0.9597,0.9633,0.9657,55.5396,79.5012,98.6912
2022-10-27,4209102,202243,17.7581,22.0016,27.8785,0.0097,0.3185,1.5254,2.5482,0.9582,0.9602,0.9627,57.7694,80.4261,96.3499
2022-10-28,4209102,202243,18.4666,21.8607,25.5746,1.5586,3.7273,6.0879,29.8184,0.9603,0.9614,0.9635,70.0644,85.6572,98.4438
2022-10-29,4209102,202243,19.5537,22.7955,27.6687,0.0413,1.973,6.6296,15.7837,0.9573,0.9599,0.9614,68.1589,87.7331,99.0545
2022-10-30,4209102,202244,17.6274,23.7431,30.2234,0.024,1.1094,7.4263,8.8749,0.9521,0.955,0.957,55.1074,79.3768,95.7978
2022-10-31,4209102,202244,18.802,21.8907,24.7757,0.2873,14.2197,27.5688,113.7576,0.9536,0.9569,0.9607,74.8833,87.7759,94.6969
2022-11-01,4209102,202244,12.9132,13.856,16.4238,1.6542,8.3399,32.1757,66.7194,0.9652,0.97,0.9733,75.5273,83.9513,89.2199
2022-11-02,4209102,202244,10.8729,12.9577,15.7546,1.0221,3.1304,9.1487,25.043,0.9738,0.9751,0.9765,61.0583,75.8285,87.1856
2022-11-03,4209102,202244,11.9527,14.634,18.2009,0.2044,1.0307,2.9109,8.246,0.9721,0.974,0.9757,59.7833,76.0715,90.1247
2022-11-04,4209102,202244,12.6611,15.4232,18.0105,0.0294,0.52,1.403,4.1602,0.9695,0.9711,0.9728,64.1215,77.3815,91.503
2022-11-05,4209102,202244,11.7933,15.2182,18.4318,0.0738,0.8398,2.2728,6.7188,0.9687,0.97,0.9716,62.407,79.4089,95.2051
2022-11-06,4209102,202245,12.0233,15.3457,19.0487,0.0435,1.099,2.9327,8.7917,0.969,0.9701,0.9715,68.9578,81.8264,93.2487
2022-11-07,4209102,202245,12.0361,15.531,19.2903,0.2012,0.9717,3.347,7.7735,0.9672,0.9691,0.9709,58.5903,80.1539,95.0184
2022-11-08,4209102,202245,10.7727,15.8617,21.2632,0.0088,0.4661,1.9521,3.7286,0.9643,0.9669,0.9691,63.2944,80.8145,95.5756
2022-11-09,4209102,202245,13.5266,17.4498,22.3209,0.807,1.8875,4.182,15.1003,0.9632,0.9651,0.967,61.1237,82.8621,97.6957
2022-11-10,4209102,202245,14.7823,18.9157,24.1505,0.0931,0.6597,4.1983,5.2772,0.9632,0.9648,0.9661,60.9875,82.5042,97.2722
2022-11-11,4209102,202245,17.5733,19.1062,21.9399,0.0962,1.3198,6.5126,10.5586,0.9631,0.9644,0.9652,74.7982,89.2721,97.0303
2022-11-12,4209102,202245,16.4933,19.7499,23.8678,2.1543,3.6761,12.7222,29.4091,0.9615,0.9631,0.9643,68.9491,86.6789,99.3571
2022-11-13,4209102,202246,17.8319,20.8982,25.5364,0.0294,0.5227,2.8635,4.1812,0.9591,0.9616,0.9637,65.0865,86.5058,98.8608
2022-11-14,4209102,202246,19.1694,22.8064,28.2069,1.6404,10.4255,14.2272,83.4043,0.9563,0.9585,0.9608,61.6938,84.5036,98.839
2022-11-15,4209102,202246,17.2176,22.6293,27.5469,0.0,1.7784,14.2272,14.2272,0.9584,0.9614,0.9643,36.9705,61.4022,80.4136
2022-11-16,4209102,202246,14.7602,21.0558,26.0928,0.0,0.0009,0.0022,0.007,0.9646,0.9659,0.9674,48.0077,69.8354,97.4148
2022-11-17,4209102,202246,14.2737,19.8546,25.0415,0.0,0.0003,0.0022,0.0022,0.9662,0.9675,0.9685,36.4797,63.5513,89.9648
2022-11-18,4209102,202246,14.5488,19.2391,23.0133,0.0,0.0129,0.026,0.1029,0.9662,0.967,0.9684,57.5086,65.6214,85.4228
2022-11-19,4209102,202246,16.0461,19.153,23.0156,0.0004,0.0578,0.1483,0.4625,0.9654,0.9668,0.9684,55.7053,75.1106,91.0615
2022-11-20,4209102,202247,16.319,19.8345,23.7079,0.0163,0.1333,0.3344,1.0663,0.964,0.9654,0.9666,62.1212,78.2253,91.8913
2022-11-21,4209102,202247,17.7046,21.3808,25.5451,0.0045,0.1254,0.3635,1.0033,0.9612,0.9634,0.9653,65.0012,83.5704,97.8115
2022-11-22,4209102,202247,19.5628,21.9478,25.3464,0.1375,0.4508,1.6929,3.6063,0.9594,0.9619,0.9634,68.7239,86.6065,98.6909
2022-11-23,4209102,202247,19.4427,21.1465,24.3909,0.4235,6.4273,19.9617,51.4183,0.9596,0.9608,0.9618,77.1069,91.6802,98.569
2022-11-24,4209102,202247,17.9779,19.8903,22.6805,1.8098,4.9885,21.6961,39.9078,0.9611,0.9624,0.9639,66.1292,83.8266,95.7005
2022-11-25,4209102,202247,17.3353,19.1843,21.8896,0.4131,2.3215,3.6217,18.5722,0.9639,0.9653,0.967,58.5894,80.1944,92.9043
2022-11-26,4209102,202247,17.3198,18.8203,20.6772,0.2529,12.2213,41.7159,97.7702,0.9634,0.9647,0.9662,81.4386,90.6184,97.0431
2022-11-27,4209102,202248,18.9343,19.974,21.4672,5.3665,24.3647,48.2483,194.9172,0.9623,0.9643,0.9652,85.8817,94.0014,98.0226
2022-11-28,4209102,202248,17.7741,18.6182,20.1152,3.7547,20.801,51.0346,166.4082,0.9587,0.9622,0.9648,85.8152,93.9618,97.0049
2022-11-29,4209102,202248,18.4384,19.5611,20.9588,10.9119,28.417,64.7623,227.3364,0.9561,0.9578,0.9591,90.3304,95.5398,98.5797
2022-11-30,4209102,202248,18.7948,20.2131,22.5834,4.0021,14.7425,42.0997,117.9403,0.9545,0.9556,0.9567,90.2944,95.6053,98.8337
2022-12-01,4209102,202248,19.3412,22.0307,25.8032,0.812,4.3344,20.0271,34.6755,0.9556,0.9568,0.9579,72.1741,88.9249,99.2979
2022-12-02,4209102,202248,20.3445,23.2276,26.9423,0.0224,1.3334,5.502,10.6669,0.9586,0.9601,0.9618,72.3977,89.0116,99.4013
2022-12-03,4209102,202248,21.3768,23.6049,26.2904,0.1017,2.9248,9.1102,23.3983,0.9589,0.9605,0.9624,78.1129,90.4107,99.532
2022-12-04,4209102,202249,21.3832,23.0631,24.7371,0.1193,8.1885,19.5436,65.5084,0.9574,0.9589,0.9601,89.3418,95.0749,99.5522
2022-12-05,4209102,202249,20.8059,22.6598,24.6506,2.9127,15.5709,37.3165,124.5672,0.9582,0.9591,0.96,83.0474,93.6524,99.022
2022-12-06,4209102,202249,21.0519,22.7813,25.8229,0.8689,6.7582,39.1189,54.0653,0.9606,0.9617,0.9631,78.2608,90.4979,98.6534
2022-12-07,4209102,202249,20.1714,23.127,27.3789,0.0514,1.1321,4.6974,9.0567,0.9601,0.9615,0.9629,67.5323,87.2598,98.5132
2022-12-08,4209102,202249,18.5755,23.0532,28.8839,0.107,0.4915,2.9345,3.9321,0.9558,0.9594,0.9621,54.9678,81.8636,98.8032
2022-12-09,4209102,202249,20.8493,23.8346,28.5478,0.002,0.4811,1.7628,3.849,0.9569,0.9583,0.9597,71.7077,87.5511,97.3774
2022-12-10,4209102,202249,20.7118,23.8622,28.1331,0.0536,0.6655,2.0302,5.3238,0.958,0.9599,0.9614,65.3063,84.5821,96.8853
2022-12-11,4209102,202250,21.7547,23.6842,26.4242,0.3555,2.3665,6.5285,18.9318,0.9571,0.9594,0.9606,76.7563,88.1086,96.4076
2022-12-12,4209102,202250,22.4597,25.4538,30.2933,0.0231,2.4843,9.7387,19.8743,0.9513,0.9547,0.9576,64.1419,84.0122,96.0033
2022-12-13,4209102,202250,19.2438,22.0492,24.9418,6.1461,21.7917,28.1071,174.3338,0.9528,0.9556,0.9586,64.3877,82.1956,96.4944
2022-12-14,4209102,202250,17.4055,19.6331,22.3266,0.0807,4.2125,28.397,33.7002,0.9615,0.9626,0.9642,66.3798,76.149,89.0354
2022-12-15,4209102,202250,16.3883,21.0249,25.8809,0.0249,0.2276,1.5296,1.8209,0.9594,0.9624,0.9637,50.3498,71.2599,95.0568
2022-12-16,4209102,202250,16.8458,20.4746,25.3684,0.0,3.5326,14.8863,28.2606,0.9572,0.9587,0.9602,66.5006,82.0408,94.5171
2022-12-17,4209102,202250,17.5312,19.2551,20.9538,1.1965,3.9187,16.8452,31.3496,0.9591,0.9603,0.9615,72.9057,83.8694,92.3028
2022-12-18,4209102,202251,17.4713,19.3157,21.7044,0.5202,2.4052,5.9378,19.2414,0.9625,0.9637,0.9648,73.8178,85.1151,94.3597
2022-12-19,4209102,202251,18.0843,19.5422,21.4607,0.8873,4.3834,11.0371,35.0675,0.9636,0.9649,0.966,83.4451,91.1793,96.3037
2022-12-20,4209102,202251,18.3493,18.917,20.1916,1.6575,15.1573,39.6492,121.2585,0.9624,0.9635,0.9645,90.384,95.8677,98.2154
2022-12-21,4209102,202251,16.9526,18.7514,21.6537,0.4668,7.6397,39.981,61.1175,0.9629,0.9643,0.9654,76.4727,89.7764,97.3469
2022-12-22,4209102,202251,16.6412,19.0998,21.8304,1.5673,3.9375,8.6194,31.5002,0.9642,0.9651,0.9662,67.0505,83.0617,96.7017
2022-12-23,4209102,202251,15.5618,19.1766,22.7418,0.0113,0.8844,4.4614,7.0751,0.9634,0.9649,0.9665,65.0958,79.929,93.2273
2022-12-24,4209102,202251,17.8577,20.1747,22.8017,0.0513,0.6951,2.0001,5.5612,0.9642,0.9648,0.9656,73.3739,85.0242,94.5493
2022-12-25,4209102,202252,18.8637,21.3693,24.7202,0.1302,0.8394,2.278,6.7154,0.9622,0.9643,0.9656,70.3435,86.6573,97.1362
2022-12-26,4209102,202252,19.6283,22.3382,26.0424,2.0281,4.3475,7.4402,34.7801,0.9596,0.9619,0.9636,71.6848,87.8905,99.0219
2022-12-27,4209102,202252,20.0765,21.948,24.7265,2.0767,5.3733,9.8264,42.9867,0.9603,0.9619,0.9639,75.4412,89.5758,97.247
2022-12-28,4209102,202252,20.8283,23.6829,27.5082,0.6144,3.7274,9.8383,29.8191,0.9558,0.959,0.9621,69.6159,85.8449,98.7204
2022-12-29,4209102,202252,18.0541,22.8736,27.7294,0.1383,1.779,13.0148,14.2316,0.9589,0.9611,0.9625,50.5466,77.1248,97.3413
2022-12-30,4209102,202252,18.2887,21.5389,24.6449,0.2638,1.5639,2.0256,12.511,0.9634,0.9652,0.9666,64.0206,80.6967,95.8844
2022-12-31,4209102,202252,17.0741,21.4989,25.6945,0.0018,0.3218,2.0261,2.5744,0.9627,0.9647,0.9664,67.531,82.2216,96.8144
2023-01-01,4209102,202301,19.7254,22.8304,26.4749,0.0465,0.2662,0.8006,2.1295,0.9619,0.9639,0.9653,67.7076,86.2035,99.1978
2023-01-02,4209102,202301,19.9111,23.3705,27.775,0.0304,1.4354,5.5957,11.4828,0.9568,0.9609,0.9635,66.7147,86.254,99.2867
2023-01-03,4209102,202301,20.7686,23.7241,29.4371,0.0,5.9137,27.1827,47.3094,0.956,0.9569,0.9578,59.8899,86.4505,97.6028
2023-01-04,4209102,202301,16.8505,19.3524,21.4341,9.1505,24.3917,34.3123,195.1333,0.9577,0.9596,0.9612,70.4718,85.1845,93.8128
2023-01-05,4209102,202301,15.899,19.8695,24.349,0.058,3.8327,29.7437,30.6617,0.9619,0.9634,0.9647,55.2884,78.2514,95.2207
2023-01-06,4209102,202301,16.5852,19.7339,23.1099,0.0707,0.8083,2.2315,6.4667,0.9656,0.9669,0.968,64.2266,81.396,96.6224
2023-01-07,4209102,202301,16.6434,19.4953,22.3928,0.2121,1.8864,3.3188,15.0912,0.9678,0.9692,0.9704,68.3533,82.3413,95.3211
2023-01-08,4209102,202302,17.0804,19.6782,23.1497,0.6246,2.0857,3.957,16.6855,0.9663,0.968,0.9691,67.1868,85.1508,97.1577
2023-01-09,4209102,202302,17.0216,19.9639,23.0267,0.5126,1.6629,5.0962,13.303,0.9637,0.9657,0.9672,70.8384,86.272,97.9586
2023-01-10,4209102,202302,17.5011,20.8704,24.2666,0.0089,0.5329,2.2945,4.2633,0.9616,0.9637,0.9649,70.4478,84.8682,95.756
2023-01-11,4209102,202302,19.8682,22.8332,26.9755,0.3447,2.2198,7.7669,17.7586,0.9597,0.9618,0.9634,70.1754,86.3721,97.1963
2023-01-12,4209102,202302,19.5106,23.1529,28.0977,1.5419,4.9132,10.9704,39.3059,0.9564,0.9594,0.9615,67.2344,86.1102,98.7665
2023-01-13,4209102,202302,19.9431,24.2608,28.9149,0.087,3.9279,11.4284,31.4229,0.9558,0.9576,0.959,65.0577,84.2135,97.4034
2023-01-14,4209102,202302,21.427,24.6007,28.015,1.2273,4.3294,10.0765,34.6348,0.9572,0.9585,0.9599,66.1417,83.4827,93.8688
2023-01-15,4209102,202303,21.9712,23.7188,26.9636,13.769,27.7985,40.1962,222.3877,0.961,0.962,0.9631,75.0997,90.4878,97.2848
2023-01-16,4209102,202303,21.6514,23.4113,25.7124,2.9028,11.7454,41.8306,93.9633,0.9614,0.9629,0.9639,77.7939,89.9353,98.2307
2023-01-17,4209102,202303,21.9963,23.3196,25.4183,0.3167,4.1509,11.6036,33.2071,0.9633,0.9644,0.9655,83.865,91.2688,96.6809
2023-01-18,4209102,202303,21.9498,23.2135,26.4844,0.5364,7.1932,20.7644,57.546,0.965,0.9659,0.9672,84.1423,93.0543,98.0978
2023-01-19,4209102,202303,21.113,22.9072,25.8367,0.3578,6.0417,21.8045,48.3335,0.9637,0.9655,0.9668,81.1615,91.2497,98.7799
2023-01-20,4209102,202303,20.1676,22.5512,26.1377,0.9299,5.3117,14.6619,42.4936,0.9594,0.9624,0.965,74.6336,90.0834,99.2088
2023-01-21,4209102,202303,19.505,23.0767,27.7088,0.012,2.0929,13.9588,16.743,0.9552,0.9585,0.9604,64.2687,84.3803,98.3871
2023-01-22,4209102,202304,20.6147,24.5311,29.3878,0.0639,2.6257,12.6758,21.0059,0.9555,0.9566,0.9579,67.8906,85.5894,97.4991
2023-01-23,4209102,202304,20.9342,23.9134,26.8493,1.3695,6.4295,16.2939,51.436,0.9574,0.9584,0.9596,69.9554,85.2198,98.1195
2023-01-24,4209102,202304,19.1776,23.9269,28.9367,0.7764,2.4561,13.2094,19.6491,0.9577,0.9592,0.9604,53.9821,78.6209,95.8712
2023-01-25,4209102,202304,20.571,24.9604,30.4917,0.0059,0.1404,0.9858,1.1232,0.9588,0.9605,0.9619,50.0039,79.1187,98.4927
2023-01-26,4209102,202304,20.8737,24.3802,28.3361,0.0164,0.0369,0.0441,0.2955,0.9609,0.9618,0.9631,48.5544,78.3669,98.4511
2023-01-27,4209102,202304,18.9692,22.7319,27.3419,0.0001,0.0088,0.0441,0.0702,0.9613,0.9631,0.9645,56.5429,80.595,98.162
2023-01-28,4209102,202304,20.3185,24.3212,30.4786,0.0013,0.0041,0.0077,0.033,0.9608,0.9629,0.9644,53.6089,78.8765,96.3159
2023-01-29,4209102,202305,22.4554,24.8395,28.8956,0.0117,1.8322,10.5029,14.6575,0.9586,0.9611,0.9629,67.243,86.837,98.0984
2023-01-30,4209102,202305,21.639,22.8803,24.3474,38.7986,63.9805,78.142,511.8439,0.9582,0.9594,0.9604,82.8508,91.1565,98.149
2023-01-31,4209102,202305,20.3643,23.7611,27.8123,0.0372,10.6006,80.2354,84.8046,0.9576,0.959,0.9601,62.6476,83.1551,96.1823
2023-02-01,4209102,202305,21.7077,24.9752,29.1245,0.3569,2.9588,9.4087,23.6703,0.9589,0.9601,0.9618,63.077,81.906,94.3835
2023-02-02,4209102,202305,21.6885,23.4632,25.3775,3.261,12.7795,29.2024,102.2361,0.9588,0.9612,0.9625,82.4534,91.3424,97.5242
2023-02-03,4209102,202305,21.817,24.6919,28.2982,2.0723,8.2408,33.8987,65.9261,0.9556,0.9581,0.9601,66.4645,83.9263,97.734
2023-02-04,4209102,202305,21.8421,25.4006,29.5129,0.2524,4.6651,7.9361,37.3209,0.9566,0.9581,0.9592,58.0818,74.7389,93.0888
2023-02-05,4209102,202306,19.785,24.3393,28.7695,0.2785,1.0433,5.5082,8.3463,0.9584,0.9604,0.9619,58.0521,79.5799,96.8937
2023-02-06,4209102,202306,19.0269,24.0087,28.8402,0.0439,0.3329,1.0886,2.6631,0.9599,0.961,0.9624,48.9511,77.7661,96.5021
2023-02-07,4209102,202306,20.5064,23.1923,26.7572,0.61,1.3948,3.01,11.1587,0.9617,0.9631,0.9645,72.0008,84.6841,96.6973
2023-02-08,4209102,202306,20.4729,23.3562,27.1067,0.0306,1.2978,4.102,10.3821,0.9611,0.963,0.9643,65.9197,84.6236,97.9269
2023-02-09,4209102,202306,20.3716,23.8322,28.0924,0.5327,1.2484,4.5576,9.9876,0.9611,0.9629,0.964,64.7263,84.0069,97.714
2023-02-10,4209102,202306,21.1588,23.1966,26.3933,0.3827,2.6348,7.4434,21.0787,0.9614,0.9629,0.964,70.8431,86.9747,96.2598
2023-02-11,4209102,202306,19.871,23.011,26.5522,0.111,3.4603,10.6842,27.6821,0.9606,0.9624,0.9636,73.3804,88.08,97.0819
2023-02-12,4209102,202307,20.1754,23.7761,28.385,0.0168,1.3019,9.5816,10.4154,0.96,0.9616,0.9629,59.8801,83.1609,98.6322
2023-02-13,4209102,202307,19.7862,23.9493,28.3378,0.0148,0.1716,0.5893,1.3729,0.9594,0.9609,0.9618,58.6053,82.2401,97.8918
2023-02-14,4209102,202307,20.9278,24.7995,29.3492,0.0666,2.0009,11.0059,16.0072,0.9571,0.9594,0.9608,62.8632,83.0693,94.7392
2023-02-15,4209102,202307,22.1567,25.0042,29.1016,0.0788,3.02,11.82,24.16,0.9547,0.9562,0.9581,64.1793,82.6842,94.6084
2023-02-16,4209102,202307,21.3402,24.2283,28.8215,3.9571,13.4931,16.3832,107.945,0.9521,0.9541,0.9559,57.4359,82.5938,97.0591
2023-02-17,4209102,202307,22.9619,23.8361,25.5129,0.132,11.9111,25.7733,95.2884,0.952,0.9538,0.9553,80.2661,88.28,92.3923
2023-02-18,4209102,202307,18.1677,20.5664,23.2486,4.4283,9.3962,26.1626,75.17,0.9586,0.9635,0.9672,70.4418,84.7584,95.9186
2023-02-19,4209102,202308,16.2644,18.234,20.5523,0.0949,2.0054,9.1099,16.0434,0.9684,0.9694,0.9705,70.7532,74.3375,84.6047
2023-02-20,4209102,202308,18.3706,19.7526,21.8304,0.0327,3.0783,7.9938,24.626,0.9622,0.9657,0.9687,85.901,88.835,93.7765
2023-02-21,4209102,202308,19.769,22.1904,26.3883,1.1415,6.2092,19.4524,49.6733,0.9616,0.9626,0.9632,71.5305,89.1362,98.7728
2023-02-22,4209102,202308,19.4487,21.3737,23.8023,4.6399,8.6602,26.2661,69.2816,0.9651,0.9663,0.968,75.6648,87.347,96.029
2023-02-23,4209102,202308,20.2825,22.0373,23.9778,0.5343,3.6406,8.2505,29.1245,0.9643,0.9667,0.9683,83.4845,90.1066,97.6128
2023-02-24,4209102,202308,20.2879,22.6015,25.2777,0.1375,3.933,13.2755,31.4643,0.9591,0.9624,0.9649,77.5992,90.2042,98.1179
2023-02-25,4209102,202308,19.9345,24.5197,29.6906,0.0068,1.7304,13.6201,13.8435,0.9574,0.9593,0.9604,53.957,78.8559,96.9921
2023-02-26,4209102,202309,20.7133,24.6744,29.8656,0.0,1.964,13.3875,15.7117,0.9599,0.962,0.9641,57.5676,78.5981,89.8533
2023-02-27,4209102,202309,19.9747,22.6036,25.5273,0.7975,4.1953,26.1703,33.5625,0.9657,0.9676,0.9692,65.5367,81.582,92.7407
2023-02-28,4209102,202309,19.5128,21.4113,23.3412,0.9238,2.3768,4.082,19.0145,0.9667,0.9691,0.9701,76.85,87.2205,96.2161
2023-03-01,4209102,202309,19.8004,22.0273,24.9062,0.0445,0.9094,4.1307,7.2755,0.963,0.966,0.9678,75.7206,87.1078,96.5631
2023-03-02,4209102,202309,19.2348,23.0671,27.6395,0.0133,0.931,3.2494,7.4476,0.961,0.9631,0.9644,66.7814,85.9457,98.2342
2023-03-03,4209102,202309,21.0311,23.513,26.554,0.0069,3.0545,11.2546,24.4357,0.9609,0.9623,0.9633,77.506,90.334,98.6505
2023-03-04,4209102,202309,21.6079,24.4389,28.5205,2.2295,9.8735,16.1137,78.988,0.9589,0.9616,0.9631,70.7525,87.1568,98.9585
2023-03-05,4209102,202310,21.2551,23.8135,27.0051,0.0,3.8938,16.1137,31.1503,0.9571,0.9588,0.9601,66.5332,82.3432,92.4714
2023-03-06,4209102,202310,20.3834,22.5058,26.4778,20.3557,31.5726,43.2527,252.5805,0.957,0.9584,0.9597,69.1773,87.5702,97.6952
2023-03-07,4209102,202310,19.9791,23.1227,27.6436,0.0792,6.3574,45.0415,50.8591,0.9576,0.959,0.9608,68.1072,86.7204,97.6834
2023-03-08,4209102,202310,20.6584,24.6189,29.3498,0.0031,0.8643,2.7581,6.9144,0.9602,0.9611,0.9622,65.4426,83.3815,95.8169
2023-03-09,4209102,202310,21.3267,24.2392,27.7065,1.9804,3.4913,9.1853,27.9301,0.9619,0.9629,0.9645,69.9933,85.8309,95.8729
2023-03-10,4209102,202310,20.6908,22.1551,23.615,0.0206,6.2818,15.5296,50.254,0.9632,0.9641,0.9656,87.8051,92.8325,96.4384
2023-03-11,4209102,202310,20.4456,22.1483,24.5948,0.5541,4.4073,16.2135,35.2582,0.963,0.9639,0.9649,85.7878,92.3395,97.7998
2023-03-12,4209102,202311,20.7669,21.912,23.9932,4.3549,10.222,17.7217,81.7763,0.9642,0.965,0.9661,85.864,93.905,98.5214
2023-03-13,4209102,202311,20.4977,22.0568,24.541,2.4558,8.4248,20.3733,67.3983,0.9646,0.9657,0.967,90.7432,94.9642,98.375
2023-03-14,4209102,202311,20.12,22.5951,25.9131,0.0795,2.6751,13.5946,21.401,0.9641,0.9658,0.9669,73.2283,88.0015,97.6734
2023-03-15,4209102,202311,20.3865,22.3029,24.5721,0.1411,1.6759,4.3583,13.4071,0.9643,0.9659,0.9671,83.0879,91.654,99.033
2023-03-16,4209102,202311,19.3939,22.4405,25.8352,0.1794,0.9152,4.6689,7.3214,0.9635,0.9652,0.9663,67.3234,85.9122,98.5224
2023-03-17,4209102,202311,20.3643,22.5886,25.5657,0.0763,0.6705,1.3343,5.3641,0.964,0.9655,0.9671,71.179,86.1319,97.4991
2023-03-18,4209102,202311,17.6279,21.8188,26.4395,0.0101,0.1782,1.3356,1.4259,0.9637,0.9654,0.9667,55.1104,82.1753,98.7204
2023-03-19,4209102,202312,19.0624,22.6892,27.972,0.0001,0.0312,0.1147,0.2495,0.9616,0.964,0.9655,58.7785,82.9148,97.6124
2023-03-20,4209102,202312,19.7353,24.6996,31.101,0.0,0.0159,0.1147,0.1272,0.961,0.9625,0.9637,46.4697,78.8122,96.9072
2023-03-21,4209102,202312,20.7412,24.4963,28.0668,0.0133,0.3796,1.372,3.0369,0.9631,0.9644,0.966,60.2547,81.5214,97.4189
2023-03-22,4209102,202312,21.0668,23.3957,26.7204,0.3776,1.6069,5.1304,12.8554,0.9658,0.9669,0.9686,68.7488,86.8335,96.7337
2023-03-23,4209102,202312,21.1012,23.3055,26.477,1.0052,2.365,6.3155,18.9197,0.9645,0.9672,0.9686,70.8612,87.8956,98.7428
2023-03-24,4209102,202312,21.303,24.1111,29.1043,0.001,1.4278,7.3487,11.4222,0.9629,0.9647,0.9659,64.9313,86.6792,97.8082
2023-03-25,4209102,202312,20.1308,23.4006,27.3714,0.1954,1.4601,9.651,11.6805,0.9617,0.9644,0.9662,66.3947,83.7166,97.0278
2023-03-26,4209102,202313,21.5233,24.6042,29.9728,0.0001,1.6316,7.5966,13.0531,0.9606,0.9618,0.9631,61.4883,83.0125,94.827
2023-03-27,4209102,202313,19.82,21.35,23.0856,1.423,5.49,12.9635,43.9201,0.9642,0.9655,0.9671,64.6743,83.6261,95.8673
2023-03-28,4209102,202313,18.1717,20.9667,24.3037,0.0734,0.9385,5.7327,7.5077,0.964,0.9659,0.9672,67.1767,83.1377,95.2088
2023-03-29,4209102,202313,19.4806,22.8542,26.9866,0.0015,1.0344,4.0177,8.2755,0.9623,0.9638,0.9647,69.1534,85.4196,96.3046
2023-03-30,4209102,202313,19.5744,23.3015,27.5085,0.121,2.1083,7.6697,16.8663,0.9622,0.9639,0.9653,69.3179,86.1769,96.2372
2023-03-31,4209102,202313,20.3798,23.5963,28.2441,2.8048,4.4242,12.8758,35.3934,0.9615,0.9633,0.9647,59.1647,83.5456,98.2723
2023-04-01,4209102,202313,19.9648,22.3784,25.502,0.0,0.7542,3.4664,6.0332,0.9611,0.9621,0.9633,70.2333,83.7344,96.0349
2023-04-02,4209102,202314,16.566,20.0008,23.6345,0.0958,0.2912,1.3942,2.3292,0.9647,0.9656,0.9675,54.8898,71.7221,87.3118
2023-04-03,4209102,202314,14.8167,19.8211,25.6517,0.0082,0.0287,0.1448,0.2295,0.9628,0.9653,0.967,54.0744,78.3798,96.5635
2023-04-04,4209102,202314,17.6329,21.2106,26.4809,0.0003,0.0512,0.1973,0.4098,0.9614,0.9634,0.9647,61.3579,83.5225,97.0125
2023-04-05,4209102,202314,18.6989,21.2384,24.2935,0.0016,0.1391,0.3647,1.1128,0.9636,0.9645,0.9666,66.333,85.3582,98.7884
2023-04-06,4209102,202314,18.8151,19.4512,20.2304,0.4163,2.8598,9.2836,22.8782,0.965,0.9659,0.9674,89.3225,93.7747,96.5443
2023-04-07,4209102,202314,17.6301,18.287,18.891,4.2561,14.1426,21.2185,113.141,0.9643,0.9652,0.966,89.8193,94.5565,96.7718
2023-04-08,4209102,202314,17.5323,18.6734,20.6292,0.2891,4.4803,22.5678,35.8428,0.9654,0.9664,0.9677,82.7518,92.1781,96.4876
2023-04-09,4209102,202315,17.7729,19.8136,22.43,0.1729,1.2294,4.7545,9.8352,0.9669,0.9678,0.9691,74.2321,87.9204,97.2101
2023-04-10,4209102,202315,18.1195,20.703,23.9505,0.1228,0.5471,2.1208,4.3767,0.9671,0.9684,0.9699,67.9776,85.4235,96.7008
2023-04-11,4209102,202315,17.2803,20.6377,25.0454,0.0008,0.0819,0.6202,0.6549,0.9633,0.9664,0.9681,60.6724,83.0649,96.4456
2023-04-12,4209102,202315,17.2369,20.8924,26.1668,0.0,0.1219,0.4885,0.975,0.96,0.9629,0.9647,62.893,84.2319,97.0575
2023-04-13,4209102,202315,17.4203,22.0465,28.4897,0.0,0.091,0.4885,0.7277,0.9591,0.9602,0.9612,49.5883,79.5899,97.4422
2023-04-14,4209102,202315,18.6837,19.7543,20.7566,0.6374,6.5586,17.2161,52.4687,0.9616,0.9624,0.9637,94.3122,96.0578,97.3057
2023-04-15,4209102,202315,17.6804,18.7066,20.1071,2.2934,7.382,19.1702,59.0559,0.9643,0.9658,0.9674,81.3168,91.3592,96.1718
2023-04-16,4209102,202316,18.3276,20.146,23.3408,0.4137,2.2049,8.2789,17.6392,0.9606,0.9649,0.9673,77.0155,89.3077,96.1227
2023-04-17,4209102,202316,18.6488,21.6383,26.0219,2.1937,4.3794,7.4151,35.0354,0.9534,0.9569,0.961,72.0237,87.5085,97.9153
2023-04-18,4209102,202316,17.5717,18.8916,20.6481,13.1504,29.3471,40.2512,234.7764,0.9526,0.9543,0.9558,84.5589,92.2711,97.0759
2023-04-19,4209102,202316,13.3404,18.0277,23.1288,0.0,5.0324,40.2512,40.2589,0.9539,0.9552,0.9576,41.0416,72.9036,98.049
2023-04-20,4209102,202316,12.547,16.6945,19.8271,0.0166,0.0419,0.047,0.3352,0.9597,0.9635,0.9668,47.6567,64.6445,80.5388
2023-04-21,4209102,202316,11.136,15.8371,20.3243,0.0,0.0162,0.047,0.1298,0.9678,0.9688,0.9701,64.2909,77.2358,89.5087
2023-04-22,4209102,202316,15.5254,18.1611,21.8613,0.0837,0.7722,1.6609,6.1778,0.9676,0.9688,0.9707,68.4167,86.7358,98.6919
2023-04-23,4209102,202317,15.6167,18.0432,20.789,0.3772,1.4102,3.0807,11.2819,0.9687,0.9696,0.9711,81.0497,90.7919,98.0214
2023-04-24,4209102,202317,17.422,19.1049,21.8094,1.4974,3.0769,4.3788,24.6153,0.9692,0.97,0.971,81.348,92.0094,98.2549
2023-04-25,4209102,202317,16.0266,19.3085,23.0505,0.0222,0.6302,4.4476,5.0417,0.966,0.9686,0.97,65.9292,86.4348,98.1186
2023-04-26,4209102,202317,17.8353,20.1282,23.4266,0.0005,0.4833,1.2491,3.8666,0.9609,0.9639,0.9664,72.5381,87.2981,98.3943
2023-04-27,4209102,202317,15.9589,19.5129,23.8952,0.0,0.1565,1.2491,1.2523,0.9613,0.962,0.9633,52.3734,78.8994,92.8274
2023-04-28,4209102,202317,16.2191,18.4901,21.238,0.001,0.4756,1.357,3.8045,0.9644,0.9657,0.9676,72.3829,86.8338,97.0706
2023-04-29,4209102,202317,15.6983,18.6466,21.7435,0.0647,0.3974,1.3767,3.1796,0.9661,0.9675,0.9688,69.1813,85.9165,97.5894
2023-04-30,4209102,202318,16.9474,19.113,21.9521,0.0497,0.3408,0.6446,2.7261,0.9646,0.9669,0.9682,77.466,89.1324,97.2741
2023-05-01,4209102,202318,16.7047,20.3443,25.6237,0.0023,0.0856,0.6531,0.6852,0.9628,0.9651,0.9665,56.8084,84.881,98.2568
2023-05-02,4209102,202318,15.3215,19.484,24.0423,0.0,0.0022,0.0073,0.0175,0.9624,0.9641,0.9658,62.4737,85.4406,98.0285
2023-05-03,4209102,202318,18.1462,20.4207,24.1436,0.0007,0.0129,0.0723,0.1034,0.9627,0.9637,0.9654,69.367,88.4535,98.9069
2023-05-04,4209102,202318,18.5971,21.7128,26.2436,0.0005,0.1336,0.7814,1.069,0.9629,0.9643,0.9656,67.276,87.7409,98.694
2023-05-05,4209102,202318,19.8217,22.122,24.7199,0.0015,0.4513,1.2922,3.6102,0.9665,0.9674,0.9694,74.7668,89.9586,99.2011
2023-05-06,4209102,202318,20.3681,22.1293,24.7924,0.161,0.442,1.4013,3.5358,0.9658,0.9676,0.969,76.1067,90.9706,99.2804
2023-05-07,4209102,202319,20.313,22.2417,25.7474,0.0053,0.1064,0.5442,0.8512,0.9643,0.9662,0.9678,67.3697,88.5828,99.1735
2023-05-08,4209102,202319,19.6462,22.1598,25.3439,0.0079,1.4949,6.9525,11.9596,0.9634,0.9647,0.9663,72.8407,88.6023,98.1895
2023-05-09,4209102,202319,18.6672,19.743,20.9057,1.8459,6.6504,8.5723,53.2029,0.9659,0.9669,0.9685,77.1267,90.1073,98.0195
2023-05-10,4209102,202319,17.1983,18.6821,21.014,0.3106,1.6563,8.6473,13.2506,0.9647,0.9667,0.9681,75.3731,84.771,89.7694
2023-05-11,4209102,202319,12.3127,16.7253,20.3252,0.3006,0.5089,1.1826,4.0715,0.9636,0.9646,0.9654,48.7425,78.3268,98.7569
2023-05-12,4209102,202319,11.8025,15.4472,18.0819,0.0012,0.1285,0.4337,1.0282,0.9665,0.9674,0.9685,62.324,76.8482,91.4288
2023-05-13,4209102,202319,10.6052,15.1327,19.4292,0.0659,0.1474,0.4842,1.1789,0.9666,0.9683,0.9695,59.9502,82.1719,98.3884
2023-05-14,4209102,202320,11.1475,16.062,22.1108,0.0,0.0174,0.1392,0.1393,0.9673,0.9682,0.9699,52.6126,79.7062,96.6381
2023-05-15,4209102,202320,10.5976,16.8829,24.2376,0.0,0.0004,0.0017,0.0035,0.9665,0.9684,0.9701,43.38,75.5299,95.2474
2023-05-16,4209102,202320,10.925,16.5858,21.9054,0.0,0.0004,0.0017,0.0034,0.9664,0.9675,0.9687,55.1753,75.0093,88.1162
2023-05-17,4209102,202320,14.2066,16.7394,20.1158,0.0026,0.145,0.2221,1.1602,0.968,0.9694,0.9706,66.2445,83.927,95.3358
2023-05-18,4209102,202320,11.008,16.0706,21.6239,0.0,0.0287,0.2221,0.2294,0.9687,0.97,0.9716,61.5405,83.7703,97.0526
2023-05-19,4209102,202320,12.25,15.9671,21.597,0.0,0.0012,0.0018,0.0095,0.9671,0.9688,0.9703,63.2819,85.7333,98.8987
2023-05-20,4209102,202320,12.7452,16.5613,22.3628,0.0,0.0024,0.0033,0.0192,0.965,0.9676,0.9693,61.1078,83.5175,98.3456
2023-05-21,4209102,202321,12.8749,16.6862,21.9097,0.0,0.0016,0.0033,0.0125,0.9642,0.9658,0.9674,64.6138,87.1624,98.6361
2023-05-22,4209102,202321,14.8635,17.8857,22.6653,0.0004,0.0859,0.4075,0.6871,0.9661,0.9666,0.9679,65.2109,86.5756,97.7746
2023-05-23,4209102,202321,15.8195,19.2549,24.3193,0.0,0.0687,0.4083,0.55,0.9674,0.9685,0.9702,67.5865,87.1413,97.951
2023-05-24,4209102,202321,15.2209,18.8923,23.0511,0.0005,0.0538,0.0708,0.4301,0.9671,0.9688,0.9698,63.1078,85.761,99.2514
2023-05-25,4209102,202321,15.4318,18.8663,23.176,0.003,0.0414,0.1813,0.3309,0.9675,0.969,0.9707,69.0706,87.7547,98.453
2023-05-26,4209102,202321,16.4462,19.9336,24.8688,0.0057,0.0705,0.1959,0.5638,0.9654,0.9676,0.9691,60.1034,86.3536,98.6307
2023-05-27,4209102,202321,16.3492,20.5073,26.3445,0.0003,0.2146,1.5166,1.7171,0.9642,0.9658,0.9668,56.8198,81.2907,96.9718
2023-05-28,4209102,202322,15.2591,17.5164,20.1336,4.9399,11.393,18.8187,91.1443,0.9664,0.9682,0.9697,86.4703,92.757,96.2319
2023-05-29,4209102,202322,14.1498,14.7951,15.7092,0.5608,3.2844,20.6702,26.2751,0.9692,0.9704,0.9716,76.987,85.0862,91.5681
2023-05-30,4209102,202322,14.3311,15.6339,17.8099,0.1943,0.792,1.4756,6.3359,0.9701,0.9716,0.9728,77.2281,88.1033,92.9643
2023-05-31,4209102,202322,14.3369,16.7495,20.3557,0.0046,0.2752,1.4813,2.2012,0.9679,0.9695,0.9706,71.4271,89.3856,98.2
2023-06-01,4209102,202322,12.6114,16.6387,22.1438,0.0,0.0236,0.1805,0.1886,0.9685,0.9695,0.9708,56.1009,83.7332,98.283
2023-06-02,4209102,202322,11.2404,16.6347,21.9937,0.0,0.001,0.0018,0.0079,0.9682,0.9694,0.9702,53.7088,76.4618,89.3496
2023-06-03,4209102,202322,11.5335,16.2333,22.8596,0.0,0.0003,0.0017,0.0026,0.9665,0.9683,0.97,59.1654,83.6448,96.0722
2023-06-04,4209102,202323,12.8656,17.4706,24.3583,0.0,0.0007,0.0017,0.0056,0.9673,0.9684,0.97,55.3679,82.0603,97.0363
2023-06-05,4209102,202323,12.3602,17.2939,23.1821,0.0,0.0037,0.0267,0.0298,0.9679,0.9693,0.9705,59.6922,82.9266,93.6523
2023-06-06,4209102,202323,15.8417,17.5232,20.1265,0.2505,1.8345,3.2114,14.6764,0.9683,0.9702,0.9716,77.3062,91.1599,97.696
2023-06-07,4209102,202323,14.7602,18.1804,23.2368,0.0278,0.4396,3.2132,3.5172,0.9679,0.9694,0.9708,56.2288,84.0416,98.4725
2023-06-08,4209102,202323,11.6007,17.0717,23.4948,0.0,0.0063,0.0464,0.0507,0.9666,0.9686,0.9703,60.4286,83.1415,95.065
2023-06-09,4209102,202323,13.8207,18.5035,25.2093,0.0,0.0018,0.0039,0.0144,0.9632,0.9656,0.9673,53.4899,78.1757,96.2049
2023-06-10,4209102,202323,14.3951,19.3832,26.9917,0.0,0.0015,0.0039,0.012,0.9614,0.9639,0.9654,44.9824,68.6873,82.6819
2023-06-11,4209102,202324,16.878,19.4871,23.733,0.0,0.3863,2.8425,3.0904,0.9603,0.962,0.9645,64.2247,71.4352,92.1201
2023-06-12,4209102,202324,11.9815,13.5511,15.5442,2.9031,17.1277,42.1918,137.0218,0.9652,0.9676,0.9705,91.7038,93.8501,95.4573
2023-06-13,4209102,202324,9.9779,10.697,11.5173,1.8415,14.8295,48.0517,118.6363,0.972,0.9734,0.9754,88.7394,90.8912,94.0908
2023-06-14,4209102,202324,11.3149,12.8562,14.9015,1.4066,10.2325,23.9201,81.8602,0.9702,0.9716,0.9732,94.8201,95.4141,96.6327
2023-06-15,4209102,202324,14.1462,15.4577,17.4076,3.0826,14.749,24.9319,117.9921,0.9627,0.967,0.9711,81.3369,93.6498,97.1233
2023-06-16,4209102,202324,12.226,15.3597,19.0499,0.0001,2.6514,21.2044,21.2111,0.9632,0.9642,0.9654,57.6834,71.2547,81.3545
2023-06-17,4209102,202324,11.0428,14.3937,18.686,0.0,0.0012,0.0025,0.0097,0.9672,0.969,0.9712,55.0501,76.3545,88.4576
2023-06-18,4209102,202325,8.7524,13.1088,16.8281,0.0021,0.005,0.0055,0.0401,0.97,0.9712,0.9726,55.6252,77.5024,91.415
2023-06-19,4209102,202325,7.8184,11.8288,16.4709,0.0,0.0247,0.0486,0.1973,0.9724,0.9735,0.9751,66.7135,82.8205,95.2849
2023-06-20,4209102,202325,9.5735,13.4625,19.9835,0.0031,0.0141,0.0486,0.113,0.9691,0.9719,0.9736,62.495,85.4359,96.4633
2023-06-21,4209102,202325,10.9489,14.7188,20.7301,0.0,0.0032,0.0127,0.0257,0.9662,0.9685,0.97,70.8452,90.7533,98.1959
2023-06-22,4209102,202325,14.3288,17.8786,23.114,0.0136,1.3586,2.3926,10.8687,0.9634,0.9655,0.9672,67.8556,86.9719,98.5854
2023-06-23,4209102,202325,15.6909,18.6807,24.1723,0.1397,1.2019,2.627,9.6153,0.9622,0.9645,0.9656,62.8209,83.1708,91.8276
2023-06-24,4209102,202325,14.7006,19.054,25.6084,0.0,0.3295,2.6274,2.6356,0.9635,0.9643,0.9659,59.9856,78.8692,90.024
2023-06-25,4209102,202326,15.0749,19.6564,26.2902,0.0,0.0004,0.0017,0.0035,0.9654,0.9663,0.9679,54.7005,76.2103,88.3741
2023-06-26,4209102,202326,14.0796,19.0766,25.7092,0.0,0.0006,0.0013,0.0047,0.9658,0.9668,0.9681,55.7422,76.9833,86.4853
2023-06-27,4209102,202326,13.9939,18.6451,25.2237,0.0,0.0004,0.0009,0.003,0.9642,0.9663,0.9676,52.3259,77.9021,91.208
2023-06-28,4209102,202326,13.9345,18.6853,25.3293,0.0,0.0003,0.0009,0.0021,0.9651,0.966,0.9674,49.4756,71.4792,83.6753
2023-06-29,4209102,202326,13.978,15.2295,17.327,0.0009,1.2039,2.6016,9.6316,0.9685,0.9721,0.9748,79.8407,86.8672,97.5748
2023-06-30,4209102,202326,11.9495,15.0349,18.9856,0.0009,0.4907,2.6452,3.9255,0.9707,0.9731,0.9754,70.1654,85.9071,94.6802
2023-07-01,4209102,202326,12.4875,15.8657,19.871,0.0977,0.3819,2.0922,3.0553,0.9684,0.9702,0.9718,75.2454,90.7523,97.6651
2023-07-02,4209102,202327,13.9556,16.1083,19.5034,0.0002,0.1855,0.8714,1.4836,0.9675,0.9688,0.9698,76.815,91.0607,98.771
2023-07-03,4209102,202327,14.3547,16.0352,17.7275,0.4253,1.2492,2.397,9.9933,0.9702,0.9712,0.9724,80.0116,90.4717,96.3817
2023-07-04,4209102,202327,12.8452,15.9767,19.2487,0.0014,0.3038,2.407,2.4302,0.9697,0.9713,0.9727,59.8744,83.38,95.7461
2023-07-05,4209102,202327,10.7697,15.0377,21.7732,0.0,0.001,0.0039,0.0082,0.9671,0.9696,0.971,56.1076,82.7296,96.8428
2023-07-06,4209102,202327,11.1665,16.2685,23.5463,0.0,0.0006,0.0011,0.0045,0.9632,0.9663,0.9679,55.5727,80.9628,95.6736
2023-07-07,4209102,202327,14.1924,17.5415,22.8509,0.0,0.0003,0.0009,0.0026,0.9625,0.9638,0.965,60.4918,75.6423,86.0923
2023-07-08,4209102,202327,14.5852,17.9226,21.6813,0.0,1.0595,4.5235,8.4761,0.9587,0.961,0.9635,71.1099,85.1046,94.5765
2023-07-09,4209102,202328,15.0619,16.1366,17.3214,0.5065,2.169,8.246,17.3524,0.9649,0.9663,0.9676,86.1821,92.1623,96.7903
2023-07-10,4209102,202328,15.4563,17.5173,20.5889,0.1354,3.9069,10.1256,31.2551,0.963,0.9651,0.9671,81.9633,92.3769,97.2133
2023-07-11,4209102,202328,15.3523,16.4977,17.6616,9.4,19.6404,28.4794,157.1229,0.9627,0.9645,0.9661,92.4131,96.3087,98.4645
2023-07-12,4209102,202328,15.3612,17.9251,23.0997,0.2683,4.244,28.7422,33.9521,0.9536,0.96,0.9638,71.9918,90.7494,97.6731
2023-07-13,4209102,202328,15.9049,18.0738,20.5263,0.0389,1.1789,1.4222,9.4314,0.95,0.9533,0.9587,51.3081,64.0447,85.5297
2023-07-14,4209102,202328,9.943,13.0276,15.6258,0.0001,0.1782,1.4222,1.4254,0.9624,0.9666,0.9691,57.6843,63.9682,71.6741
2023-07-15,4209102,202328,8.4931,12.3603,17.1369,0.0,0.0083,0.0289,0.0662,0.9671,0.9692,0.9706,65.7769,84.0063,94.7264
2023-07-16,4209102,202329,9.9162,14.0989,20.4739,0.0,0.0036,0.0289,0.029,0.9649,0.9666,0.9682,58.6151,82.1707,98.1753
2023-07-17,4209102,202329,13.7783,14.5984,15.4155,0.0,1.149,2.996,9.1918,0.9666,0.9681,0.9693,84.7374,92.2435,96.3557
2023-07-18,4209102,202329,10.3381,11.5363,13.9147,3.4675,9.3473,12.8357,74.7785,0.9699,0.9731,0.9761,84.4398,92.0686,96.4439
2023-07-19,4209102,202329,10.1982,10.92,11.9235,0.3541,2.8594,13.3975,22.8748,0.9765,0.9785,0.9802,84.0325,88.2009,91.2329
2023-07-20,4209102,202329,11.7314,13.631,16.6757,0.0996,0.5503,2.5122,4.4021,0.976,0.9783,0.9803,86.2241,92.238,95.0597
2023-07-21,4209102,202329,14.7689,16.8808,20.1475,0.0651,0.2323,0.7091,1.8581,0.9733,0.9753,0.9767,75.1345,90.5816,98.0705
2023-07-22,4209102,202329,15.4076,17.4501,21.0145,0.0122,0.1448,0.283,1.1584,0.9697,0.9726,0.9745,70.5288,89.9019,99.3298
2023-07-23,4209102,202330,13.5443,17.7445,24.3918,0.0,0.0373,0.2,0.2981,0.9697,0.9711,0.9731,62.9843,85.9409,97.4085
2023-07-24,4209102,202330,14.9862,18.5143,23.7176,0.0,0.0332,0.1424,0.2658,0.969,0.9706,0.972,65.2963,84.1724,93.6053
2023-07-25,4209102,202330,15.4612,19.1817,25.0049,0.0087,0.1024,0.144,0.8195,0.9647,0.9674,0.9692,57.5659,81.1897,96.8646
2023-07-26,4209102,202330,15.275,19.606,25.9851,0.0008,0.0354,0.1258,0.283,0.9635,0.9651,0.9663,54.9004,76.448,91.8134
2023-07-27,4209102,202330,15.0238,17.0579,18.8746,0.0,0.3573,1.0238,2.8582,0.9652,0.9686,0.9713,82.1072,86.4462,90.1056
2023-07-28,4209102,202330,14.0837,16.2357,20.0345,1.0947,7.5124,13.6667,60.099,0.9689,0.9703,0.972,80.8799,90.8729,96.2776
2023-07-29,4209102,202330,11.5301,12.9047,14.1603,0.3231,2.8617,15.5121,22.8939,0.972,0.9734,0.9747,70.73,84.1684,94.216
2023-07-30,4209102,202331,10.5403,14.1868,19.4571,0.0005,0.1633,1.3017,1.3062,0.971,0.9733,0.9746,59.6491,80.3703,93.5654
2023-07-31,4209102,202331,9.0056,14.5282,21.6097,0.0,0.0005,0.0009,0.0041,0.9698,0.9718,0.9736,63.5088,85.4432,97.8452
2023-08-01,4209102,202331,10.5991,16.3611,21.6513,0.0,0.0011,0.0022,0.0089,0.9698,0.9714,0.9727,61.8329,82.5971,94.7671
2023-08-02,4209102,202331,12.1761,17.0154,25.0739,0.0,0.0074,0.0147,0.0591,0.966,0.9688,0.9707,55.3781,81.5961,96.3576
2023-08-03,4209102,202331,13.4605,18.5876,25.6352,0.0,0.0021,0.0147,0.0164,0.9665,0.9672,0.9683,44.7645,71.5257,85.3598
2023-08-04,4209102,202331,15.3486,17.9894,22.4883,0.0009,0.852,1.3356,6.8156,0.9656,0.9684,0.9701,66.6483,87.7475,98.3716
2023-08-05,4209102,202331,14.2655,17.9436,22.869,0.0,0.1677,1.3356,1.3419,0.9669,0.9682,0.9698,67.6085,83.8732,93.4802
2023-08-06,4209102,202332,14.8569,18.3538,24.1068,0.0048,0.0631,0.1035,0.5046,0.9647,0.9683,0.9704,61.0019,86.1241,98.953
2023-08-07,4209102,202332,15.6984,20.302,29.4216,0.0001,0.3991,3.0534,3.193,0.9636,0.9657,0.9683,48.6012,75.7985,93.8457
2023-08-08,4209102,202332,14.0781,15.0002,17.3546,3.663,7.7658,10.4108,62.1262,0.9707,0.9745,0.9769,82.6912,90.5554,96.9915
2023-08-09,4209102,202332,13.6281,14.7859,16.5788,1.0965,11.3006,21.3359,90.4047,0.969,0.9726,0.9762,88.5778,94.709,97.4733
2023-08-10,4209102,202332,15.9729,17.8665,21.1696,2.262,12.1636,23.8627,97.3091,0.9642,0.9664,0.9687,80.096,92.4315,97.964
2023-08-11,4209102,202332,15.2723,19.6213,25.9632,0.0024,1.9311,15.3757,15.4486,0.9615,0.9631,0.9648,60.4023,84.3083,98.7364
2023-08-12,4209102,202332,15.9084,17.4354,18.901,0.0,3.5102,11.4594,28.0816,0.9634,0.9656,0.9682,84.3107,89.0087,94.6331
2023-08-13,4209102,202333,11.401,12.6374,14.259,0.3088,2.575,12.6414,20.5996,0.97,0.9719,0.9741,79.7182,87.1358,93.3123
2023-08-14,4209102,202333,11.7257,14.573,19.9863,0.009,0.2226,1.4984,1.7805,0.9685,0.9711,0.9733,66.1689,81.2474,90.8218
2023-08-15,4209102,202333,12.1799,15.9176,21.7072,0.0,0.0069,0.0497,0.0551,0.9679,0.9697,0.9715,63.8093,86.2343,98.9845
2023-08-16,4209102,202333,16.1977,18.5017,22.7283,0.0104,0.8075,1.4597,6.4602,0.9675,0.9694,0.971,75.6874,91.5105,99.3974
2023-08-17,4209102,202333,16.5803,20.2949,25.7612,0.0006,0.2355,1.4605,1.8843,0.9615,0.9659,0.9688,69.1529,88.9786,99.5206
2023-08-18,4209102,202333,16.883,22.4434,28.9512,0.0056,0.0399,0.2142,0.3193,0.953,0.9589,0.9625,47.2481,73.5945,90.1369
2023-08-19,4209102,202333,16.6907,19.2128,21.354,0.5199,2.9119,3.754,23.295,0.9566,0.9588,0.9611,57.7063,75.9093,93.1274
2023-08-20,4209102,202334,14.7074,17.9862,23.0124,0.2061,0.9742,3.7579,7.7939,0.9579,0.9604,0.9622,60.4931,82.9914,95.8514
2023-08-21,4209102,202334,14.5735,18.9363,24.8317,0.0,0.2245,1.7799,1.7958,0.9589,0.9601,0.9616,53.1802,78.8765,90.6704
2023-08-22,4209102,202334,15.4013,20.6166,28.3637,0.0069,0.0504,0.0755,0.4032,0.9537,0.9587,0.9613,54.5287,82.1314,99.2356
2023-08-23,4209102,202334,19.3257,24.635,31.4714,0.0,0.0101,0.0763,0.0807,0.9517,0.9538,0.9555,46.9365,62.9188,73.1369
2023-08-24,4209102,202334,17.2053,21.2517,24.5219,0.0,0.6671,4.7419,5.3367,0.9524,0.9557,0.9589,61.8389,74.4952,89.8954
2023-08-25,4209102,202334,12.6681,13.5304,14.7417,3.9741,8.0568,12.5727,64.4545,0.9621,0.9636,0.9649,85.2766,88.9659,93.1265
2023-08-26,4209102,202334,11.3275,12.9528,15.7126,0.2706,2.3017,14.202,18.4137,0.9665,0.9678,0.9696,43.8956,67.1613,93.1723
2023-08-27,4209102,202335,10.4329,11.7434,13.9743,0.0378,0.4145,0.7943,3.3161,0.9703,0.9713,0.9729,70.0568,78.2894,84.9126
2023-08-28,4209102,202335,9.888,11.6638,13.6279,0.0241,0.1726,0.8895,1.3805,0.9719,0.9728,0.9743,68.4715,75.9664,82.6968
2023-08-29,4209102,202335,11.2951,12.7933,15.1585,0.1817,0.6588,1.6306,5.2701,0.9698,0.9718,0.9732,76.6,82.8659,85.8373
2023-08-30,4209102,202335,12.5759,16.1662,21.3821,0.3901,0.6396,2.3582,5.1165,0.9647,0.9674,0.9705,61.8478,82.9677,94.9579
2023-08-31,4209102,202335,12.9968,17.7972,24.2379,0.0019,0.0537,0.401,0.4294,0.9657,0.9672,0.9695,59.0931,82.1281,98.3428
2023-09-01,4209102,202335,13.0676,16.9619,20.8775,0.0,0.0318,0.0568,0.2545,0.9655,0.9673,0.9692,66.7389,85.7475,99.5174
2023-09-02,4209102,202335,14.8774,16.7612,19.2514,0.0095,3.1361,12.0573,25.089,0.9616,0.9643,0.9665,86.7557,93.2373,97.3758
2023-09-03,4209102,202336,16.0197,21.4481,27.2749,5.7758,8.2411,24.8856,65.9285,0.9602,0.9616,0.9629,69.3108,86.4323,95.1162
2023-09-04,4209102,202336,19.2881,23.9095,30.7214,0.0,0.8004,5.9277,6.4034,0.9559,0.9592,0.9618,61.7888,83.8452,97.9186
2023-09-05,4209102,202336,16.6785,21.0003,25.7137,0.037,0.2498,0.7014,1.9985,0.9577,0.9654,0.9723,69.1592,72.8752,77.9004
2023-09-06,4209102,202336,13.5672,14.8177,16.5987,0.0716,1.2143,2.9288,9.7148,0.9736,0.9749,0.9765,78.3069,84.1626,87.7554
2023-09-07,4209102,202336,15.1601,16.7889,19.3711,0.3906,1.2808,3.0803,10.2467,0.9691,0.9724,0.9751,73.571,86.7854,95.7592
2023-09-08,4209102,202336,16.5213,19.1246,23.1791,0.0201,0.6009,1.507,4.8068,0.9633,0.9661,0.9692,69.0699,85.0658,96.7348
2023-09-09,4209102,202336,16.7027,20.1336,24.6976,2.0653,3.496,4.2546,27.9683,0.963,0.9644,0.9652,69.2588,83.7967,95.4253
2023-09-10,4209102,202337,16.6674,18.1843,20.1109,0.1327,1.2757,4.2801,10.2057,0.9665,0.9683,0.9704,80.4102,91.6085,98.8165
2023-09-11,4209102,202337,16.4013,20.1036,26.1986,0.0007,0.1943,1.3862,1.5542,0.9621,0.9661,0.9687,64.6568,86.4451,98.4014
2023-09-12,4209102,202337,17.877,22.2769,29.0841,0.0045,0.0483,0.0665,0.3861,0.9603,0.9627,0.9646,57.0478,82.0306,96.5098
2023-09-13,4209102,202337,17.7034,21.6127,27.8038,0.2783,0.4487,0.5959,3.5897,0.9554,0.9598,0.9638,59.5418,85.1383,97.9532
2023-09-14,4209102,202337,16.7026,18.8928,21.7104,1.1152,1.4548,1.5058,11.6384,0.9576,0.9617,0.9662,45.4479,65.3845,84.6453
2023-09-15,4209102,202337,12.5989,14.5766,17.0934,0.215,1.089,1.6226,8.7116,0.9667,0.9687,0.97,71.2486,83.3715,93.4612
2023-09-16,4209102,202337,12.054,17.5174,25.4532,0.0128,0.2052,1.5066,1.6413,0.9615,0.9656,0.9682,49.8518,78.7866,94.9863
2023-09-17,4209102,202338,14.4884,20.7741,29.1251,0.0,0.0118,0.0203,0.0946,0.9618,0.9635,0.9653,51.7861,74.6433,89.9759
2023-09-18,4209102,202338,17.7173,24.0131,32.0844,0.0,0.0138,0.0743,0.1102,0.9606,0.9627,0.9643,47.6865,70.7685,88.3875
2023-09-19,4209102,202338,18.2399,22.718,27.5192,0.0074,1.2839,4.8998,10.2711,0.9631,0.9645,0.9659,67.1497,83.2718,96.876
2023-09-20,4209102,202338,18.1412,21.4028,25.8399,0.8048,3.1688,6.7113,25.3504,0.9647,0.9662,0.9682,67.1368,86.9551,98.7435
2023-09-21,4209102,202338,18.8552,21.4836,26.0734,0.0,0.5055,3.3131,4.0437,0.9618,0.965,0.9667,65.8476,86.4429,99.3532
2023-09-22,4209102,202338,18.3077,22.7309,29.694,0.0,0.2758,1.7108,2.2063,0.9596,0.9617,0.9634,61.4685,84.2631,97.6551
2023-09-23,4209102,202338,18.0404,22.471,28.9157,0.0,0.2156,1.7175,1.725,0.9594,0.9622,0.9635,61.3924,84.4184,97.3174
2023-09-24,4209102,202339,20.1114,24.5289,32.9978,0.0003,0.5241,4.0125,4.1924,0.9567,0.9589,0.9619,50.1686,78.6959,93.3013
2023-09-25,4209102,202339,18.0366,19.4649,21.4751,0.6445,2.2706,6.9167,18.165,0.9611,0.9628,0.9641,79.3772,89.3331,93.8821
2023-09-26,4209102,202339,18.1854,21.0462,25.9101,0.1568,1.3838,2.7609,11.0704,0.954,0.959,0.9631,73.2035,88.5834,96.5285
2023-09-27,4209102,202339,20.7749,22.5933,24.9948,0.0544,1.836,3.8113,14.6884,0.9532,0.9556,0.9585,63.0529,85.6411,98.2697
2023-09-28,4209102,202339,13.1112,16.1866,18.6457,0.1323,0.8,3.9228,6.4,0.9619,0.9662,0.9688,70.0724,75.1774,80.551
2023-09-29,4209102,202339,14.9335,16.3686,18.1515,0.3732,3.0183,4.6819,24.1467,0.9682,0.9693,0.9706,83.3957,89.0464,95.6905
2023-09-30,4209102,202339,17.0264,18.6415,21.3121,0.1376,3.6201,8.1014,28.961,0.9635,0.9662,0.9686,87.1393,93.5004,97.7301
2023-10-01,4209102,202340,17.5342,18.3062,18.7746,1.5325,5.5877,10.003,44.7017,0.9612,0.9626,0.9643,86.1996,94.4119,99.3827
2023-10-02,4209102,202340,15.1194,16.1712,18.0191,0.4386,1.6913,7.022,13.5302,0.9607,0.9621,0.9635,82.2451,87.0859,91.5534
2023-10-03,4209102,202340,13.7479,16.7956,21.5677,0.1509,0.4339,2.1575,3.4709,0.9589,0.9615,0.9632,72.6382,82.9641,90.3967
2023-10-04,4209102,202340,17.2461,19.5127,22.8371,0.0035,0.889,5.4691,7.1117,0.9535,0.9572,0.9608,79.7785,89.2463,94.7456
2023-10-05,4209102,202340,16.3245,17.8851,19.7972,6.9927,37.644,66.2188,301.1517,0.9548,0.9582,0.9607,86.3313,94.027,97.7323
2023-10-06,4209102,202340,15.7983,18.8823,24.3741,2.6284,13.8227,71.4218,110.5813,0.9599,0.9616,0.9631,73.2667,89.6821,96.9239
2023-10-07,4209102,202340,19.2127,21.2668,24.7976,0.4245,3.0168,7.6026,24.1345,0.9581,0.9607,0.963,82.2205,92.7568,98.7389
2023-10-08,4209102,202341,17.3076,18.1351,19.0129,2.8396,23.4911,76.561,187.9289,0.9618,0.9638,0.9654,94.3077,96.7232,98.543
2023-10-09,4209102,202341,16.9958,18.9057,21.9961,0.492,12.2996,87.3554,98.3966,0.9615,0.9641,0.9673,70.8189,87.4084,96.8622
2023-10-10,4209102,202341,15.8213,17.8201,20.6147,0.3937,1.5067,5.0502,12.0539,0.9669,0.9685,0.9704,74.5911,86.7451,95.2341
2023-10-11,4209102,202341,16.439,20.4429,27.4723,0.0155,0.1974,1.4187,1.5792,0.9593,0.9637,0.9673,57.3705,82.4663,97.3859
2023-10-12,4209102,202341,15.8196,18.0029,19.7087,0.017,11.1962,32.0805,89.5694,0.9584,0.9605,0.9628,91.608,95.5236,98.8086
2023-10-13,4209102,202341,13.7096,14.2805,15.4348,1.5082,8.156,34.078,65.248,0.9655,0.968,0.9702,85.8426,89.8337,93.6496
2023-10-14,4209102,202341,13.6462,15.096,17.2354,0.6028,2.3144,8.1287,18.5153,0.97,0.9715,0.9729,75.1683,88.2461,95.1942
2023-10-15,4209102,202342,15.1098,16.6457,18.8913,0.5068,1.47,2.8379,11.76,0.9685,0.971,0.9725,82.7775,89.3026,94.8521
2023-10-16,4209102,202342,16.686,19.7103,24.7776,0.4285,0.9007,2.2338,7.2054,0.964,0.9666,0.9691,71.2564,90.1484,98.2376
2023-10-17,4209102,202342,18.9034,21.4505,25.3894,0.3503,4.3352,16.1848,34.6818,0.9624,0.9636,0.9656,80.9326,93.283,99.4363
2023-10-18,4209102,202342,15.7977,17.5329,20.0357,1.5051,5.271,20.0745,42.1684,0.9658,0.9678,0.9699,68.5188,83.9944,97.4609
2023-10-19,4209102,202342,14.8046,15.8686,17.1393,0.2948,3.4219,6.4697,27.3751,0.9683,0.9697,0.9712,82.4189,88.1039,94.5112
2023-10-20,4209102,202342,15.4273,16.7522,18.9429,0.1458,1.8828,6.8272,15.0621,0.9677,0.9686,0.9697,80.0469,89.2661,94.4296
2023-10-21,4209102,202342,15.6036,18.0236,21.1451,0.0294,0.4667,2.7173,3.7332,0.9671,0.9684,0.9691,72.0357,86.4738,96.9207
2023-10-22,4209102,202343,15.933,18.8503,22.681,0.0213,0.1284,0.5059,1.0271,0.9648,0.9673,0.969,69.7673,85.9348,97.2527
2023-10-23,4209102,202343,17.9044,20.8677,26.4957,0.0541,0.1,0.1383,0.8001,0.9612,0.9634,0.9661,62.897,85.7736,96.6952
2023-10-24,4209102,202343,19.2328,23.2728,29.4218,0.0149,0.2242,0.9835,1.7933,0.9552,0.9585,0.9619,61.9674,83.9101,98.6258
2023-10-25,4209102,202343,18.7054,20.1725,23.109,1.0473,2.7356,3.9188,21.885,0.9576,0.9589,0.9613,77.6575,88.193,97.6942
2023-10-26,4209102,202343,16.3336,17.2692,17.9596,1.647,3.6764,4.8771,29.4114,0.9579,0.959,0.9605,82.9153,89.3585,96.2124
2023-10-27,4209102,202343,15.9263,17.7172,20.5112,0.9575,2.6724,6.9696,21.3795,0.9595,0.9611,0.9623,79.5378,90.1352,97.1711
2023-10-28,4209102,202343,17.7742,19.8731,23.2942,1.9056,6.0993,10.9485,48.7942,0.9553,0.9584,0.9607,84.7405,92.9122,98.2725
2023-10-29,4209102,202344,20.7124,22.8743,26.705,0.9271,6.9967,14.4824,55.9735,0.9515,0.9541,0.9558,75.079,90.3615,97.6903
2023-10-30,4209102,202344,19.9192,23.6386,26.9809,0.0006,4.5427,14.5569,36.3416,0.957,0.9583,0.9598,73.9731,87.1501,96.6575
2023-10-31,4209102,202344,19.6587,21.1271,22.4856,0.3095,6.2315,14.0447,49.8516,0.958,0.9599,0.9618,95.2577,96.8225,98.358
2023-11-01,4209102,202344,18.0946,19.0721,20.3655,0.7424,3.7986,15.3397,30.3887,0.9617,0.9633,0.9646,82.0381,89.8152,97.0381
2023-11-02,4209102,202344,17.3451,18.6142,20.0758,0.6841,3.8541,6.3812,30.8328,0.9605,0.9633,0.9648,79.8307,89.0613,96.7739
2023-11-03,4209102,202344,17.679,20.8339,27.635,4.3604,7.938,12.7165,63.5039,0.9504,0.956,0.9609,69.0906,88.7679,98.609
2023-11-04,4209102,202344,14.1074,19.7537,25.4387,0.0,1.5963,12.7611,12.7706,0.956,0.958,0.9598,39.4061,57.5576,73.4602
2023-11-05,4209102,202345,10.8676,17.121,22.66,0.0,0.0009,0.0034,0.0069,0.9615,0.9645,0.9665,53.0021,67.7862,87.7802
2023-11-06,4209102,202345,12.9439,16.852,21.6973,0.0031,0.0469,0.0846,0.3753,0.9674,0.9684,0.97,62.5028,79.9412,95.1511
2023-11-07,4209102,202345,13.6778,17.9189,23.226,0.0147,0.0415,0.0846,0.3318,0.9651,0.968,0.9693,60.5293,78.8483,95.022
2023-11-08,4209102,202345,14.5319,20.4131,28.4137,0.0,0.0104,0.0415,0.0829,0.9611,0.9644,0.9664,58.2048,81.1344,96.6033
2023-11-09,4209102,202345,18.9043,23.0189,28.6605,0.0,0.1739,0.6897,1.3912,0.9605,0.9619,0.9632,67.7524,85.7177,98.789
2023-11-10,4209102,202345,18.9546,20.7085,22.831,0.2081,0.7805,1.3394,6.2439,0.9627,0.9647,0.9663,78.7794,87.1687,95.4152
2023-11-11,4209102,202345,19.2759,24.3652,31.3756,0.0688,0.2956,1.4093,2.3646,0.9553,0.9599,0.964,56.1704,80.9388,97.86
2023-11-12,4209102,202346,21.3283,26.1267,33.5319,0.1831,0.6359,1.7401,5.0875,0.957,0.958,0.959,51.5945,78.6413,95.2923
2023-11-13,4209102,202346,21.1321,24.1845,28.6323,0.0055,1.1662,5.7311,9.3292,0.9565,0.9591,0.9609,70.6301,87.2858,96.0456
2023-11-14,4209102,202346,21.9051,22.964,24.5627,0.0003,5.0485,12.7021,40.3884,0.9576,0.9592,0.9608,73.5418,93.6241,98.5284
2023-11-15,4209102,202346,19.5066,23.3657,28.0577,0.0786,3.3751,12.7386,27.0007,0.9564,0.9592,0.9618,70.6288,84.1577,95.4491
2023-11-16,4209102,202346,22.5362,25.3219,29.6185,0.0,0.55,3.3538,4.3996,0.9539,0.9552,0.9574,68.1107,85.0435,94.8067
2023-11-17,4209102,202346,21.0455,24.3067,28.3463,0.0013,0.7189,2.4435,5.7514,0.9536,0.9551,0.9563,74.3267,89.6197,98.053
2023-11-18,4209102,202346,22.3883,26.9272,35.3909,0.0046,0.9081,3.4987,7.2645,0.9512,0.9537,0.9558,43.9299,79.3762,98.2574
2023-11-19,4209102,202347,20.3582,22.197,24.8891,0.5993,5.4537,9.7947,43.6296,0.9573,0.9614,0.9642,79.9387,89.0051,96.7413
2023-11-20,4209102,202347,18.1555,19.7467,21.7869,0.1583,2.0491,9.8667,16.3924,0.9639,0.9651,0.9664,76.8384,86.7963,94.6592
2023-11-21,4209102,202347,18.0569,22.2564,27.3838,0.0069,0.3355,1.9,2.6843,0.9578,0.9618,0.9647,67.4042,82.0348,95.245
2023-11-22,4209102,202347,21.88,24.9222,30.1318,0.0214,2.8753,11.9619,23.0023,0.9559,0.9576,0.9587,64.664,86.2179,98.4523
2023-11-23,4209102,202347,20.3731,22.6564,24.5773,0.2524,4.7422,12.1062,37.9377,0.9572,0.9604,0.9643,87.0935,94.0656,97.5847
2023-11-24,4209102,202347,17.2314,20.0069,23.1512,0.0556,1.3538,10.0395,10.8308,0.9666,0.9685,0.9702,48.2778,74.6503,94.5315
2023-11-25,4209102,202347,16.51,18.6114,20.5747,0.0,0.8219,1.9432,6.5749,0.9672,0.969,0.9709,73.0382,81.3104,93.0962
2023-11-26,4209102,202348,16.9112,18.766,20.4732,0.0605,0.5294,2.0311,4.2351,0.9655,0.967,0.9683,78.1536,85.2923,90.9776
2023-11-27,4209102,202348,18.4774,19.7649,22.1174,0.0441,2.0254,9.1655,16.2028,0.9649,0.9664,0.9679,82.7087,92.8994,98.0211
2023-11-28,4209102,202348,19.8158,21.0147,23.164,2.1665,13.3887,24.1302,107.1099,0.9601,0.9636,0.9668,88.9853,96.1726,99.003
2023-11-29,4209102,202348,19.9103,23.3704,28.8341,0.5179,4.3706,26.8648,34.965,0.957,0.9586,0.9603,63.3231,85.6476,98.903
2023-11-30,4209102,202348,20.7876,24.0182,28.7963,0.0683,0.5635,2.6152,4.5081,0.9587,0.9594,0.96,66.7882,86.4566,97.088
2023-12-01,4209102,202348,20.4406,23.2936,26.2226,0.0489,0.2526,1.3959,2.0211,0.9599,0.9619,0.963,74.8695,86.9115,96.891
2023-12-02,4209102,202348,21.5981,25.3691,31.3152,0.0122,0.2315,0.7931,1.8518,0.957,0.96,0.9616,60.7466,84.1406,96.0614
2023-12-03,4209102,202349,22.4098,25.4012,29.124,0.0811,0.3841,0.8142,3.0729,0.9576,0.9593,0.9604,67.5073,86.0584,98.1879
2023-12-04,4209102,202349,21.9696,23.5097,25.2326,0.2224,1.272,4.091,10.1757,0.9607,0.9621,0.963,79.2994,90.0677,98.4575
2023-12-05,4209102,202349,20.4447,21.2741,22.2581,3.9264,12.5441,22.6351,100.3526,0.9645,0.9658,0.9673,93.1689,95.5378,97.5849
2023-12-06,4209102,202349,21.3196,24.1482,28.4562,1.93,8.0998,25.3057,64.7983,0.9595,0.9632,0.9659,69.3374,87.8982,99.061
2023-12-07,4209102,202349,22.8434,25.5066,28.6585,0.6906,4.3514,14.407,34.8112,0.9588,0.9598,0.9613,71.1393,85.6671,95.0772
2023-12-08,4209102,202349,18.6639,21.4992,24.109,2.1248,6.2975,10.7792,50.3797,0.9595,0.9629,0.9659,83.1293,91.7252,97.8854
2023-12-09,4209102,202349,17.2698,18.6279,20.2784,0.3333,2.623,11.8459,20.9837,0.9659,0.9671,0.9679,74.5563,83.39,90.7403
2023-12-10,4209102,202350,17.8379,19.3395,21.5735,0.0158,2.5986,10.1904,20.7885,0.9618,0.9652,0.9676,78.9353,88.0654,95.2419
2023-12-11,4209102,202350,18.8525,20.8602,24.4282,0.1745,2.1699,10.5884,17.3591,0.9598,0.9621,0.964,69.8315,87.7144,98.9722
2023-12-12,4209102,202350,17.1525,20.7802,24.3611,0.097,0.3811,2.0754,3.0488,0.9648,0.9661,0.9683,63.0855,81.2996,97.5614
2023-12-13,4209102,202350,16.6808,21.7757,27.5611,0.0019,0.0327,0.2219,0.2616,0.9617,0.9642,0.966,52.1582,78.0216,98.1393
2023-12-14,4209102,202350,20.586,24.0435,29.8579,0.0075,0.02,0.0288,0.1601,0.9597,0.9616,0.9628,59.7966,80.9477,95.4995
2023-12-15,4209102,202350,21.611,25.0841,29.6352,0.0004,0.1226,0.4673,0.9808,0.9608,0.9623,0.9639,68.1057,84.4751,98.4903
2023-12-16,4209102,202350,21.7633,25.0683,29.8379,0.0024,0.091,0.4673,0.728,0.9617,0.9629,0.9641,63.7713,83.4871,98.5337
2023-12-17,4209102,202351,21.846,25.2453,29.8215,0.0236,0.1168,0.1863,0.9344,0.9592,0.9614,0.9631,60.6163,83.3463,98.3549
2023-12-18,4209102,202351,23.1118,25.4083,29.0387,0.0175,0.3628,0.6892,2.9023,0.9582,0.9598,0.961,62.802,84.5793,98.5638
2023-12-19,4209102,202351,21.4883,24.2961,28.095,0.0847,0.2701,0.8191,2.1611,0.9581,0.9594,0.9608,59.2922,81.7709,97.9177
2023-12-20,4209102,202351,20.5842,23.495,26.7546,0.2,0.6555,1.0238,5.2442,0.9603,0.9614,0.9623,59.1064,80.5011,97.6841
2023-12-21,4209102,202351,20.1836,23.1009,26.9516,0.7776,1.6535,2.7118,13.2277,0.961,0.9629,0.9639,63.4327,81.7187,96.7896
2023-12-22,4209102,202351,21.1362,25.175,30.3048,0.0152,0.4951,2.903,3.9608,0.9588,0.9614,0.9624,57.7492,79.4199,96.7375
2023-12-23,4209102,202351,21.8116,25.4318,30.0552,0.0057,0.6196,2.2887,4.9565,0.9591,0.9611,0.9626,59.0367,81.3494,97.7084
2023-12-24,4209102,202352,21.2438,25.0615,29.377,1.0033,2.0166,3.6729,16.1327,0.9596,0.9607,0.9621,64.3565,83.3258,97.9641
2023-12-25,4209102,202352,22.9369,26.5977,31.4031,1.0095,2.4608,4.7098,19.6863,0.956,0.9599,0.9622,55.832,77.419,95.8192
2023-12-26,4209102,202352,22.318,25.9406,29.4007,0.0,0.328,2.4858,2.6239,0.9583,0.9604,0.9623,44.7595,63.6051,84.4732
2023-12-27,4209102,202352,19.5905,20.8478,22.6725,0.0563,0.9371,1.7075,7.4967,0.9645,0.9656,0.9673,69.8206,76.0682,81.1288
2023-12-28,4209102,202352,19.24,23.8845,30.4013,0.0353,0.2786,1.7489,2.2288,0.9593,0.9635,0.9657,47.7222,71.696,93.2066
2023-12-29,4209102,202352,20.9903,26.8538,34.8829,0.0,0.0097,0.0756,0.0777,0.9563,0.9585,0.9609,32.2487,67.0228,92.9694
2023-12-30,4209102,202352,21.1974,24.2399,27.4098,0.0579,0.3253,0.7133,2.6026,0.959,0.9628,0.9649,62.6326,71.7794,87.6332
2023-12-31,4209102,202401,18.9424,20.3838,22.0272,1.0675,4.4102,7.9079,35.2817,0.9644,0.9657,0.9668,77.2878,84.16,92.7664
2024-01-01,4209102,202401,19.3826,21.6094,24.5657,0.0684,2.2742,7.9351,18.1934,0.9617,0.9642,0.9655,74.3716,85.0201,94.4008
2024-01-02,4209102,202401,19.9249,22.6218,26.2305,0.0979,1.1839,4.395,9.4714,0.96,0.9621,0.9637,65.3798,82.6303,96.5264
2024-01-03,4209102,202401,20.5848,22.0396,25.2302,2.5453,5.3357,13.3923,42.6855,0.9601,0.9613,0.9621,82.8288,90.9148,96.9873
2024-01-04,4209102,202401,19.4112,21.2338,24.293,1.2139,4.6427,15.927,37.1415,0.9621,0.9629,0.9639,72.2187,86.2935,95.5883
2024-01-05,4209102,202401,19.6064,21.2707,24.4891,0.3251,2.8121,7.2047,22.4965,0.9618,0.9628,0.964,81.7741,89.893,96.4058
2024-01-06,4209102,202401,20.0635,22.2008,25.5671,1.2057,3.5948,7.7183,28.7586,0.9609,0.9624,0.9636,79.0754,90.0545,97.0902
2024-01-07,4209102,202402,20.8751,24.0472,27.9662,0.0838,0.9461,5.235,7.569,0.9592,0.9614,0.9627,65.9748,82.9317,96.4229
2024-01-08,4209102,202402,21.7279,26.4161,32.3037,0.001,0.2062,1.004,1.6494,0.9566,0.9594,0.9609,58.0432,80.8398,95.8702
2024-01-09,4209102,202402,22.8048,26.9401,31.2741,0.3054,2.7699,10.2388,22.1589,0.9598,0.9609,0.9627,62.297,84.1498,98.2547
2024-01-10,4209102,202402,22.5383,26.2879,31.2001,0.2176,3.7476,24.6361,29.9805,0.9586,0.9615,0.963,60.7342,84.3271,98.7045
2024-01-11,4209102,202402,23.3636,27.1551,32.6851,0.0024,1.6942,10.7296,13.5535,0.956,0.9592,0.9613,60.206,83.5391,98.5174
2024-01-12,4209102,202402,21.7233,22.7534,24.1555,11.4982,20.0427,26.5884,160.3412,0.9594,0.9608,0.9624,75.8942,87.5658,97.1972
2024-01-13,4209102,202402,19.4422,21.1247,22.7045,0.3188,3.8264,23.6136,30.611,0.9644,0.9653,0.9665,72.7449,82.4283,91.9744
2024-01-14,4209102,202403,18.7878,23.3812,28.9075,0.0041,0.234,1.7554,1.8721,0.9596,0.9638,0.966,60.2403,77.8995,92.32
2024-01-15,4209102,202403,21.8019,25.7269,30.5473,0.0,1.4973,6.1893,11.9786,0.9596,0.9611,0.9623,67.162,83.4791,95.8029
2024-01-16,4209102,202403,22.7185,27.1607,31.5747,0.0795,1.0909,6.1896,8.7274,0.9589,0.9606,0.9622,58.8849,79.5597,95.5372
2024-01-17,4209102,202403,24.3571,26.3174,29.0838,0.0013,5.9596,26.5587,47.6765,0.9602,0.9613,0.962,74.6765,88.1215,94.2836
2024-01-18,4209102,202403,22.5423,24.5149,28.4945,0.2993,8.0638,30.8772,64.5108,0.9602,0.9616,0.963,72.1597,89.8982,98.1291
2024-01-19,4209102,202403,22.7634,25.7474,30.39,1.6281,6.7828,27.1893,54.2626,0.9567,0.9589,0.9612,67.5759,86.3426,98.7902
2024-01-20,4209102,202403,22.8766,25.5061,30.2292,0.0014,6.5995,28.1029,52.7961,0.9564,0.9571,0.9579,63.7896,86.2693,96.2987
2024-01-21,4209102,202404,21.2232,23.0127,25.447,6.0177,13.1838,48.9399,105.4705,0.9584,0.9615,0.9636,77.2106,87.8075,96.8999
2024-01-22,4209102,202404,19.553,20.5563,22.086,1.0937,7.2543,20.0522,58.034,0.9649,0.9658,0.9667,84.8424,92.3899,95.7433
2024-01-23,4209102,202404,18.7699,19.3774,20.1555,6.3116,21.995,32.7325,175.9603,0.9645,0.9656,0.9666,84.934,92.2478,96.3442
2024-01-24,4209102,202404,17.6188,18.5109,19.5429,3.1503,16.9074,34.3428,135.2593,0.963,0.9643,0.9654,88.821,93.8922,97.6101
2024-01-25,4209102,202404,16.6283,18.1056,19.534,0.2,7.9267,32.6595,63.4133,0.9632,0.9646,0.9654,82.9516,91.4498,96.2824
2024-01-26,4209102,202404,16.2099,18.4209,22.0183,0.1072,5.0984,12.0922,40.7876,0.9645,0.9655,0.9668,82.0562,88.8282,94.5667
2024-01-27,4209102,202404,17.3445,19.0207,21.8564,0.8147,7.2283,18.5031,57.8261,0.9626,0.9643,0.9657,81.5658,91.2284,97.0366
2024-01-28,4209102,202405,17.6348,20.6489,24.5142,0.2845,4.5915,21.2992,36.732,0.9614,0.9633,0.9646,71.0317,87.1719,97.9833
2024-01-29,4209102,202405,18.579,22.2883,26.4942,0.4454,3.5456,9.5015,28.3648,0.9605,0.9621,0.9634,68.8131,85.1617,98.8852
2024-01-30,4209102,202405,18.3561,22.9045,27.8515,0.0021,1.733,10.5378,13.8637,0.9596,0.961,0.9621,64.4496,84.4538,99.0523
2024-01-31,4209102,202405,21.0666,23.4261,26.855,0.2906,1.8134,4.6867,14.507,0.9612,0.9622,0.9634,76.4292,88.8412,97.4779
2024-02-01,4209102,202405,21.25,23.0208,26.1592,1.6271,3.3962,6.5021,27.1698,0.9639,0.9653,0.9666,82.2211,91.6369,97.5458
2024-02-02,4209102,202405,20.7773,22.3878,25.2551,0.3366,2.384,5.9244,19.0718,0.9667,0.9676,0.9688,79.5504,88.3193,96.9505
2024-02-03,4209102,202405,20.1731,22.7479,26.4881,0.0112,0.8624,4.2425,6.8994,0.964,0.9666,0.9679,69.7739,83.4937,94.1272
2024-02-04,4209102,202406,20.0699,24.4145,29.995,0.0,1.5076,5.735,12.061,0.9627,0.9642,0.9655,62.7283,83.8633,98.0466
2024-02-05,4209102,202406,20.1259,24.7587,29.5951,0.0301,1.203,5.737,9.6236,0.9632,0.9641,0.9656,63.7592,83.5506,97.3758
2024-02-06,4209102,202406,22.0694,24.9774,29.3017,0.1043,0.5255,2.3839,4.2041,0.9632,0.9652,0.9671,61.1749,84.5104,98.4092
2024-02-07,4209102,202406,22.7488,25.2315,28.9739,0.0976,1.0256,3.1041,8.2049,0.961,0.9636,0.9653,67.7759,85.2134,96.4543
2024-02-08,4209102,202406,22.8212,25.5939,29.2601,0.7633,2.7067,6.2538,21.6539,0.9606,0.9621,0.9632,71.0711,85.2946,96.0207
2024-02-09,4209102,202406,22.2123,25.5571,29.3268,0.4335,1.2701,6.3235,10.1607,0.963,0.9636,0.9647,62.1362,82.2231,98.0243
2024-02-10,4209102,202406,22.3386,25.0734,28.4459,0.1531,0.5435,1.1212,4.3483,0.9646,0.9656,0.9667,65.3639,83.818,98.662
2024-02-11,4209102,202407,21.7388,25.4358,29.7151,0.1047,0.2937,1.1882,2.3494,0.9632,0.9655,0.9668,60.6058,82.5936,98.009
2024-02-12,4209102,202407,22.5608,26.7362,32.4979,0.0128,0.1235,0.3991,0.988,0.9602,0.9634,0.9651,56.062,80.2254,98.3321
2024-02-13,4209102,202407,24.8639,27.9586,33.4654,0.0,1.0915,7.2767,8.7317,0.9609,0.962,0.963,49.0744,72.4442,88.348
2024-02-14,4209102,202407,19.5948,21.9898,24.579,5.7998,26.8082,49.7399,214.4653,0.9639,0.9652,0.9668,93.3083,94.9854,96.1089
2024-02-15,4209102,202407,18.773,20.3844,22.8416,0.9941,8.1759,52.7392,65.407,0.9661,0.967,0.968,72.4504,86.0203,95.1917
2024-02-16,4209102,202407,19.7729,21.0512,22.8584,0.0209,1.61,6.457,12.8798,0.963,0.965,0.9665,77.6089,88.3762,93.776
2024-02-17,4209102,202407,19.397,21.7092,25.2961,0.2529,4.2374,8.1651,33.8995,0.9611,0.9629,0.9639,70.7,88.0829,97.2157
2024-02-18,4209102,202408,21.4001,22.626,25.0364,0.1078,3.7764,8.7955,30.2113,0.9588,0.9615,0.9628,88.3452,92.616,95.5716
2024-02-19,4209102,202408,20.5891,22.9932,26.6338,0.4555,2.9749,9.0829,23.7988,0.9566,0.9586,0.96,70.6167,87.3006,97.1409
2024-02-20,4209102,202408,21.0101,21.9476,23.0549,1.2738,7.646,13.7065,61.1678,0.9571,0.9578,0.9587,81.1104,90.7704,97.031
2024-02-21,4209102,202408,19.9489,21.4002,23.4571,0.6095,4.3591,13.9574,34.8724,0.9578,0.9589,0.9604,82.4649,91.6376,97.887
2024-02-22,4209102,202408,19.432,21.9267,24.8751,0.0074,2.89,8.9717,23.1199,0.9579,0.959,0.9599,75.6537,89.2684,96.5448
2024-02-23,4209102,202408,20.9616,24.5516,29.7944,0.0019,2.0635,9.1375,16.5078,0.9597,0.9607,0.9622,66.4475,85.2142,97.8565
2024-02-24,4209102,202408,21.7504,25.342,30.0081,0.0037,4.0418,14.778,32.3341,0.9628,0.9644,0.9659,69.6875,86.4242,96.7446
2024-02-25,4209102,202409,23.0133,23.6217,24.8969,0.8095,8.1619,20.4047,65.2949,0.9676,0.9686,0.9703,86.7914,94.0158,97.1147
2024-02-26,4209102,202409,22.0169,23.1481,24.7435,0.7367,4.586,20.7077,36.6879,0.965,0.9677,0.9692,84.2277,91.5974,96.8867
2024-02-27,4209102,202409,21.4946,24.6322,29.1821,0.0053,0.8492,4.6046,6.7939,0.9582,0.9617,0.9653,68.272,85.574,97.5263
2024-02-28,4209102,202409,22.7664,25.4691,30.4538,0.2216,2.7827,8.2327,22.2619,0.9591,0.9602,0.9611,65.6215,85.7691,93.7775
2024-02-29,4209102,202409,23.0935,24.3427,26.6538,1.2178,5.231,12.637,41.848,0.9606,0.9626,0.9636,83.4478,91.6159,96.3444
2024-03-01,4209102,202409,22.2433,23.8133,26.3915,1.5743,5.5834,15.873,44.6668,0.9615,0.9624,0.9632,80.7943,90.9576,98.0068
2024-03-02,4209102,202409,20.9687,23.5943,26.9018,2.1598,4.7092,8.8514,37.6733,0.9616,0.9636,0.9647,66.887,84.7771,97.2234
2024-03-03,4209102,202410,20.7241,24.2646,28.766,0.0008,0.66,4.7517,5.2801,0.9604,0.9621,0.9634,62.6614,82.2838,95.5815
2024-03-04,4209102,202410,21.3033,23.8434,27.2819,0.0005,1.3151,7.1839,10.5209,0.9613,0.9623,0.9634,71.3602,88.6412,97.8095
2024-03-05,4209102,202410,19.7969,20.949,22.5105,9.8299,24.4471,32.7804,195.5765,0.9624,0.9634,0.9646,87.8389,93.9072,97.3601
2024-03-06,4209102,202410,19.2223,20.1324,21.5943,0.6632,5.8892,33.5127,47.1138,0.9642,0.9652,0.9664,84.0802,91.3317,96.4662
2024-03-07,4209102,202410,19.922,22.1382,25.5081,0.8985,2.5242,4.2832,20.1935,0.9654,0.9668,0.9686,72.7382,87.5263,97.5004
2024-03-08,4209102,202410,21.4292,22.6245,24.2024,0.2101,4.4205,11.5577,35.3637,0.9629,0.9656,0.9674,88.6234,92.7399,97.024
2024-03-09,4209102,202410,22.0565,24.0982,27.558,4.4435,8.0256,15.8747,64.2046,0.9597,0.961,0.9637,74.7066,88.9115,98.6363
2024-03-10,4209102,202411,22.8475,24.9001,28.5549,0.0119,1.8828,12.1924,15.0624,0.9604,0.9619,0.9633,71.6464,87.7049,97.6467
2024-03-11,4209102,202411,20.2885,23.1138,26.5141,1.7965,2.6979,3.0664,21.5833,0.9652,0.9662,0.9677,66.274,83.5973,95.6703
2024-03-12,4209102,202411,19.5353,22.9027,27.3295,0.2394,0.8544,3.1727,6.8354,0.9642,0.9667,0.9683,59.8136,81.0655,97.6863
2024-03-13,4209102,202411,19.9007,23.4444,29.201,0.001,0.0823,0.585,0.658,0.9625,0.9648,0.966,57.5506,80.0736,93.811
2024-03-14,4209102,202411,20.34,24.2669,30.6752,0.0004,0.0205,0.0366,0.1642,0.9606,0.9631,0.9647,55.1691,84.066,98.1744
2024-03-15,4209102,202411,22.5833,25.9574,31.5624,0.0022,0.0944,0.1709,0.7554,0.9584,0.9605,0.9621,61.8494,86.2912,99.0508
2024-03-16,4209102,202411,24.3225,27.2797,32.0475,0.0443,0.7389,3.3894,5.9113,0.9561,0.9583,0.9599,63.6468,86.8442,99.2673
2024-03-17,4209102,202412,24.0563,26.4406,31.0632,0.0824,6.801,27.9195,54.4079,0.9576,0.9593,0.9607,69.2845,89.349,95.99
2024-03-18,4209102,202412,22.2968,24.4582,27.1802,3.0342,7.6846,30.4544,61.4766,0.9595,0.9616,0.9629,73.9735,87.6952,97.0605
2024-03-19,4209102,202412,23.4213,25.4939,28.4558,0.0147,2.762,6.3081,22.0956,0.9582,0.9604,0.962,75.9161,88.8697,98.1779
2024-03-20,4209102,202412,23.2443,25.8493,29.5081,1.2158,2.2194,6.627,17.7556,0.9557,0.9584,0.9604,69.6795,86.8188,98.1545
2024-03-21,4209102,202412,24.4471,27.0241,33.2544,0.0,2.7145,10.6267,21.7158,0.9544,0.9565,0.958,56.9391,82.0778,96.0231
2024-03-22,4209102,202412,19.9035,21.0898,23.4006,7.9157,12.9705,14.7224,103.7643,0.9612,0.9667,0.97,73.4195,83.3094,93.4689
2024-03-23,4209102,202412,17.8083,19.8366,21.9794,0.1663,2.8562,14.7744,22.8499,0.9696,0.9709,0.9719,65.3729,74.0053,82.647
2024-03-24,4209102,202413,17.6424,19.9907,22.2086,0.0437,0.7137,2.3019,5.7097,0.9654,0.9677,0.9701,78.7655,85.8391,93.029
2024-03-25,4209102,202413,18.925,22.1568,26.3457,0.0136,0.3567,1.6065,2.8537,0.9615,0.964,0.9664,64.2129,84.1715,97.2226
2024-03-26,4209102,202413,20.0336,21.4765,23.412,0.5257,0.6442,0.8119,5.1535,0.9642,0.9655,0.967,68.312,82.6355,92.3917
2024-03-27,4209102,202413,17.3032,21.2466,24.323,0.1304,0.4928,1.0565,3.9427,0.966,0.9669,0.9685,66.8909,82.5085,97.8734
2024-03-28,4209102,202413,17.6935,21.5698,26.0041,0.0018,0.1471,0.9111,1.1768,0.9663,0.9675,0.9689,63.4603,82.1005,95.289
2024-03-29,4209102,202413,18.4894,21.8961,25.9976,0.0012,0.0291,0.1133,0.2331,0.9654,0.9672,0.9685,63.9257,83.2356,95.595
2024-03-30,4209102,202413,18.67,22.5406,27.2512,0.006,0.0395,0.1487,0.3161,0.9622,0.9646,0.9662,66.0757,83.545,96.7972
2024-03-31,4209102,202414,18.8322,23.1157,27.8949,0.0,0.1985,0.7584,1.5883,0.9613,0.963,0.9643,63.7565,86.0071,99.0232
2024-04-01,4209102,202414,20.7245,22.9859,25.5993,0.0041,0.3751,0.9475,3.0007,0.9615,0.9628,0.9638,70.2993,88.6049,98.8159
2024-04-02,4209102,202414,19.6377,23.6842,28.605,0.1621,0.3881,0.9591,3.1048,0.9587,0.9609,0.9626,59.361,81.1444,94.9157
2024-04-03,4209102,202414,20.5032,22.9139,26.4373,0.757,1.1019,2.5669,8.8154,0.9618,0.963,0.9645,70.0001,85.7133,94.3927
2024-04-04,4209102,202414,22.1499,24.8382,28.9732,0.087,0.3962,1.1266,3.1697,0.962,0.9637,0.9651,65.6385,85.0475,98.1092
2024-04-05,4209102,202414,22.3754,23.7829,26.1932,0.3518,1.4808,5.5793,11.8466,0.9637,0.9646,0.9662,76.1522,90.7541,98.4812
2024-04-06,4209102,202414,18.8327,20.1647,22.0348,4.3977,6.1959,10.854,49.5674,0.9662,0.9675,0.9691,76.4762,85.8129,95.4264
2024-04-07,4209102,202415,17.7087,20.6444,23.4026,0.02,0.9201,6.4802,7.3608,0.9641,0.9664,0.9683,73.5583,82.2799,92.5614
2024-04-08,4209102,202415,20.1077,22.2639,25.8209,0.016,1.5887,6.4583,12.7097,0.9609,0.9632,0.9647,73.7958,89.4854,97.5075
2024-04-09,4209102,202415,19.4564,22.5457,26.1464,2.1531,4.0928,11.922,32.7422,0.9616,0.9626,0.9645,74.2755,89.7658,98.461
2024-04-10,4209102,202415,19.2157,22.7987,26.6402,0.0026,0.6684,4.2064,5.3473,0.9609,0.9622,0.9637,69.06,86.7141,98.1957
2024-04-11,4209102,202415,20.791,21.8037,23.4567,0.0135,1.6844,4.8349,13.4751,0.9626,0.9646,0.9662,85.3443,93.2446,99.0884
2024-04-12,4209102,202415,20.1212,21.2502,23.2442,1.5397,6.2714,11.7361,50.1714,0.9661,0.9674,0.9686,88.8997,95.1137,98.4454
2024-04-13,4209102,202415,20.5941,22.1067,24.9935,1.2374,3.7827,13.077,30.2617,0.9638,0.9661,0.9676,75.874,91.3177,98.9269
2024-04-14,4209102,202416,21.004,21.4674,22.0179,0.2652,18.3241,45.2931,146.5932,0.9629,0.9641,0.9651,96.6181,97.7296,98.603
2024-04-15,4209102,202416,20.9643,21.8074,23.0695,1.3705,11.2032,46.5089,89.6253,0.9636,0.9643,0.9651,92.5453,96.6295,98.6303
2024-04-16,4209102,202416,21.4107,22.6423,24.7415,6.3833,12.4229,19.9252,99.3831,0.9621,0.9641,0.9653,88.5109,95.3638,98.3191
2024-04-17,4209102,202416,21.7317,23.4256,26.7026,7.5305,11.5331,28.6918,92.265,0.9608,0.9621,0.9631,51.3112,82.7757,98.6536
2024-04-18,4209102,202416,14.7184,19.1485,23.2848,0.0848,1.5423,10.0895,12.3387,0.965,0.9665,0.9683,45.536,71.6,92.484
2024-04-19,4209102,202416,12.6652,17.8535,23.6309,0.0,0.051,0.4049,0.4083,0.9665,0.9673,0.9685,52.0149,75.0956,89.3951
2024-04-20,4209102,202416,13.3799,17.981,23.5439,0.0,0.0005,0.0009,0.004,0.9668,0.9685,0.9703,60.5388,82.2307,97.278
2024-04-21,4209102,202417,15.4557,19.2475,25.3359,0.0002,0.0004,0.0006,0.0032,0.9638,0.9665,0.9685,60.6743,84.1799,97.4146
2024-04-22,4209102,202417,15.1472,19.987,26.8969,0.0,0.0009,0.0017,0.0072,0.9613,0.9636,0.9649,61.1512,86.8012,98.9689
2024-04-23,4209102,202417,19.2857,22.2622,26.5215,0.0,0.1885,0.7586,1.5077,0.9613,0.9624,0.9638,70.1825,85.1927,97.5703
2024-04-24,4209102,202417,19.9984,22.7578,26.637,0.3977,3.4087,9.5985,27.2697,0.9615,0.9629,0.9647,70.6858,86.0246,94.2499
2024-04-25,4209102,202417,18.4962,19.2598,21.0762,0.8744,5.1762,13.3811,41.4097,0.9656,0.9667,0.9684,90.6641,94.1111,96.5935
2024-04-26,4209102,202417,18.9245,20.823,23.8454,0.026,0.9351,6.681,7.4811,0.9631,0.966,0.9677,74.7686,88.202,95.2701
2024-04-27,4209102,202417,19.1916,23.6091,29.942,0.0046,0.0419,0.2243,0.3355,0.9576,0.9615,0.9641,60.6335,84.1617,98.35
2024-04-28,4209102,202418,21.1451,23.3046,25.4768,0.0,0.4081,2.6172,3.2645,0.9585,0.9603,0.9623,78.6685,82.9249,93.5592
2024-04-29,4209102,202418,19.6358,22.0582,26.7459,0.5371,1.0391,2.9194,8.3128,0.9616,0.9635,0.9657,71.222,88.4338,95.6339
2024-04-30,4209102,202418,20.4344,24.1422,29.3974,0.0015,0.1419,0.927,1.1354,0.9608,0.9622,0.964,63.2517,85.7568,98.5321
2024-05-01,4209102,202418,20.8262,24.8256,30.284,0.0001,0.0177,0.0498,0.1417,0.9585,0.9607,0.9627,59.6868,80.4491,97.6839
2024-05-02,4209102,202418,22.0228,25.859,31.9524,0.0,0.0203,0.1299,0.1626,0.9544,0.9568,0.9585,49.8928,74.6559,90.0441
2024-05-03,4209102,202418,20.9901,22.7248,24.7068,0.0884,0.3744,1.0217,2.9951,0.9581,0.9607,0.9631,76.0326,82.6292,90.1579
2024-05-04,4209102,202418,20.1848,23.3642,28.761,0.412,0.7272,2.316,5.8178,0.962,0.9632,0.9645,62.9536,86.0459,97.3608
2024-05-05,4209102,202419,21.0401,23.8725,28.0313,0.0013,0.1587,0.5631,1.2692,0.9642,0.9655,0.9673,66.8843,88.1527,99.5751
2024-05-06,4209102,202419,21.3149,24.1652,28.6359,0.0609,0.1893,0.3124,1.5142,0.961,0.9641,0.9659,57.9588,85.0625,99.149
2024-05-07,4209102,202419,19.3279,23.7468,29.4198,0.0,0.0451,0.1985,0.3605,0.9597,0.9617,0.9635,57.7336,77.6759,89.2419
2024-05-08,4209102,202419,20.6017,25.0954,31.2941,0.0,0.0039,0.0298,0.0315,0.9592,0.9604,0.9611,47.1687,72.3214,88.8803
2024-05-09,4209102,202419,19.2728,22.1084,24.2589,0.0,0.5217,1.7084,4.1738,0.9623,0.9647,0.9671,69.0983,80.5744,87.1875
2024-05-10,4209102,202419,17.9954,19.8604,23.4635,1.0052,1.7305,2.5835,13.8442,0.962,0.9659,0.9681,77.3857,88.5412,94.3756
2024-05-11,4209102,202419,19.0565,23.0309,28.89,0.0001,0.2338,1.8666,1.8703,0.9584,0.9613,0.9634,58.7325,80.9868,95.813
2024-05-12,4209102,202420,20.2491,24.2468,30.3645,0.0,0.059,0.1,0.4722,0.9559,0.9586,0.9606,45.3398,73.0471,89.2781
2024-05-13,4209102,202420,20.4521,22.7139,24.5136,0.0,1.3967,10.4724,11.1732,0.9564,0.9584,0.9607,64.9547,73.7844,95.5726
2024-05-14,4209102,202420,14.8316,15.5908,17.8727,6.5345,12.6534,26.514,101.2274,0.9637,0.9663,0.9683,80.6853,87.3327,93.8857
2024-05-15,4209102,202420,14.3446,15.866,18.0905,0.0955,1.816,13.3118,14.5276,0.9666,0.9675,0.9688,75.0712,83.6599,89.4202
2024-05-16,4209102,202420,16.2494,18.9618,24.9165,0.0049,0.1753,0.314,1.4024,0.9614,0.9644,0.9667,64.4233,83.4119,90.3329
2024-05-17,4209102,202420,18.985,20.6042,23.9175,0.0001,0.5111,2.125,4.0887,0.9616,0.9627,0.9641,74.1737,85.2546,93.065
2024-05-18,4209102,202420,14.2195,15.9765,17.799,0.8106,11.7012,27.3448,93.6098,0.9657,0.9669,0.9685,94.2547,95.3545,96.775
2024-05-19,4209102,202421,13.1087,14.5202,16.6637,10.8013,26.9309,32.8415,215.4473,0.9668,0.9686,0.97,89.5573,92.5888,95.1225
2024-05-20,4209102,202421,14.7087,17.494,20.8046,0.0903,4.0247,31.4878,32.1973,0.9658,0.967,0.968,61.8415,83.093,94.418
2024-05-21,4209102,202421,13.9818,16.7417,21.3117,0.004,0.0478,0.1032,0.3828,0.9683,0.9698,0.9716,72.3909,87.2517,97.6228
2024-05-22,4209102,202421,15.1623,19.1828,24.9156,0.0,0.0106,0.0557,0.0852,0.9651,0.9678,0.9694,71.2709,88.7554,98.3139
2024-05-23,4209102,202421,17.0649,21.5961,27.7467,0.013,0.0331,0.04,0.2647,0.9593,0.9631,0.9655,59.7054,83.0358,98.618
2024-05-24,4209102,202421,19.5643,20.9539,22.2541,0.0,5.6921,11.4411,45.5369,0.9584,0.9594,0.9601,75.124,82.8504,90.0362
2024-05-25,4209102,202421,12.3735,16.0467,19.8361,0.0,1.4458,11.4835,11.5667,0.9623,0.9673,0.9706,61.0772,71.8192,86.071
2024-05-26,4209102,202422,12.5248,13.1948,14.0275,0.2681,0.7217,1.2572,5.7739,0.9718,0.9726,0.9741,78.4493,80.5871,85.7033
2024-05-27,4209102,202422,13.0938,14.8281,17.2295,2.4173,16.254,34.368,130.032,0.9649,0.9691,0.9723,91.2787,95.2416,97.9749
2024-05-28,4209102,202422,12.9829,15.3161,17.4356,0.0953,4.6922,36.8609,37.5373,0.9638,0.965,0.9663,47.7566,71.3162,96.9177
2024-05-29,4209102,202422,9.7598,14.2298,19.4355,0.0,0.0121,0.0969,0.0969,0.9676,0.969,0.9703,55.2409,69.2895,83.4537
2024-05-30,4209102,202422,8.782,14.2388,19.1456,0.0,0.0006,0.0009,0.0051,0.9703,0.9711,0.9724,62.3804,80.7441,95.2959
2024-05-31,4209102,202422,10.2479,13.961,18.2657,0.0,0.0008,0.001,0.006,0.9718,0.9728,0.9742,66.4601,86.2332,98.267
2024-06-01,4209102,202422,12.9254,15.7392,20.7796,0.0013,0.0178,0.0379,0.1427,0.9703,0.9722,0.9733,66.1714,86.7471,96.5016
2024-06-02,4209102,202423,12.8485,17.2024,23.4779,0.0002,0.015,0.0379,0.1198,0.9681,0.97,0.9714,62.9751,86.1714,97.8993
2024-06-03,4209102,202423,14.9266,18.0024,24.7116,0.0001,0.2662,1.2772,2.1293,0.9688,0.9697,0.971,59.6103,83.0844,95.234
2024-06-04,4209102,202423,12.1582,13.5094,14.8991,0.643,1.0433,1.6063,8.3466,0.9727,0.9738,0.9755,77.9537,83.469,90.9011
2024-06-05,4209102,202423,12.8025,16.4277,22.1989,0.0042,0.1509,1.1712,1.2076,0.9683,0.9716,0.974,66.8398,83.4431,93.0098
2024-06-06,4209102,202423,13.3019,17.9758,24.2553,0.0,0.0022,0.0065,0.0176,0.9679,0.9692,0.9704,66.5821,86.9632,97.9483
2024-06-07,4209102,202423,13.3006,18.6599,24.8942,0.0,0.002,0.0042,0.0163,0.9686,0.9696,0.9711,61.0705,85.1326,97.0558
2024-06-08,4209102,202423,14.0264,18.5396,23.6021,0.0029,0.0476,0.0735,0.3808,0.9685,0.9701,0.9722,71.8062,88.9818,97.8829
2024-06-09,4209102,202424,16.1607,19.3546,24.5819,0.0362,0.231,0.3529,1.8479,0.9628,0.967,0.9695,63.994,87.4053,99.0226
2024-06-10,4209102,202424,15.7392,20.5844,27.6977,0.0033,0.0495,0.3533,0.3958,0.9638,0.9647,0.9661,53.8851,76.9834,90.2572
2024-06-11,4209102,202424,15.2205,19.5372,23.921,0.0,0.0111,0.046,0.0889,0.966,0.968,0.9697,72.5929,85.5006,94.5284
2024-06-12,4209102,202424,17.6674,19.8212,24.0701,0.0582,0.2049,0.2819,1.6391,0.9666,0.9684,0.9697,65.0717,89.1238,99.1254
2024-06-13,4209102,202424,16.3009,19.9188,25.6783,0.0046,0.0617,0.2826,0.4932,0.9629,0.9656,0.9672,59.5843,83.5874,97.1266
2024-06-14,4209102,202424,14.1257,19.2218,25.5717,0.001,0.009,0.0403,0.0723,0.9634,0.9643,0.9663,55.4306,73.7181,86.237
2024-06-15,4209102,202424,16.7512,21.2167,28.2822,0.0,0.001,0.0053,0.0079,0.9642,0.9654,0.9672,51.7582,74.3874,86.162
2024-06-16,4209102,202425,18.0154,20.2839,24.1318,0.0013,0.0099,0.0133,0.0791,0.9632,0.9657,0.9678,69.8082,82.156,89.2669
2024-06-17,4209102,202425,18.189,20.3824,24.3234,0.0135,0.5615,1.1012,4.4921,0.9599,0.9623,0.964,66.7425,84.4487,95.8259
2024-06-18,4209102,202425,16.9152,20.3198,25.0236,0.0002,0.1674,1.1866,1.3396,0.9606,0.9618,0.9638,59.4032,78.8457,88.2071
2024-06-19,4209102,202425,16.2505,20.2044,26.6124,0.0,0.0045,0.0362,0.0362,0.9622,0.9633,0.965,51.8679,72.2027,86.2761
2024-06-20,4209102,202425,15.838,19.2728,24.1397,0.0,0.0232,0.1852,0.1854,0.9654,0.9665,0.9679,63.1963,81.9812,97.1918
2024-06-21,4209102,202425,15.2429,18.5075,22.1259,0.0027,0.1157,0.8984,0.9255,0.9655,0.9674,0.9687,70.3411,88.7513,98.62
2024-06-22,4209102,202425,15.3839,19.2261,24.3467,0.0055,0.0143,0.0197,0.1146,0.9617,0.9643,0.9665,62.7113,84.9821,98.6527
2024-06-23,4209102,202426,16.6833,21.1599,28.1876,0.0,0.0033,0.0197,0.0266,0.9589,0.9607,0.962,53.0676,73.7661,92.4983
2024-06-24,4209102,202426,16.745,19.95,21.8137,0.0,0.5324,3.4595,4.2592,0.9603,0.9618,0.9642,71.5621,80.1904,94.3999
2024-06-25,4209102,202426,12.2463,13.1416,15.1753,7.0652,18.2707,27.4084,146.1659,0.9669,0.9698,0.9721,88.3295,92.1474,95.6581
2024-06-26,4209102,202426,12.7325,16.7265,23.3842,2.7491,6.1356,28.1921,49.0847,0.9604,0.9651,0.9706,67.9527,85.7132,95.5512
2024-06-27,4209102,202426,14.8256,17.3533,20.2153,0.0283,0.5225,3.1022,4.1802,0.9614,0.9632,0.9651,59.9631,75.4404,82.9524
2024-06-28,4209102,202426,13.6498,17.8939,24.7399,0.0,0.0265,0.2029,0.2118,0.9586,0.9601,0.9618,59.6071,80.2657,93.1082
2024-06-29,4209102,202426,15.7236,17.6053,19.6606,0.3183,1.4236,1.7622,11.3891,0.9612,0.9641,0.9663,48.2134,75.7426,91.7484
2024-06-30,4209102,202427,6.2673,10.87,15.1561,0.0,0.2209,1.7622,1.7673,0.9676,0.9689,0.9708,45.4587,65.0582,74.5362
2024-07-01,4209102,202427,5.5513,11.1899,18.3497,0.0,0.0002,0.0013,0.0013,0.9682,0.9698,0.9715,57.365,79.6038,94.1528
2024-07-02,4209102,202427,6.9656,12.9784,20.6204,0.0,0.0001,0.0009,0.0009,0.9668,0.9693,0.9711,62.0519,84.9453,97.5586
2024-07-03,4209102,202427,11.9742,17.4487,26.6412,0.0,0.0,0.0,0.0,0.9614,0.9647,0.9674,51.5766,76.3105,96.4438
2024-07-04,4209102,202427,13.8363,16.6095,19.3389,0.0027,0.0664,0.1203,0.5309,0.9639,0.9647,0.9667,76.8322,83.4211,91.1972
2024-07-05,4209102,202427,12.3124,16.0174,20.9843,0.0002,0.0159,0.1205,0.1271,0.9651,0.9661,0.9677,73.1194,87.0298,95.8782
2024-07-06,4209102,202427,10.6925,12.2271,15.3855,0.3864,1.2734,2.2715,10.1874,0.9692,0.9718,0.9739,82.3931,86.8448,92.4415
2024-07-07,4209102,202428,10.6439,12.3845,15.9607,0.2386,1.1647,2.5615,9.3174,0.9658,0.969,0.9719,82.9513,89.8249,93.7222
2024-07-08,4209102,202428,12.2514,12.6403,13.1076,4.0625,13.9379,18.5105,111.5032,0.9675,0.9685,0.9695,85.1014,92.2565,96.2949
2024-07-09,4209102,202428,10.4827,10.9031,11.9149,1.0774,8.1931,19.1169,65.5449,0.9666,0.9688,0.9701,89.9398,91.9264,95.3187
2024-07-10,4209102,202428,10.5122,13.5556,18.8288,4.922,10.6269,24.5168,85.015,0.9629,0.9647,0.9672,65.7406,87.6279,95.0098
2024-07-11,4209102,202428,11.8338,13.2118,14.7647,0.0162,6.2146,14.3138,49.717,0.9651,0.9678,0.97,89.5012,94.7171,96.9673
2024-07-12,4209102,202428,12.0543,12.5867,13.297,2.5758,9.703,18.2309,77.6239,0.9718,0.9742,0.9764,93.8713,95.6032,97.0442
2024-07-13,4209102,202428,10.4147,12.2559,14.599,3.3122,9.5519,15.971,76.4152,0.974,0.9757,0.9773,88.4737,93.3747,97.5105
2024-07-14,4209102,202429,13.0774,14.4247,16.6121,3.4073,9.8485,17.1602,78.7878,0.9692,0.9714,0.9737,95.5193,96.772,97.9699
2024-07-15,4209102,202429,13.0426,13.6668,14.6807,0.6779,6.8028,15.3285,54.4225,0.9721,0.9743,0.9764,94.1173,94.7925,96.9781
2024-07-16,4209102,202429,13.8472,14.7136,15.9408,1.719,6.0841,14.6735,48.6731,0.9742,0.9753,0.9765,94.2983,97.4286,98.9225
2024-07-17,4209102,202429,14.0561,16.8505,22.293,0.1267,1.4161,10.0168,11.3287,0.9689,0.9728,0.9753,66.3823,89.2127,98.9063
2024-07-18,4209102,202429,13.3783,15.7599,18.9371,0.0125,0.066,0.2473,0.5278,0.9692,0.9705,0.9721,79.6031,90.7715,95.4463
2024-07-19,4209102,202429,13.0155,15.9748,21.5141,0.0562,0.1622,0.2085,1.2976,0.9719,0.9731,0.9751,65.493,87.3243,98.4383
2024-07-20,4209102,202429,11.0582,14.9564,19.059,0.0,0.0413,0.2085,0.3304,0.9718,0.9731,0.9744,65.6895,87.7576,98.5749
2024-07-21,4209102,202430,10.8186,14.8563,20.2226,0.0392,0.0816,0.0983,0.6528,0.9696,0.9717,0.9737,63.4877,86.4535,98.9453
2024-07-22,4209102,202430,11.6605,16.1791,23.0216,0.0,0.0125,0.0983,0.1003,0.9694,0.9704,0.9716,55.574,80.9567,96.6334
2024-07-23,4209102,202430,11.267,16.4951,23.2584,0.0009,0.0232,0.0319,0.1854,0.9714,0.9722,0.9737,50.1187,81.0145,98.7208
2024-07-24,4209102,202430,11.5685,16.6987,22.4066,0.0,0.0067,0.0319,0.0539,0.9707,0.9721,0.9736,64.2313,81.0758,88.4949
2024-07-25,4209102,202430,12.6156,17.0018,23.7855,0.0,0.0232,0.0328,0.1853,0.9658,0.9693,0.9714,61.1452,85.5625,99.5611
2024-07-26,4209102,202430,13.8846,18.0304,23.8174,0.0,0.0043,0.0328,0.0344,0.9661,0.9671,0.9685,59.336,79.6088,89.9672
2024-07-27,4209102,202430,15.0957,18.9454,24.1928,0.0,0.002,0.0036,0.0158,0.9665,0.9677,0.9693,61.2698,82.6417,98.4919
2024-07-28,4209102,202431,15.4033,19.0798,24.7359,0.0037,0.0747,0.2237,0.5974,0.9664,0.9678,0.9692,61.4515,82.0129,92.3551
2024-07-29,4209102,202431,14.2925,17.1663,19.8775,0.4051,11.5412,25.2929,92.3296,0.9678,0.969,0.9718,83.1008,93.5716,99.3405
2024-07-30,4209102,202431,12.4269,13.0906,14.0019,0.6367,4.4921,25.7433,35.9367,0.9737,0.9751,0.977,79.9631,86.0073,90.1889
2024-07-31,4209102,202431,13.3931,14.889,17.8482,0.1117,1.101,2.1518,8.8084,0.9725,0.9743,0.9759,79.8936,89.3041,93.2073
2024-08-01,4209102,202431,14.9863,17.0223,20.3437,0.2126,0.5579,2.1923,4.4631,0.9709,0.9725,0.9738,75.6982,90.7788,97.7109
2024-08-02,4209102,202431,15.5276,17.4841,20.827,0.0669,0.1657,0.4443,1.3258,0.9684,0.971,0.9727,73.1151,90.5789,99.3054
2024-08-03,4209102,202431,14.0279,18.0534,23.8349,0.016,0.0691,0.1611,0.5525,0.9657,0.9681,0.9697,65.7531,88.0737,99.1837
2024-08-04,4209102,202432,15.9267,20.1816,25.7529,0.0562,0.0885,0.0974,0.7082,0.9663,0.9675,0.9686,59.3893,82.8221,95.6715
2024-08-05,4209102,202432,16.9033,19.8759,25.1887,0.0149,0.1128,0.5472,0.9027,0.9662,0.9681,0.9694,65.3529,88.283,99.2884
2024-08-06,4209102,202432,17.0066,20.2583,25.5283,0.0014,0.1173,0.5943,0.9385,0.9636,0.9665,0.9679,66.4899,88.2381,96.9312
2024-08-07,4209102,202432,17.2483,20.4688,26.4897,0.0153,0.0591,0.2104,0.4725,0.9588,0.9623,0.9651,59.5716,84.0043,98.3087
2024-08-08,4209102,202432,16.1781,18.345,20.2451,0.1669,0.6503,2.545,5.2022,0.9599,0.9614,0.9628,79.187,89.2958,96.0727
2024-08-09,4209102,202432,14.251,16.1283,18.2157,1.5637,4.6113,6.6626,36.8908,0.9639,0.9657,0.9674,54.5993,82.9417,98.658
2024-08-10,4209102,202432,7.2695,12.0651,16.5553,0.138,0.9885,6.6826,7.9084,0.9667,0.9682,0.9702,49.3632,68.3476,89.2821
2024-08-11,4209102,202433,7.1763,13.1875,21.2916,0.0,0.0228,0.1813,0.1822,0.9632,0.9664,0.9686,38.6857,70.5996,90.3041
2024-08-12,4209102,202433,8.0015,12.6612,17.0869,0.0,0.0006,0.0009,0.0052,0.9643,0.9666,0.9684,35.8874,59.3751,75.9107
2024-08-13,4209102,202433,3.797,9.6399,14.2999,0.0,0.0001,0.0009,0.0009,0.9707,0.9729,0.9748,56.6427,67.6353,86.4817
2024-08-14,4209102,202433,4.0272,10.6014,18.6632,0.0,0.0,0.0,0.0,0.9685,0.9715,0.9735,57.4834,79.9241,96.9311
2024-08-15,4209102,202433,7.3727,13.6772,22.3747,0.0,0.0,0.0,0.0,0.9666,0.9689,0.9703,59.5244,83.8001,98.6601
2024-08-16,4209102,202433,11.9341,18.2211,27.4162,0.0,0.0043,0.0072,0.0347,0.9642,0.9666,0.968,51.9571,77.6785,95.5824
2024-08-17,4209102,202433,15.6603,20.4882,27.1999,0.0,0.0069,0.0119,0.0552,0.9637,0.9652,0.9661,53.4981,74.3041,88.1682
2024-08-18,4209102,202434,16.6171,20.5819,26.2187,0.0207,0.0446,0.0847,0.3565,0.9645,0.9658,0.9669,58.7369,80.2629,93.4649
2024-08-19,4209102,202434,16.8113,22.1569,29.492,0.0549,0.1062,0.1267,0.8494,0.9625,0.9651,0.9666,51.0951,75.728,92.7555
2024-08-20,4209102,202434,16.7222,20.2928,24.153,0.0687,0.12,0.3777,0.9599,0.964,0.9674,0.9693,66.8299,80.9675,92.8336
2024-08-21,4209102,202434,16.9434,18.8511,22.6552,1.1335,2.5199,3.402,20.1592,0.9652,0.9689,0.9708,72.0478,90.1655,98.966
2024-08-22,4209102,202434,16.8436,20.6863,27.5027,0.0428,0.5813,3.4206,4.6508,0.959,0.9631,0.966,53.8587,82.7796,98.8824
2024-08-23,4209102,202434,15.0264,17.89,20.9,0.2356,1.7072,6.9458,13.6579,0.9602,0.9625,0.9637,67.1229,83.5781,94.722
2024-08-24,4209102,202434,12.0032,12.6305,13.5592,0.3317,8.6831,18.1782,69.4649,0.9661,0.9677,0.9696,88.8628,91.6956,94.559
2024-08-25,4209102,202435,8.9513,11.9905,15.9408,0.3213,2.7571,19.0914,22.0567,0.9714,0.9723,0.9734,39.1415,70.0813,92.5284
2024-08-26,4209102,202435,5.1141,10.5194,16.7898,0.0,0.0554,0.4434,0.4434,0.9712,0.973,0.9741,45.9796,62.8291,76.2218
2024-08-27,4209102,202435,5.1906,11.4198,17.2744,0.0,0.0,0.0,0.0,0.9732,0.974,0.975,58.6051,75.6299,94.0102
2024-08-28,4209102,202435,7.3208,12.0958,18.0395,0.0,0.0006,0.001,0.0047,0.9732,0.9746,0.9762,64.4804,83.9826,97.1535
2024-08-29,4209102,202435,11.051,15.4591,21.2214,0.0036,0.0156,0.0222,0.1244,0.9706,0.9732,0.9749,67.2127,85.4371,97.8752
2024-08-30,4209102,202435,12.5957,18.3294,25.4881,0.0,0.0042,0.0222,0.0336,0.9664,0.9696,0.9718,64.0844,86.4955,98.9281
2024-08-31,4209102,202435,15.3382,18.0011,22.3588,0.0483,0.4705,0.6568,3.7636,0.9674,0.969,0.971,70.6769,90.044,98.837
2024-09-01,4209102,202436,14.6135,19.4512,26.608,0.0014,0.097,0.6569,0.7756,0.9609,0.9647,0.968,56.7563,81.4424,98.3285
2024-09-02,4209102,202436,14.9147,18.2626,20.9452,0.0276,0.9899,1.4682,7.9194,0.9629,0.964,0.9655,66.1294,82.0775,95.4769
2024-09-03,4209102,202436,14.5164,18.8339,26.5719,0.2142,0.5498,1.5755,4.3983,0.9619,0.9639,0.9654,58.2644,82.8278,94.925
2024-09-04,4209102,202436,16.0489,18.6706,21.5269,0.1037,0.3881,0.6057,3.1048,0.9634,0.9653,0.9676,81.1765,91.204,98.5001
2024-09-05,4209102,202436,13.4811,16.0406,18.1101,0.0412,3.2274,12.2556,25.8189,0.9637,0.9669,0.97,85.1842,93.0701,98.3417
2024-09-06,4209102,202436,11.447,14.1536,17.3682,0.0166,1.644,12.2988,13.1518,0.9671,0.9693,0.9708,77.9203,86.4773,93.2963
2024-09-07,4209102,202436,14.3013,18.7921,25.8216,0.0115,0.1108,0.4431,0.8867,0.9641,0.9663,0.9677,68.3584,85.6223,95.9393
2024-09-08,4209102,202437,16.9142,22.2284,28.9574,0.0365,0.0635,0.082,0.5077,0.9657,0.9668,0.9683,58.1175,82.6598,99.2105
2024-09-09,4209102,202437,18.1744,22.0308,26.7987,0.0536,0.1978,0.2608,1.5826,0.9651,0.9665,0.9681,68.6324,84.0096,92.9902
2024-09-10,4209102,202437,18.1427,22.1926,28.9462,0.0565,0.1015,0.3219,0.8118,0.9603,0.9639,0.9667,56.5726,81.9433,97.1353
2024-09-11,4209102,202437,18.2186,24.5509,32.1812,0.0017,0.0225,0.0733,0.18,0.9595,0.9611,0.9634,39.4789,65.653,88.0607
2024-09-12,4209102,202437,18.1924,23.9801,31.3458,0.0,0.0109,0.0636,0.087,0.9593,0.9615,0.9632,41.8341,57.6665,84.5259
2024-09-13,4209102,202437,16.6324,21.8174,29.5543,0.0914,0.1974,0.2225,1.5792,0.9589,0.9625,0.9644,48.0743,79.3784,95.7014
2024-09-14,4209102,202437,19.3393,21.3308,24.4256,0.0,1.4149,5.9582,11.3193,0.961,0.9627,0.9654,70.9894,84.8189,92.5526
2024-09-15,4209102,202438,12.3608,14.1287,17.1696,1.5384,11.1767,30.4223,89.4136,0.9682,0.9704,0.9723,85.4399,90.5494,96.4048
2024-09-16,4209102,202438,14.2032,14.9686,15.9638,10.3021,22.8353,41.7168,182.6822,0.9691,0.9712,0.9724,85.5915,93.1778,97.0768
2024-09-17,4209102,202438,11.418,15.1587,18.7359,0.0038,3.3441,24.4857,26.7526,0.9709,0.9722,0.9735,70.3172,87.045,98.6202
2024-09-18,4209102,202438,13.748,15.7572,18.2674,0.0334,1.3124,2.525,10.4992,0.9679,0.9705,0.972,72.9697,88.2733,96.8159
2024-09-19,4209102,202438,15.8726,18.0187,21.5502,0.1012,1.0461,2.5688,8.3686,0.9647,0.9669,0.9686,72.9838,88.9273,97.1503
2024-09-20,4209102,202438,15.9606,18.9659,22.7175,0.0561,0.6541,2.4135,5.2331,0.9616,0.9637,0.9654,78.9921,91.4484,97.6632
2024-09-21,4209102,202438,16.5592,19.7666,23.6604,2.0099,3.906,5.037,31.248,0.9625,0.9636,0.9658,70.2092,87.233,96.8096
2024-09-22,4209102,202439,17.364,20.6047,26.7797,0.0373,0.7309,5.0569,5.8474,0.9604,0.963,0.9648,65.4682,88.1789,98.7872
2024-09-23,4209102,202439,18.5591,22.304,28.0903,0.0008,0.068,0.158,0.5442,0.9612,0.9626,0.9637,70.2588,89.3271,99.2847
2024-09-24,4209102,202439,18.7773,21.9254,26.9355,0.0798,0.1498,0.1832,1.1986,0.9615,0.9638,0.9656,66.0597,85.4888,97.715
2024-09-25,4209102,202439,17.5086,21.767,28.893,0.0001,0.0712,0.1832,0.5696,0.9586,0.9615,0.9632,62.159,85.3189,98.8433
2024-09-26,4209102,202439,18.7065,22.0701,28.3151,0.0423,0.174,0.2674,1.3921,0.9572,0.9603,0.9616,67.2546,88.2433,98.4763
2024-09-27,4209102,202439,18.9735,20.5579,24.0177,0.3183,5.3612,9.6449,42.8894,0.9594,0.962,0.9646,61.2639,86.5566,99.1372
2024-09-28,4209102,202439,15.2944,18.0116,20.9761,0.0658,1.3999,9.9098,11.199,0.9666,0.9681,0.9702,66.3054,80.428,94.6241
2024-09-29,4209102,202440,13.2208,17.8643,22.5579,0.0014,0.035,0.2529,0.2801,0.9666,0.9686,0.97,64.0746,82.243,96.5467
2024-09-30,4209102,202440,16.8787,20.2083,25.7197,0.0075,0.0484,0.0894,0.3869,0.9617,0.9661,0.9686,65.9263,82.9719,94.0651
2024-10-01,4209102,202440,17.754,23.5665,32.2762,0.0003,0.0245,0.0894,0.1957,0.9557,0.9597,0.9628,51.5176,79.4697,98.7491
2024-10-02,4209102,202440,18.4197,22.4784,28.8368,0.1233,1.7141,10.0408,13.713,0.9565,0.9581,0.9604,60.7665,84.2559,97.193
2024-10-03,4209102,202440,15.0071,16.4465,19.3281,6.7366,10.9538,18.7814,87.6307,0.963,0.9672,0.9702,71.0458,84.5639,98.0033
2024-10-04,4209102,202440,13.7316,15.2632,17.072,0.0282,1.7532,11.2977,14.0256,0.9699,0.9713,0.9724,74.7237,78.589,81.9787
2024-10-05,4209102,202440,13.6286,17.3959,21.6571,0.0037,0.1939,1.1418,1.551,0.9668,0.9696,0.9719,63.1295,80.1227,92.7372
2024-10-06,4209102,202441,15.4716,18.7247,23.2622,0.0038,0.0289,0.0878,0.2314,0.9637,0.9664,0.9687,62.7567,83.0837,97.0121
2024-10-07,4209102,202441,14.8252,18.4313,22.6625,0.0002,0.0866,0.501,0.6924,0.9627,0.9651,0.9664,61.7577,83.8782,99.4007
2024-10-08,4209102,202441,15.1064,19.2145,23.544,0.0959,0.1603,0.563,1.2823,0.9606,0.9622,0.9641,68.355,84.7873,96.5463
2024-10-09,4209102,202441,17.0001,18.1558,19.5327,0.1168,7.4732,24.0677,59.7856,0.9633,0.9655,0.9672,88.1504,95.2514,98.7555
2024-10-10,4209102,202441,17.3309,18.0174,18.8909,8.0444,25.7351,36.8882,205.8808,0.9632,0.9656,0.9671,96.2273,96.931,98.2788
2024-10-11,4209102,202441,18.7675,20.6601,25.2265,1.432,10.2294,38.3638,81.8355,0.9539,0.959,0.9635,72.292,93.2418,99.355
2024-10-12,4209102,202441,17.6511,20.7574,24.3481,3.3608,7.523,31.5114,60.1838,0.9568,0.9614,0.9671,69.6936,87.5744,99.3893
2024-10-13,4209102,202442,16.2791,18.2211,20.5233,0.0439,1.4234,7.0808,11.3874,0.9699,0.9722,0.9741,74.9292,86.0498,95.649
2024-10-14,4209102,202442,15.6874,18.0575,20.8207,0.1069,0.6975,1.98,5.5802,0.9717,0.9739,0.9751,71.5495,84.8713,95.8629
2024-10-15,4209102,202442,17.2286,19.2216,22.2611,0.2485,1.2247,2.4131,9.7974,0.9658,0.9689,0.9725,71.7532,85.9091,96.5469
2024-10-16,4209102,202442,16.9541,20.7052,26.0683,0.7275,1.1657,2.8607,9.3255,0.961,0.9634,0.9665,63.7579,84.9858,97.7511
2024-10-17,4209102,202442,17.9693,20.6313,24.7396,0.5976,1.486,1.7847,11.8881,0.962,0.9638,0.9649,67.5124,85.8262,96.6494
2024-10-18,4209102,202442,18.187,20.7217,24.2152,0.2866,0.6491,1.9059,5.1932,0.9613,0.9636,0.965,66.2794,85.0783,97.6948
2024-10-19,4209102,202442,17.7363,18.4467,19.6086,0.8369,6.8056,16.1484,54.4451,0.9624,0.9638,0.9653,90.8155,93.8551,96.4066
2024-10-20,4209102,202443,15.5403,18.6206,22.1532,0.0447,2.5902,16.2499,20.7216,0.9632,0.9644,0.9656,66.3782,84.6747,96.3728
2024-10-21,4209102,202443,18.2655,20.0071,22.4173,0.2884,1.9738,3.6351,15.7906,0.966,0.9668,0.9683,82.1909,89.853,97.6624
2024-10-22,4209102,202443,19.8218,22.813,27.5411,0.3067,1.1599,3.8315,9.2788,0.9624,0.9655,0.9672,68.6698,86.9262,98.9625
2024-10-23,4209102,202443,20.1417,23.2532,27.5398,0.0053,1.068,6.4913,8.544,0.9589,0.9621,0.9639,65.5042,89.0301,99.5759
2024-10-24,4209102,202443,21.2148,25.1992,30.9281,0.1974,1.8569,8.0811,14.8548,0.9499,0.9554,0.9599,57.7574,82.5188,98.9394
2024-10-25,4209102,202443,22.9481,26.5426,30.9662,0.0164,0.4786,2.7517,3.8285,0.9504,0.9527,0.9552,40.388,68.3647,85.9019
2024-10-26,4209102,202443,18.9196,21.7828,26.2479,0.1749,0.3193,0.4902,2.5541,0.9586,0.9609,0.9639,53.192,79.1358,93.9435
2024-10-27,4209102,202444,16.0586,17.2635,18.473,0.7091,3.0593,6.1402,24.4746,0.9668,0.9691,0.971,79.3473,83.4473,89.0466
2024-10-28,4209102,202444,16.0268,19.5034,23.5525,0.2929,1.2345,6.3858,9.8762,0.9656,0.9684,0.9702,62.8072,80.7149,95.9209
2024-10-29,4209102,202444,18.5674,21.3197,25.2392,0.0108,0.2587,0.6191,2.0696,0.9639,0.9658,0.9672,64.5856,83.2507,96.1678
2024-10-30,4209102,202444,18.4547,20.4331,22.9552,0.1018,1.6046,6.3501,12.8369,0.9648,0.9657,0.9667,77.8877,90.6953,98.5855
2024-10-31,4209102,202444,17.9098,19.8962,22.8128,0.6832,3.2319,7.4297,25.8549,0.9649,0.9662,0.9673,72.0576,87.0468,97.0897
2024-11-01,4209102,202444,17.1514,20.3167,24.018,0.1274,1.0796,5.0721,8.6367,0.9636,0.9657,0.9668,66.4877,84.1052,97.1864
2024-11-02,4209102,202444,18.5298,21.0435,24.5267,0.0209,0.8086,2.4316,6.4692,0.9628,0.9643,0.9657,73.2503,89.388,98.182
2024-11-03,4209102,202445,20.2303,20.7633,21.6785,1.3619,6.9221,12.819,55.3765,0.9626,0.9636,0.9647,93.3348,96.4575,98.813
2024-11-04,4209102,202445,18.9281,20.3713,23.5211,0.6435,5.5301,13.3222,44.241,0.9617,0.9632,0.9644,88.7876,95.4593,98.0345
2024-11-05,4209102,202445,20.6566,22.5646,25.9628,0.0941,3.7161,10.1616,29.7286,0.9613,0.963,0.964,85.6749,94.319,99.0652
2024-11-06,4209102,202445,20.474,22.4079,25.3071,0.1104,2.6233,9.7084,20.9864,0.959,0.962,0.964,77.6094,91.1825,99.276
2024-11-07,4209102,202445,21.0526,22.0003,23.5117,3.6204,28.7901,51.4691,230.3208,0.9539,0.9582,0.9616,89.1115,96.1987,99.5137
2024-11-08,4209102,202445,19.8233,21.8286,24.3764,0.0019,8.7831,51.6721,70.2644,0.9537,0.9559,0.9578,79.5496,89.696,97.4641
2024-11-09,4209102,202445,17.6769,19.6254,21.8006,0.6461,1.8617,8.6673,14.8934,0.9604,0.9623,0.964,60.8251,77.3059,90.0217
2024-11-10,4209102,202446,17.6673,19.8272,23.024,0.2023,0.4027,1.0078,3.2218,0.9622,0.9642,0.9656,64.577,76.3924,86.2927
2024-11-11,4209102,202446,17.548,21.9514,27.9441,0.0008,0.0506,0.3818,0.4052,0.9559,0.9601,0.9624,54.8375,77.15,92.7432
2024-11-12,4209102,202446,18.1086,20.6276,22.3048,0.0,3.5142,13.0042,28.1133,0.9556,0.9579,0.9597,78.266,87.0599,93.7246
2024-11-13,4209102,202446,15.4731,17.6477,20.4738,0.8599,3.484,14.8394,27.872,0.9611,0.9621,0.9635,69.1421,81.2555,91.4572
2024-11-14,4209102,202446,16.457,18.8671,21.6489,0.2682,1.0469,2.6604,8.3748,0.9637,0.9647,0.9659,67.1752,78.4117,89.6375
2024-11-15,4209102,202446,16.2833,19.397,22.6239,0.0096,0.8006,1.9275,6.4046,0.9641,0.9654,0.9667,70.0486,82.8431,94.1134
2024-11-16,4209102,202446,19.3844,20.7623,23.0386,0.4951,1.7009,2.8895,13.6068,0.9637,0.9648,0.9661,81.5762,91.6375,98.5391
2024-11-17,4209102,202447,19.532,22.1718,25.2337,0.0924,1.0516,3.1352,8.4127,0.9617,0.964,0.9653,72.2112,87.0489,99.0071
2024-11-18,4209102,202447,19.1102,23.3629,29.1056,0.0151,0.25,1.3716,1.9996,0.9588,0.9615,0.9635,65.0069,85.1476,99.2852
2024-11-19,4209102,202447,20.5778,21.8224,23.6112,0.1082,1.3454,3.9472,10.7633,0.9616,0.9627,0.964,78.6697,90.2826,97.0589
2024-11-20,4209102,202447,18.5879,21.5383,25.7431,1.3822,3.283,6.2154,26.2637,0.9612,0.9627,0.9641,72.6607,90.8984,98.9817
2024-11-21,4209102,202447,17.0306,18.1161,19.6172,0.9841,4.1709,8.0637,33.3668,0.9654,0.9665,0.9679,86.6877,91.7858,96.2453
2024-11-22,4209102,202447,18.4665,18.7227,19.2065,1.9847,8.5235,13.3154,68.1877,0.9651,0.9665,0.9677,89.2254,94.9287,98.3546
2024-11-23,4209102,202447,17.8442,18.074,18.4953,1.0122,11.0246,20.2425,88.1972,0.9642,0.9664,0.9681,88.8219,95.551,98.4669
2024-11-24,4209102,202448,16.5102,19.3018,22.6035,0.3126,3.029,20.3409,24.2322,0.9668,0.9677,0.9686,61.623,81.0401,97.4427
2024-11-25,4209102,202448,15.1014,19.3451,23.8598,0.0017,0.12,0.7606,0.9603,0.9638,0.9666,0.9683,62.2127,81.3692,96.9769
2024-11-26,4209102,202448,17.9762,22.7938,29.4124,0.0016,0.0276,0.0774,0.221,0.9588,0.9626,0.9655,52.7475,80.2381,96.3517
2024-11-27,4209102,202448,21.3198,25.4124,30.9489,0.0465,0.2931,0.436,2.3448,0.9562,0.9591,0.9611,59.7401,83.4092,98.8504
2024-11-28,4209102,202448,22.8731,25.0449,27.568,0.0007,1.244,3.5609,9.9523,0.9552,0.9574,0.9591,72.9262,86.3131,94.7793
2024-11-29,4209102,202448,20.8989,22.4929,24.3638,0.7061,3.6756,5.7995,29.4051,0.9588,0.96,0.9614,82.4313,92.1251,98.2078
2024-11-30,4209102,202448,21.4479,22.9769,25.6519,0.2578,2.1359,5.9807,17.0872,0.9601,0.9613,0.9622,80.7772,91.7726,98.939
2024-12-01,4209102,202449,20.2424,22.2573,25.3871,1.9642,5.3596,6.8542,42.8772,0.9578,0.9618,0.9636,76.3557,89.5295,96.6735
2024-12-02,4209102,202449,21.1657,24.6536,31.2222,0.0032,6.2191,29.565,49.7525,0.9544,0.9555,0.9574,63.6045,86.5339,95.4267
2024-12-03,4209102,202449,19.0191,20.119,21.8389,2.8385,9.6002,34.1157,76.8017,0.9571,0.9594,0.961,81.9083,90.7671,97.485
2024-12-04,4209102,202449,17.7374,18.6087,19.1641,1.5096,7.7492,13.2953,61.9937,0.9632,0.9643,0.9657,83.3019,89.5003,94.0278
2024-12-05,4209102,202449,16.8103,19.8188,24.1226,0.304,2.0891,13.5672,16.7128,0.961,0.9632,0.9653,68.9009,85.4939,95.7919
2024-12-06,4209102,202449,19.7276,24.1031,30.8537,0.729,1.1953,3.3098,9.5624,0.9552,0.959,0.9621,58.5263,82.4866,97.4319
2024-12-07,4209102,202449,22.0151,23.3255,25.9537,9.5604,39.1308,80.1211,313.0462,0.9562,0.9584,0.9606,84.2982,92.8496,95.2307
2024-12-08,4209102,202450,18.4211,19.7404,20.9745,8.6857,31.1617,87.1188,249.2934,0.9601,0.9621,0.9637,92.9581,95.645,98.7063
2024-12-09,4209102,202450,17.3982,17.9419,18.6696,4.6004,26.5768,51.2691,212.6144,0.962,0.9635,0.9646,91.8225,95.2187,97.4
2024-12-10,4209102,202450,17.4202,18.909,20.5551,9.2605,33.4181,40.8149,267.3447,0.96,0.9611,0.962,84.5144,92.3121,97.7897
2024-12-11,4209102,202450,17.7994,19.2375,21.2769,1.2531,9.127,42.9132,73.0159,0.962,0.9636,0.9646,79.9557,90.1397,98.5184
2024-12-12,4209102,202450,17.4778,20.4602,24.1142,0.2081,1.2542,6.7053,10.0339,0.9618,0.9644,0.9661,65.2485,82.0037,96.0069
2024-12-13,4209102,202450,17.8386,21.0479,24.3721,0.0091,0.4138,1.1886,3.3103,0.9595,0.9623,0.964,66.6649,82.5766,97.2614
2024-12-14,4209102,202450,19.3441,21.2794,24.7733,1.1623,19.7377,36.3157,157.9019,0.9515,0.956,0.9599,77.5403,91.274,97.7364
2024-12-15,4209102,202451,20.2344,24.3449,29.6731,0.0085,4.6548,36.5625,37.2383,0.9516,0.953,0.9547,42.0412,70.0526,90.4238
2024-12-16,4209102,202451,18.7453,23.1976,27.1576,0.0005,0.064,0.4731,0.5117,0.9548,0.957,0.9588,44.9608,61.8172,75.9047
2024-12-17,4209102,202451,17.8977,20.8274,23.6741,0.0101,4.4284,13.2157,35.4274,0.9615,0.9638,0.9654,74.2397,84.3964,96.4317
2024-12-18,4209102,202451,18.3469,20.768,24.1787,0.8501,3.7576,13.8445,30.0608,0.9642,0.9657,0.9669,74.7653,86.2369,96.5671
2024-12-19,4209102,202451,18.6135,22.4048,27.908,0.119,0.7167,4.1375,5.7335,0.96,0.9633,0.9648,57.5819,80.7316,96.3578
2024-12-20,4209102,202451,20.8862,24.2546,29.4029,0.0379,3.8638,6.5956,30.91,0.9547,0.9572,0.9598,63.3134,82.4171,95.1213
2024-12-21,4209102,202451,21.2694,23.4004,25.742,0.9378,3.3361,6.6454,26.6888,0.9573,0.9603,0.9621,73.6875,84.972,97.305
2024-12-22,4209102,202452,18.2882,21.6899,25.4357,0.2159,2.3729,8.6473,18.9836,0.962,0.963,0.9648,73.4929,87.9237,96.4826
2024-12-23,4209102,202452,17.3151,18.0637,19.1664,0.3291,3.4777,9.4456,27.8216,0.9647,0.966,0.9671,83.3426,88.7355,93.3537
2024-12-24,4209102,202452,17.9765,20.3867,23.7902,1.1953,3.9145,7.0379,31.3163,0.9619,0.9647,0.9659,70.8662,86.9462,97.6886
2024-12-25,4209102,202452,19.3481,22.9066,28.1693,0.1905,0.9734,5.5505,7.7871,0.9568,0.9603,0.9637,59.0367,81.176,95.7295
2024-12-26,4209102,202452,18.6766,21.0174,22.188,2.1402,7.0699,9.3341,56.559,0.9576,0.9587,0.9601,76.9819,88.5302,98.0355
2024-12-27,4209102,202452,18.5877,22.1623,26.9236,0.0051,1.3371,9.3403,10.697,0.9588,0.9598,0.961,65.408,84.1288,97.2096
2024-12-28,4209102,202452,20.8928,22.4122,24.4936,0.0548,2.3374,5.7451,18.6992,0.9609,0.9619,0.9634,83.7368,91.542,97.5256
2024-12-29,4209102,202501,19.7207,21.0047,22.5476,5.4029,12.3171,21.5122,98.5366,0.9617,0.963,0.9639,80.8905,90.9697,96.6087
2024-12-30,4209102,202501,18.9646,21.3438,24.7723,14.7558,24.3964,31.2512,195.171,0.9615,0.9623,0.9631,69.4458,85.8842,98.1284
2024-12-31,4209102,202501,19.3943,22.2913,25.7716,0.1765,4.3358,27.2621,34.6865,0.9608,0.9623,0.9638,75.0474,86.6927,96.8431
2025-01-01,4209102,202501,20.7452,23.2633,26.5778,0.2157,2.0552,5.4421,16.4415,0.9593,0.9614,0.9625,71.17,86.1646,96.6457
2025-01-02,4209102,202501,21.3755,24.4608,29.1852,0.6529,4.1786,10.7217,33.4286,0.957,0.9594,0.9615,64.9798,84.1262,97.5773
2025-01-03,4209102,202501,21.1036,25.937,31.6256,0.0,1.3676,10.7665,10.9408,0.9535,0.9562,0.9577,45.3195,75.045,95.4172
2025-01-04,4209102,202501,21.4332,23.5736,27.4929,0.1691,1.8589,4.2898,14.8708,0.9567,0.9574,0.9585,61.1949,83.5989,96.2969
2025-01-05,4209102,202502,19.7648,21.7622,24.3101,3.2929,4.1093,5.6383,32.8747,0.9588,0.96,0.9613,71.948,83.0674,94.1384
2025-01-06,4209102,202502,19.5325,20.978,22.6135,2.109,6.2478,9.6341,49.9827,0.9597,0.9607,0.9617,81.5207,87.6118,95.3432
2025-01-07,4209102,202502,19.434,20.6654,22.1834,1.634,9.3449,14.1735,74.7596,0.9607,0.9613,0.9626,83.3798,89.7713,95.6047
2025-01-08,4209102,202502,19.2652,20.6657,22.2587,1.2868,9.9098,22.7845,79.2783,0.9609,0.9617,0.9627,84.3371,91.9827,97.461
2025-01-09,4209102,202502,18.872,20.5342,22.4753,2.3473,12.7707,25.1474,102.1654,0.9607,0.9614,0.9621,79.922,90.1133,97.6429
2025-01-10,4209102,202502,18.2809,21.0076,24.146,0.0357,3.0007,20.1698,24.0053,0.9599,0.9613,0.9621,68.4589,82.4409,95.6224
2025-01-11,4209102,202502,18.8837,20.705,22.5727,0.0481,2.1974,8.1913,17.5795,0.9597,0.9606,0.9613,78.5978,87.6189,95.9926
2025-01-12,4209102,202503,18.2637,19.6988,21.1457,0.0866,2.6444,9.0647,21.1553,0.9612,0.9623,0.9638,72.2762,85.4459,94.18
2025-01-13,4209102,202503,16.7572,20.031,22.9068,0.0115,1.0174,3.038,8.1389,0.9601,0.9618,0.9628,67.6205,81.1929,96.4246
2025-01-14,4209102,202503,16.7575,20.6561,24.4155,0.0938,0.6654,2.5836,5.3233,0.9601,0.9613,0.9624,65.6121,82.2349,97.594
2025-01-15,4209102,202503,17.9361,21.4004,24.7434,0.0103,0.4765,1.5491,3.812,0.9612,0.9622,0.9633,66.7546,81.9237,95.4322
2025-01-16,4209102,202503,20.3183,22.4716,25.7691,0.3595,2.5009,7.8375,20.0071,0.9613,0.9629,0.964,80.3737,90.8078,97.4011
2025-01-17,4209102,202503,21.4101,23.6127,26.3545,0.376,5.6758,10.87,45.4061,0.9588,0.9611,0.9631,79.9834,91.191,98.9813
2025-01-18,4209102,202503,22.2401,24.9918,28.1647,0.1233,3.0906,12.4828,24.7252,0.9578,0.9598,0.9611,71.4025,85.0599,95.6283
2025-01-19,4209102,202504,21.8664,25.2279,29.6336,0.0445,3.2363,6.1829,25.8905,0.9564,0.9591,0.9605,68.2159,84.4153,95.8114
2025-01-20,4209102,202504,22.3658,25.5156,29.6901,0.0245,3.4966,6.6234,27.9725,0.9541,0.9563,0.9585,63.6112,80.8497,92.6571
2025-01-21,4209102,202504,22.792,25.9728,28.5276,0.0005,2.1359,5.3043,17.0872,0.9558,0.9577,0.9593,66.1548,77.8822,88.1832
2025-01-22,4209102,202504,21.6888,24.597,27.7835,0.1379,6.9449,23.7421,55.5592,0.9602,0.9625,0.9644,76.9172,88.2421,96.4351
2025-01-23,4209102,202504,20.2053,24.7471,28.875,0.0158,3.4979,23.8961,27.9835,0.9626,0.9643,0.9657,68.9639,86.5545,98.8489
2025-01-24,4209102,202504,22.3359,25.0393,28.0159,0.0681,1.3564,6.2384,10.8509,0.9622,0.9638,0.9652,71.4718,87.4754,98.4367
2025-01-25,4209102,202504,21.5522,25.0743,30.2757,1.8937,5.1068,16.2484,40.8547,0.96,0.9619,0.9635,64.8216,86.2962,97.3214
2025-01-26,4209102,202505,22.1018,23.7673,25.3744,0.0108,4.5599,17.6825,36.4791,0.9602,0.9617,0.9634,82.5721,90.3793,97.4954
2025-01-27,4209102,202505,20.6021,23.0299,25.9139,0.4449,2.7537,9.9963,22.0295,0.9611,0.9626,0.9639,70.498,86.6535,97.1938
2025-01-28,4209102,202505,21.6266,23.0351,25.4309,0.0712,3.273,8.8825,26.1837,0.96,0.9619,0.9634,89.2804,93.3283,98.1599
2025-01-29,4209102,202505,20.937,23.2253,26.0496,0.5188,6.5454,20.8013,52.363,0.9604,0.9616,0.9625,82.1699,91.1779,97.7817
2025-01-30,4209102,202505,21.0859,22.9799,25.1658,1.9016,8.7055,22.4975,69.6438,0.9592,0.9607,0.962,79.5185,89.4476,97.3982
2025-01-31,4209102,202505,19.0615,22.4125,26.3389,0.5579,3.9405,18.3966,31.5243,0.9565,0.9586,0.9608,68.5766,85.0151,96.6039
2025-02-01,4209102,202505,21.2828,22.9831,25.0136,0.2932,4.0058,10.0107,32.0461,0.9569,0.958,0.9588,86.6318,92.2148,98.3527
2025-02-02,4209102,202506,21.2388,23.134,26.5304,1.2748,4.0896,10.5161,32.7168,0.9579,0.9586,0.9598,80.1191,91.4401,97.2783
2025-02-03,4209102,202506,21.8275,23.6927,26.0944,0.516,7.0391,21.3156,56.3126,0.9583,0.9591,0.9602,82.2542,91.12,97.3778
2025-02-04,4209102,202506,22.0687,24.6269,28.5421,1.4806,6.6354,24.9202,53.0831,0.958,0.9596,0.9604,69.6688,86.9403,97.4423
2025-02-05,4209102,202506,21.9134,24.5361,26.7576,0.9921,4.1759,9.3262,33.4071,0.958,0.96,0.9615,72.9135,85.4212,94.6861
2025-02-06,4209102,202506,22.0854,24.9101,28.1504,1.3379,4.0435,11.2096,32.3478,0.9594,0.9603,0.9614,68.3033,82.4401,94.2602
2025-02-07,4209102,202506,22.2788,24.1298,25.9587,0.1416,4.7835,16.3138,38.2681,0.9603,0.9627,0.9647,78.8247,86.0276,94.0709
2025-02-08,4209102,202506,21.5916,22.73,24.4356,3.8117,9.9397,18.9746,79.5175,0.965,0.9661,0.9677,76.5438,89.1492,97.2641
2025-02-09,4209102,202507,20.3094,23.886,28.2159,0.0026,1.6888,12.1281,13.5106,0.9636,0.9658,0.9674,68.0178,82.8293,94.3958
2025-02-10,4209102,202507,20.3205,24.4568,29.0027,0.0002,0.1541,0.6217,1.2331,0.9611,0.9637,0.9655,61.5169,84.2095,99.4991
2025-02-11,4209102,202507,21.7979,25.7153,30.7382,0.0035,0.1319,0.3945,1.0555,0.9585,0.9612,0.9628,58.2078,82.4722,97.1954
2025-02-12,4209102,202507,22.5179,26.9783,31.3037,0.0,0.4142,1.9819,3.3135,0.9589,0.9602,0.9618,60.4234,78.8135,91.2049
2025-02-13,4209102,202507,22.2202,25.0769,30.6649,7.7992,11.433,26.7158,91.4642,0.9613,0.9624,0.9639,62.2717,85.9693,96.8602
2025-02-14,4209102,202507,21.9034,23.6608,26.2356,12.2797,22.2894,33.5663,178.315,0.9607,0.9624,0.9638,75.4778,89.473,97.6421
2025-02-15,4209102,202507,21.7508,24.4778,28.4137,0.9989,4.6285,25.9002,37.0279,0.9592,0.9613,0.9628,69.65,85.2445,96.9331
2025-02-16,4209102,202508,22.9464,26.232,30.542,1.1585,2.5887,6.0405,20.7093,0.9576,0.9604,0.9621,68.1288,84.7064,96.4297
2025-02-17,4209102,202508,24.3774,28.4293,33.7531,0.0,0.9336,6.0405,7.469,0.9577,0.9595,0.9606,53.8005,76.4977,91.2382
2025-02-18,4209102,202508,20.9484,23.1236,24.5569,0.6544,11.9768,30.3675,95.8145,0.9603,0.9624,0.9634,93.2888,95.6818,97.233
2025-02-19,4209102,202508,20.6225,22.7846,25.9284,0.8989,8.919,32.9773,71.3522,0.9613,0.9633,0.9646,73.9159,88.3335,96.5736
2025-02-20,4209102,202508,21.6083,23.9849,27.4064,1.5706,7.3344,25.8543,58.6753,0.9617,0.9632,0.9644,75.2467,89.2185,98.8292
2025-02-21,4209102,202508,22.3244,23.9836,25.9623,0.8581,4.9005,18.1096,39.2043,0.965,0.966,0.9674,83.6345,90.8141,97.6256
2025-02-22,4209102,202508,22.0489,24.1303,26.7857,0.4982,2.6567,7.2932,21.2533,0.9649,0.9665,0.9677,71.9756,86.614,97.4732
2025-02-23,4209102,202509,21.1389,23.7058,26.9572,0.5281,1.6138,3.8262,12.9107,0.9638,0.9656,0.9671,70.1169,85.4133,97.0407
2025-02-24,4209102,202509,20.4535,24.0188,27.7478,0.066,0.8389,3.0136,6.7114,0.9634,0.965,0.9663,71.7674,87.596,98.0867
2025-02-25,4209102,202509,22.2992,24.8987,28.5029,0.526,1.4727,3.9444,11.7813,0.9637,0.9657,0.9674,74.7732,88.805,99.256
2025-02-26,4209102,202509,22.3706,25.4054,29.0704,0.055,1.0081,4.0483,8.0649,0.963,0.9654,0.9668,66.5493,86.2586,98.9748
2025-02-27,4209102,202509,22.8491,25.33,28.8874,0.2385,1.9592,5.5075,15.6735,0.9626,0.9642,0.9658,69.9443,87.7197,98.0119
2025-02-28,4209102,202509,21.6028,24.6953,28.1746,0.06,0.8732,6.0452,6.9857,0.9633,0.9648,0.9662,66.8508,85.8622,98.9044
2025-03-01,4209102,202509,21.8103,25.0183,29.8284,0.0457,0.1189,0.3192,0.9511,0.9639,0.9656,0.9671,59.0709,84.0733,99.2004
2025-03-02,4209102,202510,22.7391,25.7623,30.2534,0.0088,0.053,0.1373,0.4243,0.964,0.9655,0.967,62.8562,84.9322,97.5886
2025-03-03,4209102,202510,22.2571,25.192,29.3067,0.0359,0.1289,0.197,1.0316,0.9656,0.9664,0.9678,61.41,84.5218,98.9881
2025-03-04,4209102,202510,21.1814,24.4649,28.3007,0.0245,0.1158,0.2206,0.9263,0.9647,0.9666,0.9679,60.8617,82.8322,98.9674
2025-03-05,4209102,202510,20.9009,24.1153,27.9405,0.0667,0.1682,0.2986,1.3458,0.9652,0.9668,0.9684,59.9696,82.4001,98.7085
2025-03-06,4209102,202510,21.0219,24.2167,28.3684,0.0624,0.1395,0.2041,1.1161,0.967,0.9685,0.9701,56.0762,80.8175,98.1234
2025-03-07,4209102,202510,21.3958,23.7296,27.3365,0.0216,0.6671,2.0316,5.3366,0.9681,0.9697,0.971,77.6695,87.2775,96.4163
2025-03-08,4209102,202510,21.8723,24.5213,27.9603,0.2134,0.9409,2.2153,7.5274,0.9639,0.9669,0.9688,67.7587,83.97,96.4316
2025-03-09,4209102,202511,21.48,25.0701,29.8315,0.0004,0.8389,4.2563,6.711,0.9605,0.9628,0.9645,59.9194,82.5721,97.1979
2025-03-10,4209102,202511,19.773,21.4519,22.7149,10.2596,13.2422,15.3342,105.9378,0.963,0.9643,0.9658,72.8464,83.5136,94.2526
2025-03-11,4209102,202511,20.4253,22.2125,25.0331,0.088,3.5634,15.5817,28.5075,0.9646,0.9654,0.9666,75.4163,85.9313,93.0298
2025-03-12,4209102,202511,20.8444,22.4198,25.5586,0.9897,7.128,18.887,57.0239,0.9633,0.9656,0.9673,82.1312,92.5766,98.4412
2025-03-13,4209102,202511,20.636,22.2938,25.2529,1.459,11.3357,22.3762,90.6858,0.9615,0.9639,0.9657,76.3515,90.7552,97.4363
2025-03-14,4209102,202511,19.6591,21.8836,24.4306,0.6862,3.4903,22.0848,27.9226,0.9622,0.9634,0.9643,70.2915,84.1078,96.2154
2025-03-15,4209102,202511,19.3855,20.5565,21.7592,0.7583,1.6139,2.9019,12.9116,0.9639,0.9649,0.966,78.4303,85.2945,90.3353
2025-03-16,4209102,202512,17.6758,20.5957,23.0206,0.2626,0.887,4.3873,7.0956,0.9659,0.9674,0.9691,71.1169,85.3782,96.0074
2025-03-17,4209102,202512,19.2283,21.7938,25.009,0.1336,0.7162,1.88,5.7295,0.9651,0.9674,0.9689,74.212,86.8572,96.6121
2025-03-18,4209102,202512,19.6293,22.6691,26.318,0.0087,0.8645,3.3552,6.916,0.9624,0.9642,0.966,69.814,86.21,97.1405
2025-03-19,4209102,202512,18.3665,21.5993,24.3961,1.8871,3.5432,10.2142,28.3455,0.9635,0.9648,0.9658,65.8838,83.4974,98.4282
2025-03-20,4209102,202512,16.3316,20.7525,24.6461,0.6612,1.1381,3.3294,9.1045,0.9665,0.9674,0.9689,59.9133,80.0292,96.5895
2025-03-21,4209102,202512,17.206,21.0592,25.544,0.0699,0.1999,0.9087,1.599,0.9661,0.9676,0.9686,57.303,81.337,97.4883
2025-03-22,4209102,202512,17.8209,21.4232,26.2814,0.0033,0.0561,0.279,0.4485,0.963,0.9661,0.9677,57.5651,82.8984,97.4436
2025-03-23,4209102,202513,19.7983,23.0317,27.1073,0.1594,1.1708,4.9562,9.3661,0.9614,0.9632,0.9644,69.3216,87.0013,97.9026
2025-03-24,4209102,202513,19.5422,23.3809,27.3848,0.0432,0.8534,4.9569,6.8271,0.9603,0.962,0.9633,67.431,86.9939,98.6958
2025-03-25,4209102,202513,21.0904,23.3967,27.1171,0.0102,0.4867,1.9562,3.8939,0.9622,0.9634,0.9645,67.7134,87.6181,99.3834
2025-03-26,4209102,202513,20.7367,21.5821,23.0174,1.3964,5.8579,11.5545,46.8628,0.9646,0.9655,0.9666,89.3266,93.1116,96.9274
2025-03-27,4209102,202513,20.2868,22.2971,24.9807,0.1195,2.1914,11.6732,17.5316,0.9627,0.965,0.9666,72.9324,87.9466,97.8923
2025-03-28,4209102,202513,20.9725,23.2264,26.744,0.068,1.4923,4.3476,11.9384,0.9614,0.9632,0.9647,73.2807,88.3051,98.5418
2025-03-29,4209102,202513,20.7548,23.8082,27.4883,0.0,0.6854,4.3477,5.4834,0.9613,0.9623,0.9638,69.8803,87.2483,98.984
2025-03-30,4209102,202514,21.4687,23.8143,26.8926,0.1272,0.5598,0.9647,4.4785,0.9607,0.9627,0.9644,68.143,86.619,98.9843
2025-03-31,4209102,202514,19.3285,23.5887,28.6273,0.0088,0.1323,0.976,1.0585,0.9617,0.9633,0.9656,58.4144,83.1717,98.0602
2025-04-01,4209102,202514,21.0717,23.056,25.5925,0.0,1.2943,3.9602,10.3542,0.9633,0.9646,0.9664,85.1083,92.5532,98.6728
2025-04-02,4209102,202514,20.8869,23.733,28.2833,0.2048,0.8917,4.2629,7.1339,0.96,0.9635,0.9662,64.5181,85.7888,98.1611
2025-04-03,4209102,202514,22.5039,24.6177,27.956,0.0167,1.4598,5.646,11.6784,0.96,0.9612,0.9626,67.4276,83.136,90.1275
2025-04-04,4209102,202514,18.2491,21.5182,23.0645,2.6614,6.576,11.4911,52.6079,0.9634,0.9657,0.9696,79.0094,88.8101,95.8566
2025-04-05,4209102,202514,15.2641,16.7219,18.3407,0.1728,2.172,12.3874,17.3763,0.973,0.9745,0.9764,73.4913,76.6493,81.2674
2025-04-06,4209102,202515,16.1678,18.6481,21.55,0.4252,0.8192,2.2656,6.5534,0.9729,0.9745,0.976,57.9078,74.4138,88.1936
2025-04-07,4209102,202515,16.7899,18.6449,20.8479,0.5548,2.1852,3.861,17.4819,0.9686,0.9709,0.9735,73.1647,85.4513,96.0953
2025-04-08,4209102,202515,17.1542,20.4567,25.3412,0.012,0.8818,3.8809,7.0541,0.9622,0.966,0.9686,60.3904,80.0614,93.1349
2025-04-09,4209102,202515,18.5302,20.9527,24.6045,1.7688,5.2603,14.3273,42.0825,0.9624,0.9634,0.9646,75.6875,90.5578,98.4923
2025-04-10,4209102,202515,19.2008,20.3535,22.0088,9.4443,13.3966,20.1482,107.173,0.9623,0.9634,0.9646,88.2177,94.2333,98.326
2025-04-11,4209102,202515,19.2031,20.3883,21.9755,1.4747,13.9323,29.5078,111.4581,0.9632,0.9642,0.9654,85.2274,92.5075,98.2575
2025-04-12,4209102,202515,17.5483,20.2693,23.643,0.0357,3.9512,29.6482,31.6094,0.964,0.9655,0.9669,68.9616,86.9841,98.0126
2025-04-13,4209102,202516,19.5117,20.6301,22.5916,0.0291,1.8757,9.8572,15.0054,0.9622,0.9642,0.9656,81.0835,92.0638,98.0027
2025-04-14,4209102,202516,16.1925,19.4446,21.4086,0.563,2.2123,12.0689,17.6982,0.9631,0.9648,0.9668,72.8855,87.5733,97.9145
2025-04-15,4209102,202516,17.4097,18.9764,20.8115,0.434,1.172,2.1105,9.3759,0.9638,0.9658,0.9673,76.0457,85.4521,92.25
2025-04-16,4209102,202516,16.7551,20.4636,24.6869,0.0065,0.4384,2.1358,3.5072,0.9612,0.963,0.9644,66.7641,85.3022,97.5067
2025-04-17,4209102,202516,18.4568,20.6917,23.3258,0.0051,0.38,0.8198,3.0402,0.9629,0.9643,0.9663,75.3267,89.8006,98.784
2025-04-18,4209102,202516,18.8762,21.6075,24.9167,0.0786,0.3609,0.8315,2.8875,0.9626,0.9645,0.9662,71.5884,88.4414,99.2587
2025-04-19,4209102,202516,19.2144,21.1898,25.283,0.0122,3.7286,20.2505,29.8291,0.9612,0.9629,0.9642,74.5511,91.1243,99.3909
2025-04-20,4209102,202517,17.5067,18.8227,20.4043,0.9381,5.1225,33.3881,40.9797,0.964,0.9649,0.9665,70.8233,82.7779,93.231
2025-04-21,4209102,202517,17.3503,18.0464,19.2131,0.1039,0.6274,1.2664,5.0191,0.9642,0.9651,0.9666,77.6887,82.2157,85.2458
2025-04-22,4209102,202517,16.5097,18.3736,20.7054,0.5275,1.1591,1.4907,9.2726,0.9647,0.9657,0.9678,70.7723,82.851,93.2313
2025-04-23,4209102,202517,15.6662,19.2139,23.3538,0.0294,0.224,1.5176,1.7924,0.9636,0.9651,0.9666,61.9298,82.9321,96.3492
2025-04-24,4209102,202517,16.7765,18.9384,21.9252,0.0004,0.1804,0.936,1.443,0.9604,0.9628,0.9645,69.8499,86.3182,96.5851
2025-04-25,4209102,202517,16.5059,19.4978,22.8725,0.0185,0.2073,1.264,1.6587,0.9597,0.9608,0.9617,67.0147,82.7823,92.2381
2025-04-26,4209102,202517,16.9151,20.1657,24.6554,0.0196,0.0893,0.2096,0.7148,0.9599,0.9614,0.9629,65.4664,86.1167,98.9127
2025-04-27,4209102,202518,17.2724,20.5829,24.687,0.0001,0.0461,0.2097,0.3685,0.9588,0.9615,0.9639,67.8001,87.1991,97.7585
2025-04-28,4209102,202518,18.951,20.3784,22.5318,0.1055,1.559,3.0426,12.4723,0.9584,0.9601,0.9617,73.5822,87.6832,95.8776
2025-04-29,4209102,202518,13.6429,17.4436,21.4445,0.0591,1.1816,3.1624,9.453,0.9629,0.9636,0.965,59.875,80.97,95.4871
2025-04-30,4209102,202518,14.3953,17.2708,20.4691,0.4766,1.0202,1.6175,8.1618,0.9654,0.9662,0.9677,66.427,82.0956,93.4673
2025-05-01,4209102,202518,15.0023,17.6672,21.0378,0.0032,0.23,1.2824,1.84,0.967,0.968,0.9692,64.2983,84.1401,97.4312
2025-05-02,4209102,202518,14.3286,18.1105,23.0082,0.0473,0.1049,0.1495,0.8393,0.9672,0.9684,0.9704,59.9481,84.2043,98.203
2025-05-03,4209102,202518,16.853,19.3356,22.832,0.0215,0.0848,0.1658,0.6782,0.9667,0.9677,0.9687,69.566,86.6683,97.4543
2025-05-04,4209102,202519,15.4951,18.7881,22.4823,0.0,0.0339,0.1658,0.2709,0.9677,0.9684,0.9699,69.4639,87.5164,99.0119
2025-05-05,4209102,202519,16.3035,19.3503,23.7098,0.0082,0.0317,0.0406,0.2534,0.9666,0.9688,0.9708,60.1426,85.7522,98.9588
2025-05-06,4209102,202519,16.4259,19.2671,23.5879,0.0,0.1242,0.4799,0.9939,0.9648,0.9667,0.968,67.1406,87.1482,98.6204
2025-05-07,4209102,202519,17.8944,19.4396,21.77,0.0049,0.474,0.6632,3.7924,0.9645,0.9658,0.9668,78.9335,91.9326,98.4069
2025-05-08,4209102,202519,16.4306,21.0303,27.4378,0.0,0.0829,0.6632,0.6632,0.9615,0.9643,0.9661,58.9327,85.035,98.7776
2025-05-09,4209102,202519,18.3152,23.6019,30.8446,0.0,0.0047,0.007,0.0376,0.9565,0.9601,0.9626,49.449,75.9899,93.5018
2025-05-10,4209102,202519,19.2492,21.1002,25.0092,0.007,10.0147,15.35,80.1173,0.9593,0.9646,0.9691,69.9046,83.3521,95.3357
2025-05-11,4209102,202520,13.8018,17.0657,20.6336,0.0006,1.926,15.35,15.4079,0.9705,0.972,0.9737,58.9981,79.5679,94.7541
2025-05-12,4209102,202520,14.3746,16.4323,19.2906,0.328,1.8232,3.378,14.5853,0.9727,0.9739,0.9751,73.9844,86.5587,95.1283
2025-05-13,4209102,202520,15.8452,17.5679,20.2053,0.1091,1.2612,3.6601,10.0897,0.971,0.9721,0.9735,83.2749,91.2818,96.3645
2025-05-14,4209102,202520,16.1304,18.2726,21.4033,0.1626,0.7753,2.3605,6.2026,0.9707,0.9717,0.9731,70.5968,88.8961,98.2489
2025-05-15,4209102,202520,16.3567,18.5644,21.3695,0.032,0.3466,1.2531,2.7731,0.9696,0.9716,0.9731,69.069,87.3799,97.8814
2025-05-16,4209102,202520,15.5899,18.838,22.6557,0.0771,0.1569,0.4705,1.2553,0.9686,0.9705,0.9717,67.9013,87.3368,98.6056
2025-05-17,4209102,202520,16.7016,19.856,24.7217,0.0038,0.0296,0.1971,0.2368,0.9661,0.9684,0.9699,60.2482,86.2688,98.8625
2025-05-18,4209102,202521,15.8975,20.3916,26.7874,0.0001,0.0032,0.0084,0.0259,0.9646,0.9662,0.9679,58.6893,84.2858,98.6771
2025-05-19,4209102,202521,18.2175,20.4901,23.5459,0.0,0.3587,2.2487,2.8696,0.965,0.9659,0.9672,71.653,84.7314,91.7673
2025-05-20,4209102,202521,17.7706,21.1942,26.4734,0.0042,0.4778,2.5923,3.8224,0.9638,0.966,0.9673,64.7395,86.5409,97.5702
2025-05-21,4209102,202521,18.2558,18.9783,19.7021,0.9403,2.4879,4.5538,19.9034,0.9661,0.9673,0.9687,92.2386,95.0314,96.8018
2025-05-22,4209102,202521,15.7954,16.4332,17.5465,1.7266,5.3392,13.9213,42.7135,0.9681,0.969,0.9698,89.9213,93.5016,96.0307
2025-05-23,4209102,202521,14.631,15.3512,16.3837,0.9174,4.8821,20.5827,39.0566,0.9699,0.9711,0.9727,85.5654,92.1345,96.005
2025-05-24,4209102,202521,15.717,17.0625,19.6903,0.1449,2.6896,5.321,21.5171,0.9708,0.9716,0.9728,87.7756,93.7988,97.7138
2025-05-25,4209102,202522,16.4288,18.8452,22.1644,0.1642,0.9162,5.719,7.3296,0.9678,0.9699,0.9715,66.5967,86.441,96.4985
2025-05-26,4209102,202522,15.7925,19.3811,24.838,0.0,0.0386,0.2742,0.3087,0.9654,0.9675,0.9692,65.823,87.4542,97.7408
2025-05-27,4209102,202522,16.8534,21.1695,26.6363,0.0014,0.0471,0.0604,0.3764,0.9619,0.9644,0.9664,56.6256,82.3359,98.1435
2025-05-28,4209102,202522,18.2288,19.6367,21.7525,0.0,1.0972,2.46,8.7777,0.9582,0.9605,0.963,65.5831,77.3995,84.2828
2025-05-29,4209102,202522,11.4618,14.0741,16.695,0.0006,0.3081,2.4603,2.4646,0.963,0.966,0.9684,51.173,56.6524,60.5963
2025-05-30,4209102,202522,8.704,12.5021,17.1037,0.0,0.0001,0.0006,0.0006,0.9692,0.9703,0.972,58.3287,72.3201,82.1211
2025-05-31,4209102,202522,10.3102,14.1668,19.8547,0.0,0.004,0.0083,0.0321,0.9671,0.9693,0.9708,59.3276,83.1572,96.7294
2025-06-01,4209102,202523,11.0288,14.4038,17.8059,0.0,0.1272,0.3888,1.0176,0.9686,0.9704,0.9722,75.0892,86.8062,94.8483
2025-06-02,4209102,202523,14.7037,15.9391,18.0466,0.7382,1.7075,2.359,13.6602,0.971,0.9728,0.9744,82.2206,90.3345,95.2804
2025-06-03,4209102,202523,15.9621,17.4644,20.455,0.2507,3.2932,6.9325,26.3457,0.9662,0.9694,0.9716,83.5202,93.1752,96.671
2025-06-04,4209102,202523,14.3656,18.4822,23.3265,0.0141,1.19,7.2715,9.5197,0.9632,0.9649,0.9665,72.6729,87.6359,97.4524
2025-06-05,4209102,202523,17.1891,18.0357,19.0311,0.0219,8.6173,27.068,68.9385,0.9614,0.9634,0.9648,91.7078,93.2304,95.6535
2025-06-06,4209102,202523,16.5547,17.1631,18.4728,0.0248,3.9081,27.0897,31.2644,0.9639,0.9664,0.9685,80.1744,91.5297,97.328
2025-06-07,4209102,202523,15.4945,16.3089,17.0762,0.3177,1.2456,2.5283,9.9652,0.9654,0.9671,0.9684,87.6013,91.9915,94.4729
2025-06-08,4209102,202524,15.9707,16.9881,19.1265,1.4742,8.148,12.0495,65.1839,0.9618,0.9637,0.9659,82.0579,92.7211,98.3381
2025-06-09,4209102,202524,14.0712,14.5646,15.405,0.812,5.3684,13.7971,42.9471,0.965,0.9664,0.9682,87.095,90.6424,95.2514
2025-06-10,4209102,202524,11.8472,14.2905,17.7946,1.055,2.4242,11.6574,19.3935,0.9679,0.9689,0.9705,62.2802,83.5587,95.2788
2025-06-11,4209102,202524,10.4805,12.9192,15.4696,0.0006,0.4418,1.1309,3.5345,0.9692,0.971,0.9726,65.626,86.7501,98.267
2025-06-12,4209102,202524,8.4099,11.9615,14.5874,0.0002,0.2451,0.7624,1.9609,0.9722,0.9734,0.9745,73.4793,82.0352,91.89
2025-06-13,4209102,202524,10.6119,13.1467,16.6478,0.0077,0.2478,0.6657,1.9825,0.972,0.9727,0.9739,77.6416,88.6904,95.0399
2025-06-14,4209102,202524,13.2789,15.6009,19.2835,0.0355,0.2125,0.7088,1.7,0.9687,0.9715,0.9733,67.8158,87.669,97.1176
2025-06-15,4209102,202525,13.1749,15.8737,20.7758,0.0002,3.5075,7.7569,28.0603,0.9641,0.966,0.9682,71.344,87.1513,93.4531
2025-06-16,4209102,202525,12.4047,15.7298,19.5625,0.0,0.9878,7.7578,7.9028,0.9668,0.9698,0.9721,77.577,89.285,95.1709
2025-06-17,4209102,202525,14.9232,18.3486,24.357,0.0016,0.013,0.0544,0.1041,0.9669,0.9692,0.9713,66.52,87.8989,98.7818
2025-06-18,4209102,202525,15.9101,19.3228,24.9447,0.0,0.0139,0.0205,0.1112,0.966,0.968,0.9692,61.95,83.4998,95.1395
2025-06-19,4209102,202525,15.5206,18.2981,21.9219,0.0026,0.0563,0.1666,0.4507,0.9672,0.9682,0.9699,69.9123,84.7537,93.9875
2025-06-20,4209102,202525,16.1972,18.2515,21.7379,0.3962,1.7493,4.7795,13.9945,0.9618,0.9659,0.9695,75.2605,91.703,99.3695
2025-06-21,4209102,202525,14.2556,17.5569,21.0842,0.1981,1.4864,10.4997,11.8915,0.9618,0.9628,0.964,56.9442,81.1815,93.332
2025-06-22,4209102,202526,15.5607,17.5583,21.3716,0.0167,2.1415,5.1743,17.1318,0.9576,0.9606,0.9631,76.2421,88.8364,95.3168
2025-06-23,4209102,202526,15.3808,17.4215,19.3403,0.0289,3.677,8.122,29.4162,0.9532,0.9566,0.96,72.2176,82.2384,91.7397
2025-06-24,4209102,202526,7.1472,10.6338,13.6916,0.0,1.0159,8.122,8.1275,0.9612,0.9653,0.9679,34.8311,53.3009,74.9025
2025-06-25,4209102,202526,3.5855,9.4357,16.3941,0.0,0.0006,0.0013,0.0047,0.968,0.9696,0.9714,50.1766,68.7228,79.6181
2025-06-26,4209102,202526,7.8553,11.7776,16.4019,0.0,1.8695,7.6115,14.9557,0.9628,0.9658,0.9686,77.618,86.8929,94.8685
2025-06-27,4209102,202526,13.7234,14.5643,15.3766,1.4884,6.0808,10.7769,48.646,0.9642,0.9682,0.971,84.6953,91.1879,95.7546
2025-06-28,4209102,202526,12.5772,14.6877,18.7574,0.8829,2.8263,7.2239,22.6104,0.9646,0.9696,0.9724,83.3776,91.4875,96.0981
2025-06-29,4209102,202527,15.1668,17.5712,21.5278,0.0,0.8562,2.9235,6.8498,0.9605,0.9633,0.965,77.4679,85.8816,96.7444
2025-06-30,4209102,202527,11.6388,13.7447,17.2845,1.2928,4.2119,7.2344,33.6949,0.9666,0.9703,0.9728,82.0411,89.2359,93.9644
2025-07-01,4209102,202527,10.1377,10.7896,11.611,0.3984,2.8383,8.2499,22.7066,0.9734,0.9746,0.9758,77.1118,87.8789,94.3065
2025-07-02,4209102,202527,8.3829,9.3813,10.0585,0.3695,2.2838,3.5331,18.2702,0.9765,0.9776,0.979,71.6563,82.3375,92.1894
2025-07-03,4209102,202527,8.3681,10.2593,12.8262,0.0005,0.435,2.9033,3.4797,0.977,0.9782,0.9791,76.0137,81.1106,84.8845
2025-07-04,4209102,202527,11.1812,12.7539,15.3738,0.5876,1.2802,1.9101,10.242,0.9754,0.977,0.9781,79.689,88.9427,93.203
2025-07-05,4209102,202527,11.6289,14.5708,18.836,0.0074,0.2594,1.926,2.0754,0.9706,0.9736,0.9757,68.1695,88.6136,98.5841
2025-07-06,4209102,202528,9.646,12.8835,16.0279,0.0,0.0545,0.1264,0.4363,0.9708,0.972,0.9735,74.4006,88.742,99.1331
2025-07-07,4209102,202528,7.7266,12.8688,17.8532,0.046,0.0735,0.1476,0.5883,0.9718,0.9733,0.9744,61.116,83.6122,98.0067
2025-07-08,4209102,202528,8.6901,13.5068,20.6475,0.0,0.0084,0.0671,0.0671,0.9694,0.9712,0.9727,59.6816,82.605,96.0584
2025-07-09,4209102,202528,10.5091,13.6832,17.1156,0.0009,0.0051,0.0084,0.0405,0.9728,0.974,0.9755,65.4401,85.4101,97.7047
2025-07-10,4209102,202528,10.344,13.3215,17.3923,0.0015,0.0123,0.0267,0.0988,0.9742,0.9754,0.9769,71.5873,87.8666,97.2429
2025-07-11,4209102,202528,11.228,15.0133,20.606,0.0034,0.0221,0.0682,0.1772,0.9727,0.9746,0.9763,65.2607,87.8044,98.477
2025-07-12,4209102,202528,11.8538,15.2849,19.1347,0.0001,0.0781,0.2774,0.6245,0.973,0.974,0.9753,75.4484,90.6024,99.2531
2025-07-13,4209102,202529,13.2559,16.1711,19.8588,0.0071,0.062,0.3414,0.4962,0.9733,0.9745,0.9759,68.6619,89.3834,99.1478
2025-07-14,4209102,202529,11.4313,15.3504,20.4529,0.0006,0.006,0.0365,0.0482,0.9716,0.9736,0.9748,67.1483,88.2996,99.3597
2025-07-15,4209102,202529,12.7001,15.7248,20.6488,0.0,0.021,0.0369,0.1683,0.9691,0.9714,0.9728,69.2391,89.216,99.5971
2025-07-16,4209102,202529,11.9109,15.9844,21.324,0.0002,0.0335,0.0511,0.2681,0.968,0.9693,0.9709,68.663,87.7364,99.3349
2025-07-17,4209102,202529,12.3241,17.3368,24.4249,0.0,0.0079,0.0511,0.0635,0.9624,0.9657,0.9682,53.9216,75.2925,92.0416
2025-07-18,4209102,202529,11.9722,16.0465,19.5765,0.0788,0.1036,0.1082,0.8284,0.964,0.9659,0.9677,54.0219,67.5485,78.2631
2025-07-19,4209102,202529,8.3633,13.2578,18.2501,0.0,0.014,0.1082,0.1116,0.9693,0.9705,0.9719,65.8595,82.7447,93.7009
2025-07-20,4209102,202530,12.1267,14.4674,18.4591,0.0052,0.0183,0.0257,0.1462,0.9692,0.971,0.9722,68.3743,87.6871,96.4981
2025-07-21,4209102,202530,11.197,14.321,19.9429,0.0,0.0053,0.0257,0.0423,0.9657,0.9684,0.9703,62.4842,85.2323,98.5887
2025-07-22,4209102,202530,10.1913,15.3568,22.5114,0.0,0.0009,0.0038,0.0071,0.9652,0.9662,0.9674,59.7032,82.0689,96.5368
2025-07-23,4209102,202530,12.6325,14.9645,17.5399,0.0,0.0139,0.0946,0.1111,0.9677,0.9699,0.9719,76.1539,86.8398,91.984
2025-07-24,4209102,202530,11.9815,12.5269,13.2264,0.5953,2.9649,6.8983,23.7193,0.9706,0.9725,0.9737,91.7173,93.3406,94.8494
2025-07-25,4209102,202530,12.7175,14.4208,18.2693,0.054,1.2087,7.0262,9.6692,0.9668,0.9691,0.9711,76.2763,90.4613,95.648
2025-07-26,4209102,202530,12.7803,16.5881,22.6031,0.0001,0.0828,0.618,0.662,0.9656,0.9673,0.969,70.6894,89.4133,98.8769
2025-07-27,4209102,202531,14.2893,17.333,22.5696,0.0013,0.067,0.11,0.5357,0.9587,0.9642,0.9672,72.3237,90.0697,99.4832
2025-07-28,4209102,202531,16.9063,18.3892,22.0258,0.1111,5.2311,6.7205,41.8485,0.9558,0.9583,0.9614,50.5234,75.4192,95.8434
2025-07-29,4209102,202531,10.0454,13.7131,18.1976,0.0,0.8401,6.7205,6.7205,0.9654,0.9677,0.9694,39.2095,57.1082,68.6529
2025-07-30,4209102,202531,5.8704,11.1213,15.9507,0.0,0.0,0.0,0.0,0.9703,0.9715,0.9728,48.7212,69.0605,88.0812
2025-07-31,4209102,202531,5.2852,11.1568,17.4469,0.0,0.0006,0.0017,0.0051,0.9728,0.9738,0.9754,57.7716,75.4972,90.6136
2025-08-01,4209102,202531,9.9338,13.6333,19.5463,0.0011,0.0067,0.0095,0.054,0.9707,0.9735,0.975,67.1475,86.6964,97.8958
2025-08-02,4209102,202531,11.5448,15.711,22.6454,0.0001,0.026,0.0433,0.2083,0.9679,0.9704,0.972,65.4486,87.4085,99.1234
2025-08-03,4209102,202532,12.6833,17.8768,24.2647,0.0,0.4168,3.1953,3.3341,0.9656,0.9669,0.9693,54.5836,78.776,94.7336
2025-08-04,4209102,202532,14.437,16.8076,19.3405,0.0,1.303,4.6344,10.4242,0.9673,0.9689,0.9709,76.4582,89.9125,95.0307
2025-08-05,4209102,202532,13.3063,14.4027,16.0063,1.5908,6.0297,8.7138,48.2379,0.9721,0.9737,0.9755,83.6305,91.653,98.4885
2025-08-06,4209102,202532,11.908,13.53,15.783,0.0035,1.3595,8.775,10.8761,0.9712,0.9738,0.9761,80.318,86.7204,90.5449
2025-08-07,4209102,202532,12.1229,15.846,21.4255,0.0608,0.2212,1.1813,1.7698,0.9647,0.9681,0.9712,61.0942,85.8779,97.4735
2025-08-08,4209102,202532,12.6393,13.8738,14.9211,0.0,4.6603,12.2359,37.2822,0.9631,0.9641,0.9654,92.126,95.9884,97.6068
2025-08-09,4209102,202532,8.0915,11.7696,15.8571,0.0153,1.5509,12.2894,12.407,0.9654,0.9667,0.9682,50.3643,72.7191,95.1743
2025-08-10,4209102,202533,6.3848,11.5961,16.8977,0.0,0.0101,0.0304,0.0805,0.9691,0.9701,0.9716,55.9413,73.6441,87.4351
2025-08-11,4209102,202533,7.3527,12.0253,17.6021,0.0,0.0047,0.0304,0.0374,0.9688,0.9706,0.9718,57.0889,82.4547,98.2361
2025-08-12,4209102,202533,8.9655,12.876,18.4908,0.0,0.001,0.0033,0.0076,0.9668,0.9691,0.9708,57.064,81.2862,98.362
2025-08-13,4209102,202533,8.0889,14.0106,22.2396,0.0,0.0002,0.0019,0.0019,0.965,0.967,0.9681,52.9754,78.7881,95.3629
2025-08-14,4209102,202533,9.4542,13.9324,16.3809,0.0,0.0384,0.25,0.3076,0.9682,0.9714,0.9734,70.1619,84.6355,97.1812
2025-08-15,4209102,202533,11.6017,13.2282,15.413,0.277,1.6346,4.0446,13.0771,0.9731,0.9746,0.9756,82.0216,90.7551,96.3021
2025-08-16,4209102,202533,12.9197,14.4878,16.7354,0.3624,1.8665,4.8263,14.9317,0.9701,0.9719,0.9733,78.7562,90.8682,96.8082
2025-08-17,4209102,202534,13.7339,16.9268,22.3187,0.0973,0.441,2.6853,3.5279,0.9665,0.9691,0.9707,61.7969,84.3445,96.7908
2025-08-18,4209102,202534,14.4419,16.304,19.3106,0.0135,0.0879,0.2002,0.703,0.9688,0.9701,0.972,72.6973,90.4773,99.0736
2025-08-19,4209102,202534,15.2482,16.8087,19.6586,0.0047,0.183,0.4327,1.4639,0.9653,0.9685,0.9713,69.4487,89.0083,98.4779
2025-08-20,4209102,202534,15.5826,18.5429,24.2819,0.0622,1.094,2.2825,8.7522,0.9599,0.963,0.9653,58.1672,85.792,97.9956
2025-08-21,4209102,202534,14.3334,18.7244,23.7554,0.0,0.2889,2.2825,2.3108,0.9624,0.9649,0.9669,65.8567,82.4546,93.7741
2025-08-22,4209102,202534,15.0737,19.9997,27.3274,0.021,0.069,0.0855,0.552,0.9603,0.9639,0.9672,59.0007,83.1626,97.4765
2025-08-23,4209102,202534,17.458,22.8506,30.6766,0.0018,0.0271,0.0855,0.2165,0.9585,0.9605,0.9615,42.8662,68.8322,89.5918
2025-08-24,4209102,202535,12.2805,13.4433,17.0566,0.2865,2.0801,4.6417,16.6409,0.9655,0.9697,0.9724,77.7034,83.6992,91.7397
2025-08-25,4209102,202535,11.3578,12.796,15.524,1.8274,3.6507,5.7915,29.2057,0.9703,0.9715,0.9724,81.8622,89.9265,93.7953
2025-08-26,4209102,202535,13.0331,13.5823,14.1268,0.1447,9.5806,26.3871,76.6445,0.9714,0.9728,0.9745,92.5543,95.3722,97.5266
2025-08-27,4209102,202535,12.6377,13.801,15.3812,1.4649,8.7745,29.3317,70.196,0.9722,0.9731,0.9739,89.999,94.4223,97.0946
2025-08-28,4209102,202535,13.5979,15.3658,18.1686,0.7547,2.9514,13.9161,23.6108,0.9712,0.9729,0.9743,77.478,89.9027,96.1404
2025-08-29,4209102,202535,14.824,16.9163,20.6106,0.0152,0.729,2.1691,5.8323,0.9686,0.9703,0.972,69.4358,88.8352,98.3872
2025-08-30,4209102,202535,15.095,17.174,20.7016,0.0562,0.4954,1.1749,3.963,0.9704,0.9712,0.9729,74.3203,90.8866,99.4407
2025-08-31,4209102,202536,16.3565,18.1308,21.1178,0.0342,0.5916,1.2197,4.7325,0.9706,0.9717,0.9731,70.3592,88.7952,99.2689
2025-09-01,4209102,202536,16.8772,18.1817,21.0203,0.4382,2.8735,5.3173,22.9878,0.9726,0.9734,0.9742,80.867,92.021,98.4979
2025-09-02,4209102,202536,17.0669,18.3962,20.7944,0.2149,1.6463,5.6372,13.17,0.9702,0.9723,0.9737,82.0606,92.4879,98.3107
2025-09-03,4209102,202536,16.9413,19.4684,24.8277,0.0698,0.4372,2.0123,3.4976,0.9661,0.9691,0.9712,64.6053,87.6691,98.223
2025-09-04,4209102,202536,16.6815,20.3948,26.665,0.0131,0.1033,0.2816,0.8262,0.9629,0.9657,0.9678,61.3139,86.4002,98.8793
2025-09-05,4209102,202536,13.5118,16.2798,18.8499,0.3002,3.7621,7.358,30.0969,0.9667,0.9681,0.9693,85.069,93.4443,97.8811
2025-09-06,4209102,202536,11.1073,11.5702,12.2969,2.7269,4.7268,9.7004,37.8146,0.9701,0.9723,0.9743,80.8617,86.3868,92.8953
2025-09-07,4209102,202537,11.099,12.4041,14.3181,0.1686,1.1541,5.8649,9.2329,0.9714,0.9731,0.9745,86.2954,88.8517,90.4313
2025-09-08,4209102,202537,13.8539,15.542,18.5759,0.1621,1.8582,3.3353,14.8659,0.9646,0.9696,0.9727,89.0339,94.0029,97.5279
2025-09-09,4209102,202537,16.7067,19.4173,24.5831,0.095,2.4131,3.7594,19.3048,0.9583,0.9617,0.9646,50.2542,81.2647,98.5462
2025-09-10,4209102,202537,10.7886,16.3574,22.3439,0.0,0.4812,3.7594,3.8493,0.9663,0.9676,0.9696,56.7925,76.6669,89.5909
2025-09-11,4209102,202537,11.9479,17.4937,24.3507,0.0054,0.0183,0.0255,0.1461,0.9657,0.9684,0.9702,60.8404,85.0957,98.814
2025-09-12,4209102,202537,13.2644,15.8248,18.9389,0.0095,0.0264,0.0372,0.2111,0.969,0.9702,0.9718,63.4277,80.6598,98.7632
2025-09-13,4209102,202537,11.9954,14.4149,17.8325,0.0015,0.0982,0.1556,0.7855,0.9695,0.9711,0.9725,63.2927,80.6328,94.7579
2025-09-14,4209102,202538,12.3181,15.4632,19.6024,0.0239,0.1115,0.2192,0.8923,0.9685,0.9703,0.9716,68.2211,82.1028,93.7526
2025-09-15,4209102,202538,14.3742,17.2852,21.8212,0.002,0.0709,0.2203,0.5669,0.966,0.9682,0.9696,65.2508,83.1219,96.4031
2025-09-16,4209102,202538,15.5071,18.9343,24.4987,0.2002,4.3944,5.4268,35.1553,0.9622,0.9649,0.9686,65.6791,84.718,97.6146
2025-09-17,4209102,202538,16.1854,18.2513,20.9636,0.0233,1.1778,5.5114,9.4221,0.9647,0.9669,0.9685,69.688,86.7376,98.184
2025-09-18,4209102,202538,14.9334,17.7321,21.0154,0.4343,1.0811,1.7468,8.649,0.9671,0.9692,0.9711,71.9814,88.038,99.112
2025-09-19,4209102,202538,16.639,19.5159,25.7045,0.1475,0.4493,1.6749,3.5948,0.9626,0.966,0.9681,54.2245,85.3265,99.4866
2025-09-20,4209102,202538,14.7041,20.3741,27.2052,0.0,0.0525,0.3147,0.4201,0.9592,0.9626,0.9647,59.4654,83.5798,98.1655
2025-09-21,4209102,202539,18.2279,22.3238,29.5912,0.0,1.1191,8.3345,8.9531,0.953,0.9563,0.9611,57.6522,84.3845,99.2085
2025-09-22,4209102,202539,18.4841,20.2046,21.6616,11.5769,20.9824,33.4401,167.8595,0.9512,0.9539,0.9577,65.6098,88.8751,98.4811
2025-09-23,4209102,202539,9.402,16.2529,22.2753,0.378,4.7159,34.8995,37.7276,0.963,0.9673,0.97,45.7908,70.2483,89.8367
2025-09-24,4209102,202539,10.2375,15.1469,19.1852,0.0002,0.0517,0.4084,0.4132,0.9721,0.9756,0.9781,60.3734,77.0744,93.508
2025-09-25,4209102,202539,13.2837,14.5289,16.5487,0.1067,5.4722,11.7867,43.7777,0.9774,0.9784,0.9794,77.5473,88.1186,95.8387
2025-09-26,4209102,202539,12.8356,14.5968,16.6967,2.0778,4.8742,13.5724,38.9935,0.9728,0.9761,0.9786,59.8248,76.5734,90.8509
2025-09-27,4209102,202539,12.9869,15.5945,19.0115,0.0021,0.6438,4.0586,5.1504,0.9691,0.9716,0.9732,66.2894,76.6487,84.5004
2025-09-28,4209102,202540,13.7221,16.8508,22.8364,0.026,1.1799,2.9196,9.4394,0.9637,0.9676,0.9705,63.4422,82.8304,92.886
2025-09-29,4209102,202540,15.2146,18.9014,24.0387,0.0488,0.454,2.9461,3.6316,0.9655,0.967,0.9692,69.6079,87.0182,98.8759
2025-09-30,4209102,202540,16.5861,19.591,24.6099,0.0017,0.1108,0.6478,0.8866,0.9657,0.9677,0.969,67.0689,86.6353,98.0487
2025-10-01,4209102,202540,16.5727,18.5928,20.9013,1.9218,4.9154,7.3364,39.3231,0.9665,0.9689,0.9706,77.3397,91.7399,98.3415
2025-10-02,4209102,202540,17.5521,18.1874,18.8778,0.4848,6.7592,15.3115,54.0733,0.9691,0.9707,0.9718,92.8049,96.3489,98.799
2025-10-03,4209102,202540,17.0557,18.5377,20.9786,2.9769,9.1795,18.838,73.4364,0.9668,0.9689,0.9714,82.5903,95.6795,99.3298
2025-10-04,4209102,202540,17.3431,20.6449,25.4456,2.282,5.0861,21.5141,40.6884,0.9635,0.9658,0.9678,65.4918,86.7893,98.672
2025-10-05,4209102,202541,16.6841,22.1279,28.4187,0.0003,0.4125,3.1991,3.3003,0.9604,0.9632,0.9651,62.978,84.7976,98.9043
2025-10-06,4209102,202541,19.4274,23.3972,30.0965,0.0001,0.1951,1.5338,1.5609,0.9575,0.9591,0.9617,52.6358,79.2863,97.0396
2025-10-07,4209102,202541,14.1518,15.4135,18.0314,1.3253,9.6664,14.2509,77.3315,0.9636,0.9666,0.9693,75.0188,84.7937,94.3984
2025-10-08,4209102,202541,12.6743,14.2401,16.1199,0.6901,5.3456,14.3957,42.765,0.9703,0.9716,0.9733,76.117,82.4497,87.2484
2025-10-09,4209102,202541,14.7412,15.3956,16.743,1.2864,7.8524,15.8314,62.8195,0.9709,0.972,0.9734,80.05,91.2961,96.7949
2025-10-10,4209102,202541,14.7435,16.0942,17.7511,1.2124,7.3162,17.59,58.5293,0.968,0.9698,0.972,85.1016,92.8241,97.5845
2025-10-11,4209102,202541,15.59,17.9936,21.3308,0.0692,1.566,8.902,12.5282,0.9633,0.966,0.969,74.4655,89.7121,98.581
2025-10-12,4209102,202542,17.2301,19.5818,23.5229,0.0564,1.2956,7.771,10.3645,0.9581,0.9615,0.9644,73.6182,91.9852,99.2218
2025-10-13,4209102,202542,18.0257,22.2884,27.5822,1.7901,3.4299,14.0419,27.4389,0.9542,0.956,0.9585,54.5983,79.4528,98.5612
2025-10-14,4209102,202542,13.9734,19.7115,24.2719,0.0,0.2804,2.2368,2.2431,0.9577,0.963,0.9666,48.5054,70.4956,85.6558
2025-10-15,4209102,202542,15.0776,18.3535,23.1857,0.0528,0.1249,0.1505,0.9992,0.9665,0.9685,0.9702,58.7849,79.7772,94.6077
2025-10-16,4209102,202542,14.7913,19.1673,25.0388,0.0057,0.0306,0.1506,0.245,0.9635,0.9658,0.9676,60.7537,81.4314,94.8538
2025-10-17,4209102,202542,18.0634,20.4738,24.036,0.0202,1.0264,4.9769,8.2112,0.9605,0.9624,0.9648,76.1557,88.6864,96.4751
2025-10-18,4209102,202542,17.7441,20.401,24.518,5.1024,18.0377,34.9648,144.3019,0.9581,0.96,0.9631,72.4288,88.8367,98.8724
2025-10-19,4209102,202543,13.0683,15.7566,17.684,0.0861,4.6366,35.0094,37.0926,0.9667,0.9698,0.9718,59.4505,70.2672,80.5318
2025-10-20,4209102,202543,11.8964,14.388,17.2201,0.6881,2.1791,3.6256,17.4329,0.9729,0.9742,0.9759,64.2042,80.0213,93.5684
2025-10-21,4209102,202543,13.0252,15.6391,18.8216,0.3989,1.1159,3.859,8.9269,0.9741,0.9754,0.9772,54.7944,74.3343,91.4222
2025-10-22,4209102,202543,13.9725,16.7526,20.1113,0.2034,0.5741,0.9586,4.593,0.974,0.9749,0.9766,61.2835,77.2629,92.4446
2025-10-23,4209102,202543,14.329,17.2048,21.2665,0.0688,0.4334,0.893,3.4674,0.9716,0.9735,0.9754,61.1866,81.6679,96.2316
2025-10-24,4209102,202543,14.584,17.8507,21.9634,0.0263,0.3858,0.7638,3.0866,0.9673,0.971,0.9729,63.0547,82.6829,97.123
2025-10-25,4209102,202543,15.075,19.5549,26.4922,0.0168,0.1255,0.7706,1.0038,0.9619,0.9655,0.9686,56.8884,82.967,97.9891
2025-10-26,4209102,202544,17.1291,20.0736,23.9472,0.0002,0.7514,3.9133,6.0112,0.9616,0.9626,0.9634,73.8368,90.5931,99.2274
2025-10-27,4209102,202544,18.2673,19.3376,21.3973,0.5859,7.1137,18.2628,56.9094,0.9627,0.9641,0.9655,87.9616,96.2688,99.2498
2025-10-28,4209102,202544,17.2416,18.053,19.4961,0.9279,7.3933,20.8502,59.1465,0.9657,0.9672,0.9686,88.002,95.0127,98.1681
2025-10-29,4209102,202544,16.7351,18.3237,19.6013,1.3771,7.5649,19.8521,60.5193,0.9617,0.9641,0.9661,82.7068,93.2903,99.3294
2025-10-30,4209102,202544,14.796,15.7053,17.0003,0.415,3.8703,10.5173,30.9621,0.9665,0.9678,0.9691,84.2052,90.829,95.5948
2025-10-31,4209102,202544,15.276,17.2719,19.8142,0.5613,3.5889,7.285,28.7112,0.9634,0.9656,0.9679,80.6786,89.881,96.9196
2025-11-01,4209102,202544,16.1633,19.694,24.0939,0.0128,0.9863,7.0031,7.8906,0.9621,0.964,0.9655,68.6157,86.2493,98.2606
2025-11-02,4209102,202545,18.2001,19.4541,20.9587,0.0195,10.5597,20.4232,84.4779,0.9586,0.9616,0.9633,88.2762,95.3741,99.0918
2025-11-03,4209102,202545,18.257,19.9429,22.6845,0.4123,6.0903,20.5645,48.7222,0.9589,0.9601,0.9611,79.6313,93.4254,99.3128
2025-11-04,4209102,202545,18.2186,20.5393,23.64,0.2048,2.4354,14.2316,19.4833,0.9601,0.9614,0.9629,75.3304,89.1811,98.1863
2025-11-05,4209102,202545,18.4057,23.4087,30.2616,0.0262,1.2607,2.4124,10.0855,0.9576,0.9601,0.9614,53.3536,81.867,98.6479
2025-11-06,4209102,202545,16.365,18.1336,20.4733,0.9996,2.1479,3.5439,17.1834,0.9631,0.9654,0.9679,63.7329,79.4469,92.661
2025-11-07,4209102,202545,15.4632,17.5109,20.798,0.2135,0.8724,2.2891,6.9795,0.9546,0.9617,0.9656,69.6955,83.4035,95.1435
2025-11-08,4209102,202545,16.9276,20.3191,25.746,1.7688,4.79,6.017,38.3202,0.9492,0.9532,0.9608,46.2675,76.6364,95.0806
2025-11-09,4209102,202546,14.4612,16.6125,18.793,0.076,1.2862,6.2828,10.2896,0.9639,0.9668,0.9686,70.1927,79.1465,88.9502
2025-11-10,4209102,202546,14.1524,17.6538,21.7673,0.0532,0.2907,1.414,2.3252,0.9685,0.9695,0.9711,59.5152,78.3866,95.1224
2025-11-11,4209102,202546,11.8769,17.58,22.7121,0.0001,0.0276,0.2095,0.2209,0.9666,0.9685,0.97,52.4808,76.8215,98.274
2025-11-12,4209102,202546,13.5638,18.2001,24.2044,0.0,0.0388,0.2326,0.3104,0.9639,0.9659,0.9676,62.0736,79.5875,95.1425
2025-11-13,4209102,202546,17.8423,19.5106,21.8803,2.6772,9.4674,14.9752,75.7393,0.9627,0.9651,0.9662,81.781,91.2398,96.6851
2025-11-14,4209102,202546,17.3766,19.728,22.5269,0.1344,2.4253,15.4411,19.4025,0.9662,0.9675,0.969,67.7437,85.7498,99.0095
2025-11-15,4209102,202546,17.9127,20.5549,23.9444,0.059,0.3149,1.0632,2.519,0.9634,0.9662,0.968,68.1946,86.1806,99.2073
2025-11-16,4209102,202547,18.4575,22.1726,26.8253,0.0012,0.2563,0.7405,2.0503,0.9555,0.9601,0.9641,65.6488,83.2993,98.3212
2025-11-17,4209102,202547,18.6199,20.9847,22.9669,0.0,11.2856,33.9716,90.2845,0.9551,0.9576,0.9591,83.452,90.1162,94.3784
2025-11-18,4209102,202547,16.9786,18.1655,20.6276,4.6057,17.4253,37.6457,139.4025,0.955,0.9579,0.9608,80.7682,92.9216,96.7073
2025-11-19,4209102,202547,14.7234,19.1956,25.4526,0.0009,3.443,27.4268,27.5437,0.956,0.9588,0.9621,48.294,76.0915,94.0769
2025-11-20,4209102,202547,14.1316,18.2237,22.1272,0.0,0.0354,0.0887,0.2828,0.9629,0.9647,0.9667,59.1472,68.4533,81.7285
2025-11-21,4209102,202547,13.7651,19.5674,26.7736,0.0014,0.0124,0.0822,0.099,0.9609,0.9632,0.9655,53.08,77.3984,97.0573
2025-11-22,4209102,202547,16.4703,19.7418,23.9751,0.0,0.2056,1.1502,1.6452,0.9601,0.9621,0.9638,70.5571,86.7921,94.913
2025-11-23,4209102,202548,16.6707,17.7743,18.4706,1.7975,16.1718,36.7849,129.3742,0.9641,0.9652,0.9666,92.6049,95.5626,97.6514
2025-11-24,4209102,202548,15.9146,17.0579,18.9696,2.5693,43.4108,85.8869,347.2864,0.963,0.9645,0.9666,92.5581,95.874,98.0641
2025-11-25,4209102,202548,16.5841,19.1152,22.6799,2.1486,14.3418,88.7878,114.7346,0.9627,0.9637,0.9648,65.8794,85.0904,98.0655
2025-11-26,4209102,202548,17.0486,19.7843,23.0937,0.1103,1.2198,5.1223,9.758,0.9635,0.9645,0.9657,68.6514,86.2645,98.2523
2025-11-27,4209102,202548,17.2264,19.4794,22.2261,0.3223,0.8709,2.4634,6.9672,0.9641,0.9656,0.9671,68.4267,83.5524,96.2229
2025-11-28,4209102,202548,16.9635,21.5847,28.218,0.001,0.211,1.0119,1.6879,0.9592,0.9626,0.9647,61.2036,80.2838,94.9151
2025-11-29,4209102,202548,17.6017,22.7071,28.565,0.0,0.1844,0.5646,1.4752,0.9584,0.9594,0.9607,57.4344,82.8758,97.6852
2025-11-30,4209102,202549,18.4311,21.6137,27.7076,0.4613,0.6937,1.1379,5.5499,0.9588,0.9605,0.9616,61.0933,84.6441,95.9859
2025-12-01,4209102,202549,18.8412,20.3672,22.6448,0.4417,2.1799,4.2663,17.439,0.9569,0.9597,0.9611,84.8995,90.184,95.57
2025-12-02,4209102,202549,19.8178,23.101,27.4783,0.282,1.5093,4.2938,12.0744,0.9553,0.957,0.9584,66.3404,86.0676,98.418
2025-12-03,4209102,202549,20.2129,22.2888,25.793,1.2227,2.5405,3.9898,20.3238,0.9583,0.9591,0.9603,61.8496,81.5756,97.7484
2025-12-04,4209102,202549,17.1955,20.1315,22.8443,0.0518,0.7251,4.4745,5.8011,0.9615,0.9622,0.9635,64.1101,79.4467,92.9649
2025-12-05,4209102,202549,16.7668,21.1584,26.7208,0.0384,0.107,0.318,0.8561,0.9612,0.9629,0.9644,53.293,79.4581,98.5222
2025-12-06,4209102,202549,19.0063,22.4791,27.5352,0.0323,0.0697,0.0956,0.5575,0.9614,0.9629,0.9645,56.7393,79.9263,96.0889
2025-12-07,4209102,202550,19.43,23.3644,28.7078,0.0026,0.0309,0.0798,0.2474,0.9599,0.9624,0.9641,58.2092,80.9991,97.5675
2025-12-08,4209102,202550,20.0476,23.0706,27.0586,0.0031,0.1496,0.2756,1.1966,0.959,0.9614,0.9629,59.5097,82.6102,98.2089
2025-12-09,4209102,202550,20.3887,21.4877,22.6156,0.4246,14.4734,38.4914,115.787,0.9461,0.954,0.961,89.6756,94.6509,98.7949
2025-12-10,4209102,202550,21.0022,23.9342,28.3956,0.0001,4.8633,38.502,38.9063,0.945,0.946,0.9468,49.4364,68.8921,92.343
2025-12-11,4209102,202550,19.6249,23.8236,29.2733,0.0,0.0231,0.1845,0.1851,0.9495,0.9523,0.9546,39.3829,57.1263,71.6466
2025-12-12,4209102,202550,17.6653,22.5718,28.352,0.0,1.1086,6.8963,8.8686,0.9547,0.9558,0.9564,53.5278,74.3995,91.2888
2025-12-13,4209102,202550,19.5983,21.6406,24.0163,5.1505,25.5298,37.1287,204.2387,0.9532,0.9554,0.9565,80.8539,91.7904,98.518
2025-12-14,4209102,202551,20.4188,22.8771,25.9252,0.3254,5.9697,37.5321,47.7575,0.957,0.9578,0.9592,75.2503,87.9852,98.5039
2025-12-15,4209102,202551,19.7867,24.8276,29.7368,0.0988,1.0754,4.0936,8.6029,0.9544,0.9572,0.9585,60.4058,83.1823,98.6845
2025-12-16,4209102,202551,21.3514,24.0603,27.6073,0.0006,5.229,17.5234,41.8319,0.9545,0.9568,0.9599,72.6077,87.6047,94.4978
2025-12-17,4209102,202551,17.657,19.2419,21.1935,1.1015,3.7847,20.4517,30.2779,0.9634,0.9649,0.9667,62.8162,76.2315,89.5244
2025-12-18,4209102,202551,16.4273,19.9985,23.8084,0.0114,0.275,1.6143,2.1998,0.9624,0.9641,0.9652,64.4299,77.218,94.1334
2025-12-19,4209102,202551,16.8957,21.2092,25.6432,0.0044,0.0546,0.1859,0.4366,0.9625,0.9636,0.9645,59.3803,81.4339,98.4612
2025-12-20,4209102,202551,19.1447,21.813,25.4903,0.0388,0.5943,1.5395,4.7546,0.9623,0.9642,0.9652,66.9996,85.3608,97.6743
2025-12-21,4209102,202552,19.3838,23.1879,27.9264,0.2285,0.4499,1.6331,3.5994,0.9603,0.9628,0.964,64.2053,83.7428,98.7419
2025-12-22,4209102,202552,21.1176,24.2616,28.2804,0.0235,0.1517,0.4056,1.2135,0.9585,0.9612,0.9624,67.6845,85.8203,97.99
2025-12-23,4209102,202552,22.2886,26.3113,32.0736,0.0004,0.2026,0.3639,1.6212,0.9576,0.96,0.9613,55.4561,81.7456,98.7402
2025-12-24,4209102,202552,23.1788,27.6832,32.5221,0.0,0.2119,0.5991,1.6949,0.9583,0.9597,0.9606,53.0298,75.8731,91.6932
2025-12-25,4209102,202552,23.2053,27.0831,32.0442,0.1141,1.5327,6.3224,12.2616,0.9576,0.9601,0.9613,58.5366,81.0719,96.3926
2025-12-26,4209102,202552,23.1913,26.3267,31.6286,8.4816,12.727,20.0511,101.8162,0.96,0.9607,0.9617,63.3131,84.0907,97.44
2025-12-27,4209102,202552,23.3033,27.3116,32.819,0.0494,3.0783,20.2901,24.6265,0.9587,0.9612,0.9628,58.8679,81.789,96.9634
2025-12-28,4209102,202553,23.4266,27.5518,32.2038,0.0295,0.768,4.1887,6.144,0.9581,0.9598,0.9611,61.3056,81.9117,96.7052
2025-12-29,4209102,202553,23.2985,25.1616,27.5571,0.036,3.4297,13.8901,27.4375,0.9589,0.96,0.9612,77.2729,89.0586,97.4307
2025-12-30,4209102,202553,22.1512,23.2427,24.4914,7.8632,13.9226,20.0644,111.381,0.9598,0.961,0.9622,87.6683,94.2834,98.7319
2025-12-31,4209102,202553,22.0791,24.6704,28.9607,24.0114,48.3186,68.9072,386.5489,0.9587,0.9609,0.9623,70.9626,88.8428,99.001
2026-01-01,4209102,202553,22.7465,25.2472,28.7931,1.1001,12.306,69.8313,98.4484,0.9541,0.9569,0.9596,69.714,85.6861,96.4962
2026-01-02,4209102,202553,22.1358,24.8618,29.562,0.0185,5.7658,22.9507,46.1267,0.9534,0.9548,0.9558,63.3564,83.6075,93.5672
2026-01-03,4209102,202553,20.0717,25.8367,32.6788,0.0154,3.1933,24.713,25.5461,0.9541,0.955,0.9558,39.629,74.5281,98.0306
2026-01-04,4209102,202601,17.1668,19.0355,21.044,2.2709,3.3627,3.8957,26.9017,0.9594,0.9622,0.9637,72.0087,81.2132,90.3229
2026-01-05,4209102,202601,17.3675,18.6589,20.1503,1.2069,2.5743,4.4509,20.5941,0.9657,0.9666,0.9677,73.2179,78.6054,86.999
2026-01-06,4209102,202601,15.9239,19.639,23.3405,0.0852,0.9034,3.7097,7.2268,0.9647,0.9663,0.9677,68.5467,81.7875,94.442
2026-01-07,4209102,202601,18.7291,22.8462,27.2911,0.0837,0.5316,1.5646,4.253,0.9617,0.9645,0.9659,61.0236,81.5534,96.9673
2026-01-08,4209102,202601,20.0546,24.0168,29.6536,0.0,2.63,14.0539,21.0403,0.9626,0.9632,0.964,63.5344,84.8535,96.9084
2026-01-09,4209102,202601,21.4887,24.1046,27.5631,0.5437,3.7604,14.8328,30.0833,0.9626,0.9643,0.9655,74.2107,88.4495,97.8847
2026-01-10,4209102,202601,22.2914,24.6891,29.2547,0.0156,6.1784,23.5813,49.4274,0.9596,0.9624,0.9644,68.9207,89.3568,98.942
2026-01-11,4209102,202602,21.6842,24.9476,28.1299,0.1505,4.3992,24.3161,35.1938,0.9576,0.9592,0.9605,68.1784,82.3215,94.0475
2026-01-12,4209102,202602,21.8507,24.0575,26.6782,0.0981,4.5894,17.5603,36.7153,0.959,0.9602,0.9611,72.2333,85.1032,92.1995
2026-01-13,4209102,202602,20.1498,23.7841,28.4959,0.5798,7.002,18.714,56.0163,0.9609,0.962,0.9634,68.2853,86.8741,97.52
2026-01-14,4209102,202602,20.0264,24.2023,29.3179,0.0032,4.8988,18.7697,39.1905,0.9615,0.9629,0.9643,65.0438,83.5486,95.1515
2026-01-15,4209102,202602,20.1105,24.2302,28.7675,0.6125,4.6234,13.1259,36.9874,0.9617,0.9628,0.9643,66.2506,85.4162,98.623
2026-01-16,4209102,202602,20.9872,24.7634,29.6452,0.1473,4.8572,17.4799,38.8579,0.9604,0.9624,0.9638,66.7814,85.1006,96.4628
2026-01-17,4209102,202602,21.9873,24.0912,27.3506,0.2716,4.8003,14.3214,38.4022,0.9591,0.9608,0.9618,76.2706,90.3798,98.4374
2026-01-18,4209102,202603,20.5676,24.0766,28.3624,0.3724,5.3111,15.4644,42.4889,0.9544,0.9576,0.9598,69.3312,87.5933,98.9012
2026-01-19,4209102,202603,20.0775,22.0258,23.953,0.3214,4.5316,22.4158,36.2525,0.9562,0.9591,0.9616,63.9092,82.9732,96.9466
2026-01-20,4209102,202603,14.8834,18.9193,22.0971,0.0286,0.8566,5.4563,6.8526,0.9637,0.9648,0.9659,59.6659,71.6022,85.524
2026-01-21,4209102,202603,16.2673,18.9383,21.0083,0.1773,1.1674,3.2126,9.3394,0.9646,0.9658,0.9668,70.7357,80.3153,92.6014
2026-01-22,4209102,202603,15.4009,19.2211,21.91,0.0135,0.7818,3.2418,6.254,0.9652,0.9661,0.9671,67.4978,78.729,94.1233
2026-01-23,4209102,202603,16.8709,20.0326,23.0561,0.013,0.3811,1.2147,3.0492,0.9652,0.9662,0.9672,63.6621,79.0743,92.7978
2026-01-24,4209102,202603,17.9533,20.9823,24.3269,0.6573,1.4371,2.1301,11.4969,0.9648,0.9658,0.9668,66.3799,82.7952,97.5959
2026-01-25,4209102,202604,17.0513,21.2359,25.6858,0.0024,0.4048,2.1363,3.238,0.9657,0.9666,0.9681,64.6948,82.9501,97.3127
2026-01-26,4209102,202604,19.1904,22.2464,25.7673,0.0372,0.5192,1.4622,4.1534,0.9652,0.9665,0.9675,69.786,85.2899,97.9726
2026-01-27,4209102,202604,19.7257,23.4915,27.4113,0.0234,0.3119,1.4901,2.4954,0.9625,0.9653,0.9665,64.7158,83.7325,97.1708
2026-01-28,4209102,202604,20.3216,24.3799,28.7912,0.0094,0.3699,1.5287,2.9593,0.961,0.9636,0.965,61.8062,83.3075,98.3411
2026-01-29,4209102,202604,22.4031,23.5589,25.5084,0.2697,6.7651,24.2028,54.121,0.9599,0.962,0.9633,80.6001,90.8019,97.1964
2026-01-30,4209102,202604,20.4084,21.6347,23.5073,1.4413,12.4779,30.7056,99.8236,0.9576,0.9594,0.9609,86.1574,93.3832,98.353
2026-01-31,4209102,202604,18.95,22.7827,27.3317,0.068,4.2625,22.5209,34.0999,0.9548,0.9572,0.959,64.8021,83.412,96.7472
2026-02-01,4209102,202605,20.7431,24.1126,28.94,1.3754,4.0547,9.8383,32.4377,0.9535,0.9551,0.9565,61.0435,82.436,96.8671
2026-02-02,4209102,202605,20.1207,23.1968,26.517,0.3521,5.4883,15.8149,43.9067,0.9569,0.9578,0.9592,73.9131,87.4258,96.8327
2026-02-03,4209102,202605,21.1996,22.8957,25.9771,0.9042,15.4589,30.329,123.671,0.9574,0.9586,0.96,80.1587,91.2128,97.8452
2026-02-04,4209102,202605,21.0151,23.2069,26.5641,0.1532,4.6771,31.185,37.4168,0.9581,0.9593,0.9605,70.4039,88.2926,98.2832
2026-02-05,4209102,202605,20.1182,23.0878,26.705,0.0477,0.9865,3.6168,7.8921,0.9601,0.9616,0.9627,67.3791,85.0139,97.5711
2026-02-06,4209102,202605,20.5052,24.4895,30.0005,0.0742,0.4497,2.6698,3.5974,0.9586,0.9612,0.9628,56.0165,80.5658,96.4289
2026-02-07,4209102,202605,21.204,24.0847,27.3855,0.0022,0.6163,4.0922,4.9303,0.9605,0.9617,0.9633,64.678,85.6952,99.0453
2026-02-08,4209102,202606,20.0328,21.7215,23.7877,2.336,4.8202,11.3987,38.5614,0.9614,0.963,0.9644,76.5234,89.0977,97.851
2026-02-09,4209102,202606,20.0062,22.0432,25.2655,0.0349,2.7035,8.136,21.6277,0.9616,0.9629,0.9638,76.5348,88.8452,96.871
2026-02-10,4209102,202606,19.7289,22.8472,26.4163,0.0763,1.4298,8.0943,11.4383,0.9595,0.9621,0.9635,66.5484,85.354,98.2696
2026-02-11,4209102,202606,20.34,24.5328,29.9058,0.0006,0.2668,1.5911,2.1341,0.9596,0.961,0.9625,59.6238,82.6977,97.4841
2026-02-12,4209102,202606,21.8136,25.8577,30.3572,0.0,0.6015,2.8914,4.8121,0.9605,0.9618,0.9632,59.0478,82.7206,99.0438
2026-02-13,4209102,202606,23.2443,25.8488,29.1533,0.1756,4.9263,14.8059,39.4104,0.9623,0.9635,0.9648,69.7875,84.048,93.5803
2026-02-14,4209102,202606,21.8808,22.982,24.468,5.1488,14.0608,30.9371,112.4862,0.9645,0.9657,0.967,80.7226,91.711,98.1543
2026-02-15,4209102,202607,21.5853,23.698,26.4779,0.6619,4.3839,22.4123,35.0714,0.9638,0.9652,0.9663,77.1392,88.7197,97.1092
2026-02-16,4209102,202607,22.4386,25.4125,28.9989,0.1775,2.4365,6.2651,19.4917,0.9617,0.964,0.9652,70.2754,85.868,97.4449
2026-02-17,4209102,202607,22.1162,26.3865,31.5017,0.0,1.5699,6.4776,12.559,0.9598,0.9621,0.9635,61.2633,82.0682,97.6326
2026-02-18,4209102,202607,22.2638,24.9682,28.3811,0.0241,1.869,7.05,14.9519,0.9597,0.9607,0.9622,71.1562,87.242,97.4857
2026-02-19,4209102,202607,21.8274,23.6847,26.4215,0.74,2.0092,4.847,16.0733,0.9593,0.9606,0.9617,70.7152,85.8467,95.5901
2026-02-20,4209102,202607,22.2811,24.6726,28.202,0.0372,2.1479,9.2398,17.1834,0.9568,0.9595,0.9617,71.2895,84.7823,94.4661
2026-02-21,4209102,202607,20.7855,21.8091,23.0712,0.5278,12.1969,21.8028,97.5751,0.9604,0.9625,0.9641,81.5981,91.1094,96.1268
2026-02-22,4209102,202608,19.7192,21.1846,22.8216,0.0958,6.3085,21.8955,50.4684,0.9636,0.965,0.9659,79.4661,87.7139,96.5159
2026-02-23,4209102,202608,18.8619,21.7333,24.1477,0.228,1.7939,9.5267,14.3514,0.9607,0.9633,0.9648,68.1784,82.5372,95.2725
2026-02-24,4209102,202608,20.5811,22.1658,24.8136,0.2151,3.9613,9.4159,31.6907,0.9565,0.9594,0.962,80.2118,89.7394,97.2852
2026-02-25,4209102,202608,21.4397,23.3339,27.0668,0.1226,5.5157,22.7378,44.1255,0.9543,0.9561,0.9579,72.8676,90.1197,98.754
2026-02-26,4209102,202608,20.1216,22.4343,24.8218,4.0342,8.9932,27.9066,71.946,0.9557,0.9571,0.9581,69.892,84.912,96.7645
2026-02-27,4209102,202608,19.5217,21.3098,23.6387,0.8168,2.2442,10.2671,17.9535,0.9595,0.9607,0.9622,64.3328,78.8296,88.8592
2026-02-28,4209102,202608,18.5413,21.213,23.532,0.013,0.5653,1.5808,4.5224,0.9615,0.9623,0.963,69.6196,78.4284,89.784
