data_iniSE,epiweek,casos_est,casos_est_min,casos_est_max,casos,municipio_geocodigo,p_rt1,p_inc100k,Localidade_id,nivel,id,versao_modelo,Rt,municipio_nome,pop,tempmin,umidmax,receptivo,transmissao,nivel_inc,umidmed,umidmin,tempmed,tempmax,casprov,casprov_est,casprov_est_min,casprov_est_max,casconf,geocodigo,temp_min_avg,temp_max_avg,temp_med_avg,precip_total,umid_min_avg,umid_max_avg,umid_med_avg,temp_avg_4w,umid_avg_4w,temp_min_avg_4w,temp_max_avg_4w,umid_min_avg_4w,umid_max_avg_4w,temp_avg_8w,umid_avg_8w,temp_min_avg_8w,temp_max_avg_8w,umid_min_avg_8w,umid_max_avg_8w,temp_avg_12w,umid_avg_12w,temp_min_avg_12w,temp_max_avg_12w,umid_min_avg_12w,umid_max_avg_12w,temp_above_25,temp_med_range_4w,umid_med_range_4w,temp_med_lag1,temp_med_lag2,temp_med_lag3,temp_med_lag4,umid_med_lag1,umid_med_lag2,umid_med_lag3,umid_med_lag4,year,week_id,time_id,year_id,obs_id
2020-02-23,202009,81,81,81,81,4209102,0.996349,13.552901,0,3,420910220200919600,2023-08-21,1.6046642,Joinville,597658,18,93.9698971428571,0,1,1,87.4897957142857,79.8549757142857,20.5619048571429,22.4285714285714,67,NA,NA,NA,NA,4209102,17.015657142857144,23.950242857142857,20.480542857142854,136.26420000000002,68.3204,93.76268571428572,82.09451428571428,1.224770730200648,1.0487268387106292,1.2919666487529304,1.1045975983092815,1.0052305239083132,0.8235039211701024,1.2680798750534366,0.632092125040324,1.302300302686813,1.200807671003303,0.5992238999591684,0.8909804515770121,1.2117668383613736,0.24869019913844378,1.2360113561178045,1.1784169201100927,0.29751281332939056,0.7200788265887524,0,-0.08614644587235618,-0.37959499255168977,1.3520498319876681,0.5595876314502455,0.9493656853281959,1.5562526736945708,0.4566524144472034,0.35281249536883286,1.4926370135118492,-0.019872087756460682,2020,9,1,1,1
2020-03-01,202010,226,226,226,226,4209102,1,37.81427,0,3,420910220201019600,2023-08-21,2.8897295,Joinville,597658,18.2857142857143,100,1,1,1,90.226088,79.3515857142857,21.0827662857143,23.5714285714286,199,NA,NA,NA,NA,4209102,17.51942857142857,23.02304285714286,20.00604285714286,178.9817,71.47545714285714,96.75262857142856,85.70562857142858,0.877983418187005,0.7535413880086586,0.9637151703421111,0.668495044191004,1.1417162399266498,0.14865269042668552,1.1311814966582783,0.4076713413000644,1.133562437884261,1.0408751272373116,0.6158732068546497,0.5513536727735695,1.2112961045074075,0.2170479630491984,1.2078322768786058,1.1690314419351138,0.29494110909752835,0.8226855535738192,0,0.037414753138059184,0.2557929344008036,0.30348115256746905,1.357618772536482,0.5613807415162465,0.9456046354493712,-0.66115075954605,0.4568622833821966,0.3476703211129531,1.494097777020062,2020,10,2,1,2
2020-03-08,202011,254,254,254,254,4209102,1,42.49922,0,3,420910220201119600,2023-08-21,2.0621808,Joinville,597658,19,100,1,1,1,89.4558842857143,79.7335871428571,21.8785714285714,24.2857142857143,226,NA,NA,NA,NA,4209102,18.613885714285715,27.189014285714286,22.45547142857143,6.1208,58.7899,98.44645714285714,82.93341428571429,0.658806629901601,0.17780752334908598,0.6918946835300598,0.490958510970932,0.4821967314802845,0.056798835289808496,0.923844791518379,0.4045443601050284,0.956566760034189,0.7643268649921743,0.762149474069589,0.4594653350234118,1.1520617825992099,0.418617942140692,1.1648593361757977,1.0779343403232324,0.5015865697077919,0.8542163115902712,0,0.3936103116462016,-0.7754048493803257,0.15319502600242996,0.3066292470422383,1.360399239663628,0.5584685132640049,0.24582935734504377,-0.6610171768634727,0.45135900825513325,0.34891099567196787,2020,11,3,1,3
2020-03-15,202012,228,228,228,228,4209102,0.9749701,38.148907,0,3,420910220201219600,2023-08-21,1.2121159,Joinville,597658,21.7142857142857,100,1,1,1,81.9252898571429,65.3983635714286,25.7413548571429,29.1428571428571,207,NA,NA,NA,NA,4209102,20.8825,27.075214285714285,23.544885714285716,103.2151,66.77158571428572,96.98814285714286,85.19034285714285,0.7624236662268057,-0.19040517519438818,0.6819090754216915,0.7087657847245601,-0.2231400011733665,0.6040189447157487,0.9215088266008238,0.5045228333694363,0.9079270374945696,0.8243500364036485,0.5223114645494521,0.864688719809797,1.168646494315017,0.1065991158046876,1.131952568586562,1.1554891511900125,-0.02349213816321341,1.0156068663597515,0,0.3936103116462016,-0.7754048493803257,0.9289908791062031,0.15599615266610692,0.3081093865558859,1.3557389431110967,-0.45044969614576913,0.24602483832576796,-0.6626408934188158,0.4526196141661676,2020,12,4,1,4
2020-03-22,202013,384,384,384,384,4209102,1,64.25079,0,3,420910220201319600,2023-08-21,1.6226226,Joinville,597658,19.1428571428571,100,1,1,1,77.0885178571429,57.2084242857143,24,28,346,NA,NA,NA,NA,4209102,17.426142857142857,24.0099,20.547842857142857,47.2334,65.36801428571428,96.66658571428572,82.87661428571428,0.7407596680175921,-0.34641127650476994,0.6276381675104004,0.7499364148862416,-0.5765082494731487,0.7421673285769166,1.0333418257816516,0.4602943409931278,1.0064045300027329,0.9947960189117987,0.2754108926687259,0.9450176270888394,1.1756681963156204,0.30840571547273815,1.1538082649266763,1.147404985849918,0.16836262386940926,0.9872777285671069,0,0.20870819453653994,-0.9834766362113735,1.2740358806333278,0.9335830971710509,0.1572899226990198,0.30575125764928424,0.1164083918485911,-0.4503017338345767,0.24125326661244162,-0.6615944239271146,2020,13,5,1,5
2020-03-29,202014,536,536,536,536,4209102,1,89.683395,0,3,420910220201419600,2023-08-21,1.8685917,Joinville,597658,21.1428571428571,88.8159615714286,1,1,2,70.7228918571429,56.345476,25.6984127142857,28.8571428571429,497,NA,NA,NA,NA,4209102,18.794228571428572,26.129785714285713,22.207885714285716,26.9935,61.33257142857143,92.16414285714286,78.19125714285714,0.7466788824685624,-0.2563434052398412,0.6619677276187789,0.7556130600328457,-0.766452448691755,1.2665419935371032,0.8541205988448716,0.3245461207926022,0.8521730071457148,0.7640171102978645,0.24059489642296933,0.8539349986623495,1.0809061024430202,0.1790981228542673,1.0472429072079725,1.0354015468907345,0.08450584259734996,0.9708257927311081,0,0.20870819453653994,-1.1773481087787172,0.32479676124571494,1.2794247092146918,0.9358389298614008,0.15526175201547074,-0.46471578316584045,0.11659504029003512,-0.4526567304002145,0.2424734853644384,2020,14,6,1,6
2020-04-05,202015,809,809,809,809,4209102,1,135.3617,0,3,420910220201519600,2023-08-21,2.0405362,Joinville,597658,19.5714285714286,85.5430685714286,1,1,2,68.5118241428572,57.0563544285714,22.9285714285714,25.2857142857143,726,NA,NA,NA,NA,4209102,15.538414285714286,22.705085714285715,18.833571428571428,54.6576,62.66152857142857,93.9581,79.87212857142858,0.940336832821642,-1.1217102873078888,0.7685812386451298,1.0512335996214897,-1.4190034671591916,0.4379715678670916,0.8407033342873095,-0.6291842324751825,0.765482897033504,0.8273295121456208,-0.6139194819230351,0.29680730022575413,1.0061684464895067,-0.2726831669899033,0.9616565003243789,0.9511273621936154,-0.1338086380535075,0.5315658096633263,0,-0.19800782990964097,-0.1436466785675581,0.8505742342319387,0.3279940673826265,1.2821084314197595,0.9321074734056223,-1.6415065000690354,-0.464568794466408,0.11227264981696092,-0.4515698971196854,2020,15,7,1,7
2020-04-12,202016,973,973,973,973,4209102,1,162.80214,0,4,420910220201619600,2023-08-21,1.7115115,Joinville,597658,18.4285714285714,83.3614238571429,1,1,2,60.7913091428571,46.241628,23.0238097142857,26.2857142857143,799,NA,NA,NA,NA,4209102,13.766214285714286,23.302,18.334457142857143,14.7231,51.17455714285715,88.51328571428571,71.24761428571429,0.6217810702664612,-1.474252785223047,0.5113747693470219,0.6245676524495055,-1.1699190114549363,-0.37251804024867613,0.7276931039178274,-1.1061849624373385,0.625277494075678,0.7153469950587723,-0.9110636695326805,0.13745173678382672,0.885879101454643,-0.3772950886041127,0.8318432027715185,0.8306635686981674,-0.19460541399544393,0.4683794651162769,0,1.0888538538302055,-0.1436466785675581,-0.21815626906222735,0.8549854106248297,0.32950064033368914,1.2776194171096449,-1.2193329425065766,-1.641439823320543,-0.46687427773536583,0.11346807552597588,2020,16,8,1,8
2020-04-19,202017,1122,1122,1122,1122,4209102,1,187.73279,0,4,420910220201719600,2023-08-21,1.4567015,Joinville,597658,19.4285714285714,90.1545248571429,1,1,2,72.7307071428571,60.7139848571429,23.7499997142857,26.4285714285714,828,NA,NA,NA,NA,4209102,15.411585714285714,24.2,19.150357142857143,14.2344,55.75891428571428,98.17047142857145,81.80394285714286,0.16350998414847492,-3.07991942894284,-0.08377129706862303,0.2655293623760666,-2.173366863087183,-1.9028738978440152,0.47535340044260865,-2.2720720617779517,0.2845047830845349,0.5449177757458441,-1.794719572459185,-0.70524370461389,0.7944247785697984,-1.2457122517539359,0.6806693174372345,0.8149166947937699,-0.8999012775656096,-0.15783780172846887,0,0.4598735167048168,1.004043259332977,-0.3762383611871521,-0.21621248664542014,0.8571439990137913,0.32709571229450274,-3.3854961697218493,-1.2192374538533366,-1.6396610200003217,-0.46579017739464534,2020,17,9,1,9
2020-04-26,202018,1098,1098,1098,1098,4209102,0.99963593,183.7171,0,4,420910220201819600,2023-08-21,1.1614497,Joinville,597658,20.7142857142857,95.7853528571429,1,1,2,79.6282115714286,67.1997757142857,24.0119048571429,26.7142857142857,783,NA,NA,NA,NA,4209102,17.728885714285713,25.12211428571429,20.839042857142857,41.1658,57.43777142857143,94.59087142857145,81.20354285714286,0.040597389274443174,-3.203449964856581,-0.25225185100901765,0.28361823138130005,-2.791576332087104,-1.6313082214891186,0.41384075865292824,-2.294217882636946,0.21411087646133398,0.557659990617883,-2.321047170892596,-0.22346544246182662,0.6217061637522051,-1.4163575445190233,0.509117526214648,0.6570868557468276,-1.2425460535098838,-0.10358363085997387,0,0.4598735167048168,0.7381432600514803,-0.11782223755297624,-0.3746595452428405,-0.2153792285014833,0.8535847089275364,-0.7341316976718544,-3.385548514317405,-1.218923887957826,-1.63880235626265,2020,18,10,1,10
2020-05-03,202019,1265,1265,1265,1265,4209102,0.9999859,211.65952,0,4,420910220201919600,2023-08-21,1.1898725000000001,Joinville,597658,15.5714285714286,94.7938971428571,0,1,2,72.1975124285714,56.5086892857143,20.7009802857143,24,853,NA,NA,NA,NA,4209102,12.6742,21.4938,16.750557142857144,33.408699999999996,56.58978571428571,93.57172857142858,78.24762857142858,-0.07979598993960432,-2.856550384333034,-0.3413481346981019,0.1877337680896385,-3.0421515409891735,-1.1930992674644787,0.45236171859145763,-2.6373430970139893,0.22330280288881166,0.6647512988729374,-2.9092277076232476,-0.4597490703398866,0.5673663509021388,-1.9845040502474605,0.4147707562567866,0.6655841527906008,-2.039714351141162,-0.319640984086354,0,-0.5676833768882003,0.7381432600514803,0.417027151247274,-0.11564681246836918,-0.3740223243386421,-0.21659208498239504,-0.8849302653980742,-0.734003095689276,-3.3777168474615378,-1.2179843488602904,2020,19,11,1,11
2020-05-10,202020,1068,1068,1068,1068,4209102,0.09480072,178.69751,0,4,420910220202019600,2023-08-21,0.94557124,Joinville,597658,17.2857142857143,95.0016662857143,0,0,2,76.3358537142857,62.9525068571429,21.4761908571429,24.2857142857143,688,NA,NA,NA,NA,4209102,14.489528571428572,23.272885714285714,18.17974285714286,79.039,57.330085714285715,92.6049,80.0636,-0.26300265058706834,-3.0436303701019582,-0.5808868398532886,0.07247449079545316,-3.4327821856508316,-1.2628686770196698,0.1885456625857618,-2.9944689559547446,-0.03735746079717984,0.3741904630918039,-3.0014127321193627,-0.9925649583705142,0.419091269944837,-2.4558829908761397,0.2267731164638419,0.5415218468737012,-2.4717433142261336,-0.46885960290747675,0,0.621311660247842,0.7381432600514803,-0.8778994694408248,0.4204373910545546,-0.11468913032216554,-0.3748881062930744,-1.6273480545506245,-0.8848119549031828,-0.7353735173617046,-3.377192278054516,2020,20,12,1,12
2020-05-17,202021,977,977,977,977,4209102,1.1600345e-4,163.47142,0,4,420910220202119600,2023-08-21,0.8521447,Joinville,597658,17.8571428571429,94.9850742857143,0,0,2,71.358245,54.2431015714286,22.654762,26,647,NA,NA,NA,NA,4209102,14.929385714285717,23.17705714285714,18.5159,146.56230000000002,56.59594285714286,96.25982857142856,81.47292857142857,-0.2766101845509801,-2.028367531094513,-0.5203949387115271,0.06970413571672274,-3.0367611171265487,-0.5240213096111069,-0.05955812260569891,-3.3852022412698535,-0.3179099510241522,0.18020166614696578,-3.3970125945590115,-1.471660645681372,0.23528888494942757,-2.843444431172413,0.008281310590122696,0.41879155249510724,-2.961883415725215,-0.761598650043087,0,0.621311660247842,-0.9970607772377043,-0.42524028052177126,-0.8774788459432763,0.42205833870064347,-0.11612227352883951,-1.1712423076147322,-1.6272804115365376,-0.885659000108594,-0.7343410287542356,2020,21,13,1,13
2020-05-24,202022,768,768,768,768,4209102,4.1233683e-13,128.50159,0,4,420910220202219600,2023-08-21,0.7148044,Joinville,597658,14.7142857142857,83.1327228571429,0,0,2,58.3568525714286,42.6390261428571,20.5119048571429,24.4285714285714,548,NA,NA,NA,NA,4209102,10.257742857142857,20.865142857142857,15.005042857142858,17.1283,49.6802,84.5452,70.58577142857143,-0.33241238200299117,-2.066487659048183,-0.5607220763149993,-0.027633472608876324,-2.9829101853347457,-0.8690375663943506,-0.1535225756637798,-3.4921837587705054,-0.42747894280628473,0.13771133926799684,-3.7645633280710182,-1.5161198735355121,0.17093732106611365,-2.8806126546613977,-0.056450255034397684,0.39063043511710915,-3.346683511174847,-0.5595613882661015,0,0.621311660247842,-1.0791145133485043,-0.31877082864153844,-0.4237745960359613,-0.8774637338284049,0.4194509157519672,-0.8172704055043545,-1.1711435369397576,-1.6255507479217233,-0.8846553998296649,2020,22,14,1,14
2020-05-31,202023,559,559,559,559,4209102,0,93.53175,0,4,420910220202319600,2023-08-21,0.59625256,Joinville,597658,15.7142857142857,98.21977,0,0,2,88.0370177142857,77.7355421428571,18.6547618571429,20.5714285714286,345,NA,NA,NA,NA,4209102,14.40837142857143,18.86744285714286,16.164814285714286,262.7565,74.52621428571429,94.81021428571428,87.3949142857143,-0.8455282379755271,-3.2892469866904244,-1.1855453987023887,-0.43270342805574397,-3.4820000182625006,-2.6830447944866602,-0.4866083153318744,-4.071833743637542,-0.8020985311602107,-0.13088242242726675,-4.2527989404460165,-2.3488829176312196,0.007130362559428802,-3.784716813575506,-0.2817614388628638,0.312034990236028,-4.062010193402529,-1.547232331822562,0,0.18770000248121851,0.8201509602307506,-1.430747901187808,-0.3170593365518503,-0.423198142299499,-0.877228102022051,-3.5517269407361285,-0.8171474774548968,-1.1709968791718623,-1.6246893718650162,2020,23,15,1,15
2020-06-07,202024,454,454,454,454,4209102,0,75.96317,0,4,420910220202419600,2023-08-21,0.5927018,Joinville,597658,17.8571428571429,98.252440000000007,0,0,2,85.0831551428571,70.6346491428571,21.3690474285714,23.8571428571429,224,NA,NA,NA,NA,4209102,15.804428571428572,24.398914285714287,19.320642857142857,135.7489,67.96505714285715,93.27475714285714,83.96431428571428,-0.897045884105568,-2.235831116420896,-1.0405139390839522,-0.682613108845336,-2.328044914985623,-2.4594039902280587,-0.6100213849425159,-3.498486716339473,-0.8516899208882696,-0.32667289844112546,-3.755667336732508,-2.25574541813894,-0.1989191102619633,-3.5179377913344894,-0.41224758761723895,0.008945130400882278,-3.545539779004085,-1.8414311790818678,0,0.18770000248121851,2.2881270386751265,-1.063419016676104,-1.431603647070543,-0.3163508502923963,-0.42395633889925244,0.6701162763901021,-3.551790630014587,-0.818229349681307,-1.1700481274002186,2020,24,16,1,16
2020-06-14,202025,431,431,431,431,4209102,6.955627e-8,72.11482,0,4,420910220202519600,2023-08-21,0.7187881,Joinville,597658,17.1428571428571,96.4914471428571,0,0,1,80.5999878571428,68.8984758571429,20.9801588571429,23.4285714285714,230,NA,NA,NA,NA,4209102,15.172914285714286,21.982685714285715,17.812571428571427,29.9288,68.05828571428572,92.2685,83.3849,-0.7967006869716861,-1.7866186984091694,-0.9305468025538697,-0.5754664317031937,-1.6438351513567218,-2.3384438625181154,-0.5644165585416157,-2.529286951922983,-0.7622438628443169,-0.2707100644461205,-3.0521435862381043,-1.735308722972698,-0.3372835122659933,-3.5912491672226996,-0.5698069106386263,-0.08853157803567,-3.506369699397414,-2.1418714520482567,0,0.7918008063915275,2.2881270386751265,-0.06388845376085556,-1.0634267049109176,-1.432274121027418,-0.3173428041387748,-0.19152524000159868,0.6703407135052837,-3.5433820261562348,-0.8172127878717013,2020,25,17,1,17
2020-06-21,202026,374,374,374,374,4209102,5.8536472e-5,62.577595,0,1,420910220202619600,2023-08-21,0.7682776,Joinville,597658,16.2857142857143,96.5113405714286,0,0,1,79.2284341428571,66.1365491428571,20.3051951428571,23.2857142857143,181,NA,NA,NA,NA,4209102,14.390857142857143,23.3137,18.017857142857142,238.6156,62.97222857142857,90.18841428571427,79.26644285714286,-0.8585603102076326,-1.5664330488876335,-0.9101801285381563,-0.6891162387259274,-0.9063957562823345,-3.0591820361428423,-0.6262806520666294,-2.4087947416475473,-0.7727178442127436,-0.3838339364771771,-2.536798604483405,-2.3804039527413767,-0.42687689227089615,-3.5608558094111524,-0.6397187213172342,-0.16236716293534018,-3.4180742081958995,-2.4977090014431846,0,0.7918008063915275,2.2881270386751265,-0.5415327395003865,-0.061588510949070405,-1.063641655160914,-1.4308246919775927,-0.3370529621965102,-0.19135960697978602,0.6640965695252589,-3.542889301409271,2020,26,18,1,18
2020-06-28,202027,242,242,242,242,4209102,2.0465851e-12,40.491386,0,1,420910220202719600,2023-08-21,0.57745725,Joinville,597658,13,85.945646,0,0,1,69.3920125714286,54.6896615714286,16.8556787142857,20.1428571428571,125,NA,NA,NA,NA,4209102,10.875614285714285,18.237885714285714,13.906757142857144,60.489799999999995,62.02151428571428,89.11552857142857,78.0222,-0.5935752603103804,-0.5667532167412294,-0.5645213385529281,-0.4561250266850482,-0.05124200358180674,-2.0401529372172873,-0.7567425750908211,-2.5564302810289248,-0.919205629842084,-0.47609637647240627,-2.3049042567216707,-2.8615997932311803,-0.5641206107955568,-3.4965642048869694,-0.7763438616005819,-0.26493517328685834,-3.364260183598565,-2.6575600045382584,0,-0.07881127314859888,0.13631198595755814,-0.47651357229461677,-0.5403355411407452,-0.06056394564133259,-1.0629987089766706,-1.371459088753277,-0.3368972609451623,-0.19461325244590377,0.6653980684916333,2020,27,19,1,19
2020-07-05,202028,209,209,209,209,4209102,8.9012975e-10,34.969833,0,1,420910220202819600,2023-08-21,0.5964129,Joinville,597658,14.7142857142857,95.8206285714286,0,0,1,80.6456228571429,68.5116552857143,18.2205628571429,20.4285714285714,55,NA,NA,NA,NA,4209102,11.9021,21.511485714285715,15.900242857142858,80.8222,65.38665714285715,93.32471428571428,82.08335714285714,-0.7921774069836818,-1.646129797343021,-0.8599713249064114,-0.5160302170503926,-0.8557423154740035,-3.06847654115754,-0.8882502652146981,-2.5736112570935714,-0.9981357027615989,-0.6422079797639447,-2.0773142471186796,-3.348669816813281,-0.7254976280461354,-3.607182188861287,-0.9210183943869007,-0.42764038269079824,-3.385265638711003,-3.0493597242016524,0,1.6162570622429873,-0.40565487102217007,-1.7786027080618199,-0.4751662632185704,-0.5399033014158392,-0.06211550227624041,-1.6839674844240389,-1.3713739821904278,-0.3396458234635843,-0.19347681727015156,2020,28,20,1,20
2020-07-12,202029,152,152,152,152,4209102,2.6296412e-9,25.432606,0,1,420910220202919600,2023-08-21,0.560518,Joinville,597658,15,93.9293257142857,0,0,1,84.0707494285714,76.6243114285714,17.6612554285714,19.2857142857143,17,NA,NA,NA,NA,4209102,13.510885714285717,19.590271428571427,15.878485714285716,128.1571,73.47512857142857,95.69637142857142,87.20312857142858,-1.0930107072525301,-1.8627437927370911,-1.1863291458810306,-0.7907820171058338,-1.0216258316065638,-3.0594554798096727,-0.9936626639900622,-2.4196760264884842,-1.1116837667736599,-0.7320718251733546,-1.7397430403318281,-3.2699929259382006,-0.8052299292851626,-2.9592501290868563,-0.9788570028080246,-0.4928548350989939,-2.9188203807425825,-2.660079691212595,0,0.6382876520924416,-0.5492834361647131,-1.1472154659907068,-1.7802615515003817,-0.4746533933735934,-0.5404061740279696,-0.663953026639278,-1.6839037054928419,-1.3705324322022026,-0.33853726688584435,2020,29,21,1,21
2020-07-19,202030,129,129,129,129,4209102,7.752294e-6,21.584251,0,1,420910220203019600,2023-08-21,0.6206561,Joinville,597658,17.1428571428571,95.7886922857143,0,0,1,75.0078635714286,59.7033075714286,22.0480517142857,25.4285714285714,15,NA,NA,NA,NA,4209102,14.352314285714286,24.101971428571428,18.358471428571427,1.9584,58.72904285714286,94.48755714285714,81.87088571428572,-1.2631187029347324,-1.4230305598621396,-1.3253271859077882,-1.0184309840734005,-0.6731287250752246,-2.4404641468148256,-1.1156263255042336,-1.9829504223569636,-1.1739339601044767,-0.9150639660529094,-1.0325033488988224,-3.331579722728937,-0.9123995568274952,-2.6364014266874767,-1.037830770601401,-0.6607512472832744,-2.337369072158785,-2.8602526160144874,0,0.6382876520924416,0.39720115115348575,-1.154106502292334,-1.1474166163318409,-1.781363399405138,-0.47529901774442523,0.6219467043970374,-0.6638196352018679,-1.6819775328685689,-1.3696220357560767,2020,30,22,1,22
2020-07-26,202031,71,71,71,71,4209102,9.812767e-10,11.8797035,0,1,420910220203119600,2023-08-21,0.44088322,Joinville,597658,13.8571428571429,96.409652,0,0,1,82.4820541428571,73.1077395714286,16.7920248571429,18.8571428571429,8,NA,NA,NA,NA,4209102,11.854542857142857,17.985085714285713,14.217357142857145,129.1209,72.70395714285715,94.35267142857144,86.1509,-1.2331607682808474,-1.1230988069226187,-1.3285505851272634,-0.943423416414292,-0.9461176196955986,-1.6641420987655677,-0.9605515504061306,-1.1228585662050241,-0.9942456534175461,-0.7499260857533661,-0.653355862850662,-2.2448636579129273,-0.9936502788976553,-2.5964971176147222,-1.1425969827160536,-0.6979070847638809,-2.2949891680906123,-2.86861150318366,0,0.8939784755610459,0.39720115115348575,-0.3686324307715022,-1.154323562071261,-1.1477354823663686,-1.779150243479254,-0.7173180951124861,0.6221678541032964,-0.6654336259310775,-1.681127003338567,2020,31,23,1,23
2020-08-02,202032,54,54,54,54,4209102,1.4720612000000001e-07,9.035268,0,1,420910220203219600,2023-08-21,0.44722033,Joinville,597658,15.2857142857143,97.3461334285714,0,0,1,75.9553944285714,58.8265017142857,20.4314017142857,23.4285714285714,4,NA,NA,NA,NA,4209102,12.434971428571428,21.1005,15.950928571428571,1.6057,63.154471428571426,99.13867142857144,86.22217142857143,-1.2058426700866296,-0.18698487628560104,-1.2466812628461137,-0.9674784720930024,-0.2588537420862205,-0.7184397567211055,-1.0506090757146584,-1.217670770050761,-1.1063191975170827,-0.7949425532687524,-0.7297086325423402,-2.294873848258597,-1.0766248414429724,-2.1239145726814828,-1.1680288078399763,-0.8257021448900752,-1.766117372300593,-2.805427470275762,0,0.6608186431635109,-0.5568333289353417,-1.680227848396695,-0.3670360549027455,-1.1546509736640955,-1.1469085582718155,0.35766528952022386,-0.7171883456589051,0.6160908922178207,-0.6643876932668387,2020,32,24,1,24
2020-08-09,202033,45,45,45,45,4209102,2.4351676e-4,7.52939,0,1,420910220203319600,2023-08-21,0.5344357,Joinville,597658,16.5714285714286,95.7927928571429,0,0,1,83.0256574285714,71.4915304285714,19.6953338571429,22.2857142857143,1,NA,NA,NA,NA,4209102,14.454414285714286,22.790085714285716,17.708685714285714,96.6195,65.45047142857143,94.90057142857142,84.37737142857144,-1.2013847263651185,0.2896475137862038,-1.202116394689832,-1.0065856091194967,-0.4024632731700662,0.3314214054671933,-1.2064369616741903,-1.0455888139659821,-1.254186210955757,-0.9632224394204598,-0.9312726898240816,-1.653938327091171,-1.1496292983954037,-1.755657783683222,-1.231776361825918,-0.9048251912164073,-1.574959338160135,-2.2767972060001993,0,0.6608186431635109,-0.5568333289353417,-1.1311620209492272,-1.6816595723365735,-0.3663894019016897,-1.1538089200686028,0.37556607124636343,0.35786840292170835,-0.7186171222881349,0.6173831633881864,2020,33,25,1,25
2020-08-16,202034,27,27,27,27,4209102,2.446703e-4,4.517634,0,1,420910220203419600,2023-08-21,0.4596836,Joinville,597658,12.7142857142857,97.3552028571429,0,0,1,84.5268541428571,71.646078,15.2929567142857,17,3,NA,NA,NA,NA,4209102,11.957471428571427,16.423957142857144,13.901328571428571,344.5753,71.51347142857142,94.33822857142856,85.05487142857143,-1.0404137562586855,-0.035771141844539285,-1.1232076295865399,-0.7021089049881982,-0.9187362884568369,0.1877190195808557,-1.2112410162218312,-0.9699478792296491,-1.2857172394423222,-0.9220301669192918,-1.0405403880390613,-1.3662485706206098,-1.1760694737615305,-1.581984260073792,-1.2465134874833395,-0.9189195383060962,-1.2843511336239524,-2.386771126958755,0,0.6608186431635109,-0.7999986604929045,-0.5744359673306126,-1.1313261084635131,-1.6826394258035717,-0.3672718829310265,-0.08778036070122508,0.375770406315119,0.3527086823290524,-0.7175814127158914,2020,34,26,1,26
2020-08-23,202035,25,25,25,25,4209102,0.01238705,4.1829944,0,1,420910220203519600,2023-08-21,0.5770004,Joinville,597658,12.1428571428571,99.0997914285714,0,0,0,76.2327472857143,63.064347,18.829456,22.2857142857143,3,NA,NA,NA,NA,4209102,10.610228571428571,21.131285714285713,15.330414285714289,3.1648,63.33244285714286,96.88991428571428,83.58258571428571,-1.4324313552190437,0.33090168186553937,-1.3234920705626758,-1.432706456985019,-0.09623940543862845,0.16075386251214427,-1.4016043201663833,-0.5287844006723039,-1.392505206423453,-1.2735339633453555,-0.6826613964223291,-0.9126670118925043,-1.2122214594050496,-0.7167926539530926,-1.19377533938885,-1.080677250440015,-0.5677768114763044,-1.5944429381986727,0,0.4102753093256144,-1.421320839750777,-1.7803220736525085,-0.5733147331414444,-1.1316250666576781,-1.6806422551760654,0.08238291317371538,-0.08760764744540224,0.37054855749380716,0.3539503253770487,2020,35,27,1,27
2020-08-30,202036,12,12,12,12,4209102,0.0011266951,2.0078373,0,1,420910220203619600,2023-08-21,0.37968737,Joinville,597658,17.4285714285714,95.8420971428571,0,0,0,88.4593814285714,79.6604757142857,19.1865907142857,21.1428571428571,0,NA,NA,NA,NA,4209102,15.471057142857145,20.9936,17.628985714285715,163.9522,76.79341428571429,95.48854285714286,88.81308571428572,-1.3345350116120007,0.03513055227394362,-1.4275560137853354,-1.1333313929962492,-0.699163599202518,0.6189190449002706,-1.335769218406238,-0.1050011452404273,-1.4041515314298139,-1.125917266225118,-0.6277333487047685,-0.0629138066518255,-1.239552098512823,-0.9447539424765015,-1.3116218143208298,-0.9982231346339077,-0.9351596473442995,-1.4261798802339565,0,0.4102753093256144,-1.2243047589375036,-1.3276945572574934,-1.78198488661593,-0.5729232966338771,-1.130833388439247,-0.287401525530587,0.0825672394923428,-0.09122136018018234,0.3717936297763872,2020,36,28,1,28
2020-09-06,202037,24,24,24,24,4209102,0.5359209,4.0156746,0,1,420910220203719600,2023-08-21,1.0263075,Joinville,597658,17.7142857142857,100,0,0,0,87.0537608571429,76.6725802857143,21.1568552857143,23.8571428571429,1,NA,NA,NA,NA,4209102,17.0007,23.680585714285716,19.621585714285715,94.6415,76.25971428571428,97.95292857142856,89.79204285714286,-1.1869454114700793,0.33350433356044845,-1.1736434331633183,-1.1435034082338063,0.17830917363099832,-0.04020659534369533,-1.2558258398419893,0.4079032518134771,-1.2475295560105275,-1.152338977232449,-0.149789001239137,0.17359623179199143,-1.2949620588022728,-0.6548177100917748,-1.3219654609865412,-1.1222521402623484,-0.6454103967101674,-1.247068299734692,0,0.4102753093256144,-0.5820539369618009,-0.5996789689896929,-1.3283123823554799,-1.7830888667020104,-0.573353929107575,1.0263091814847398,-0.2872424357381091,0.07836294122058025,-0.09006505070321648,2020,37,29,1,29
2020-09-13,202038,16,16,16,16,4209102,0.29402167,2.6771164,0,1,420910220203819600,2023-08-21,0.8345395,Joinville,597658,17.1428571428571,98.2499085714286,0,0,0,82.9608578571429,65.963009,20.6607602857143,24.5714285714286,0,NA,NA,NA,NA,4209102,16.04367142857143,24.80341428571429,19.519042857142857,36.3025,63.17135714285714,93.27864285714286,82.03662857142857,-1.0187007558496013,0.9570664473188538,-0.9606935899908673,-1.0587683327516375,0.8737308350774846,0.5109758675939186,-1.0827312358252912,0.6052166362456611,-1.0943807269838361,-0.9436576040932836,-0.03311456121130153,0.4202416563209246,-1.2357080839896346,-0.2716973902919202,-1.2652540334649245,-1.0604109030115103,-0.37623712423744815,-0.7871561324939672,0,1.8462426093682534,-0.3393843769745443,0.03142774501136013,-0.598616013693136,-1.3288550600969937,-1.780871935851401,1.2721874876276624,1.0265579275502796,-0.2901633234576015,0.07955184870318553,2020,38,30,1,30
2020-09-20,202039,28,28,28,28,4209102,0.8986679,4.6849537,0,1,420910220203919600,2023-08-21,1.4479953,Joinville,597658,14.8571428571429,95.0164728571429,0,0,1,79.0574218571429,62.3212127142857,18.3953661428571,22.1428571428571,2,NA,NA,NA,NA,4209102,13.621,20.34298571428571,16.385728571428572,29.7487,67.43672857142857,91.99525714285714,81.63812857142857,-0.5246078051599498,0.6094808328150442,-0.6189583148450597,-0.2614253417358062,0.3370339495306522,0.31964011087875066,-1.0290621775950375,0.6178486821456635,-1.0201563285810757,-0.9078710976337508,0.15301888372247852,0.28810532723973425,-1.1865369850072656,-0.10605188176716177,-1.2139715133979547,-1.006152245505871,-0.3697016665732814,-0.5371338652253663,0,0.7734628745821343,0.04383642319387227,-0.0010501660674857804,0.033947745746025625,-0.5982558809740082,-1.3276318881144042,-0.6756895383703262,1.2724530140486014,1.0190775451426886,-0.2890452552045418,2020,39,31,1,31
2020-09-27,202040,18,18,18,18,4209102,0.33037493,3.011756,0,1,420910220204019600,2023-08-21,0.8695753,Joinville,597658,19.1428571428571,98.2719005714286,1,0,0,85.6414055714286,71.3291927142857,22.1266337142857,26.1428571428571,1,NA,NA,NA,NA,4209102,17.976514285714288,28.07372857142857,21.93082857142857,77.6899,61.61781428571429,93.82284285714286,81.17101428571428,-0.4317900998061059,0.385554077127756,-0.3671628073946181,-0.3364356280946991,0.6010865967143141,-0.5642175286338579,-0.9287887695135819,0.27390905901727425,-0.942636202635739,-0.7875747645516308,-0.06767855824070007,0.030436050336620876,-1.10533867068228,0.11016550897116459,-1.1287893491334533,-0.9294798922832193,-0.1919727577945474,-0.30414259940005733,0,-0.018735779583564593,0.14261890857692583,-0.9934498864276681,0.0013948524318035127,0.03509051245316603,-0.5986310915923271,-0.7757781946642952,-0.675556947909794,1.2641192620027861,1.020447279622312,2020,40,32,1,32
2020-10-04,202041,13,13,13,13,4209102,0.071410015,2.175157,0,1,420910220204119600,2023-08-21,0.6060148,Joinville,597658,17.7142857142857,100,0,0,0,90.9676074285714,79.1126547142857,20.1324111428571,22.1428571428571,0,NA,NA,NA,NA,4209102,16.6996,22.829214285714286,19.18492857142857,246.0937,74.12664285714285,96.53344285714286,88.80345714285714,-0.05343154994285659,-0.49451893863230856,-0.15762752129009155,0.3372704122460746,-0.37524829601811355,-0.8650029824801282,-0.6522563705503026,-0.11106348204194783,-0.6994482476070811,-0.43181165887016537,-0.13206465730665332,-0.5505927965832104,-0.9078077960829978,0.0556112255738478,-0.9403161037151947,-0.6904686328296595,-0.315667277164834,-0.2638403266260139,0,1.7147564211138975,0.2584099000469066,0.762823244058751,-0.9932960358929279,0.0024973433559328183,0.03332968591228722,-0.8931002553741081,-0.7756524349130289,-0.677130204737233,1.2655360991399203,2020,41,33,1,33
2020-10-11,202042,16,16,16,16,4209102,0.30739036,2.6771164,0,1,420910220204219600,2023-08-21,0.8448854,Joinville,597658,16,98.21977,0,0,0,77.9847042857143,63.0055314285714,20.7688488571429,23.8571428571429,2,NA,NA,NA,NA,4209102,14.990071428571428,22.07212857142857,18.12997142857143,40.4465,66.90495714285714,94.20807142857144,82.9128,-0.0918367099743384,-0.6083660308821882,-0.18280898361362063,0.25625859611652774,-0.5124812268020632,-1.1213280438955717,-0.5839895134560164,0.2262694134083557,-0.6009193475169337,-0.4298153809696616,0.2314678559217195,-0.37211725122599276,-0.7995057869038894,0.15130417448118358,-0.841378609189422,-0.5724992390664908,-0.29428438870569723,-0.19611507860642888,0,1.7147564211138975,0.013353554071185277,-0.10687259352806583,0.7670318284381444,-0.9934242175850414,8.078231563176455e-4,1.0238908357474326,-0.8929825024531546,-0.7768783141220362,-0.6760865204246326,2020,42,34,1,34
2020-10-18,202043,19,19,19,19,4209102,0.694641,3.1790757,0,1,420910220204319600,2023-08-21,1.1856498,Joinville,597658,19.2857142857143,98.2910742857143,1,0,0,82.3629534285714,69.6456655714286,23.1210315714286,26,1,NA,NA,NA,NA,4209102,17.21194285714286,23.726285714285712,20.19814285714286,73.0033,67.94347142857143,98.53838571428572,86.3812,-0.21400924598366658,-0.5074647453246162,-0.270923193856297,-0.003635509625605018,-0.2722769544500099,-0.9534955442408757,-0.38844163579173213,0.063012033432828,-0.4678351485073912,-0.14165459744349718,0.0383706131658274,-0.38634364201653054,-0.8069902680114233,0.2136062868653137,-0.8215906670357821,-0.6464305622954752,-0.02594850251521622,-0.2187275327792315,0,1.7147564211138975,0.013353554071185277,-0.44100414820060924,-0.10467188883777329,0.7690815970255295,-0.992934890969104,-0.4556272523756387,1.0241394167691278,-0.8938011920809652,-0.7758538036917195,2020,43,35,1,35
2020-10-25,202044,16,16,16,16,4209102,0.4937142,2.6771164,0,1,420910220204419600,2023-08-21,0.9945238,Joinville,597658,18.2857142857143,98.3242914285714,1,0,0,75.7056545714286,57.5155108571429,23.1051585714286,26.7142857142857,1,NA,NA,NA,NA,4209102,17.013714285714286,24.478957142857144,20.340642857142857,225.7951,60.66867142857143,95.14497142857142,80.70394285714285,0.121302755993743,0.038754851694854195,0.029392954476772738,0.31830068451119636,-0.23967522976884453,0.22803648249360098,-0.16334010242842537,0.276307645219455,-0.17812207793951615,-0.009261796922651703,0.23157320476276103,-0.206162990881328,-0.6110905844806549,0.22737726273040867,-0.6553645063706403,-0.4373234821938677,-0.18218902904225687,0.11992760280804475,0,0.4053959181131721,0.013353554071185277,0.21403794468134307,-0.4395748579900919,-0.10370062806313737,0.7657149671764528,0.41550824446251383,-0.45547964341499203,1.016667427712131,-0.8927991569187222,2020,44,36,1,36
2020-11-01,202045,20,20,20,20,4209102,0.6795807,3.3463955,0,1,420910220204519600,2023-08-21,1.163588,Joinville,597658,14,98.1858442857143,0,0,0,71.2323467142857,54.1049867142857,19.8640871428571,23.5714285714286,1,NA,NA,NA,NA,4209102,13.332071428571428,21.077771428571427,16.9004,132.0593,60.415057142857144,93.75861428571427,78.60985714285714,-0.01855831770200777,-0.015033831721714555,-0.051127510236257515,-0.02375796606841471,-0.3007391277113535,0.466781179858235,-0.03794318025912474,-0.3417284291365159,-0.11042330784009938,0.16855561847549452,-0.4440552500548454,-0.24371591575373347,-0.46730619218787306,-0.10258970416148105,-0.5132980476750415,-0.31427267253886776,-0.26377370845332,-0.20319216186650751,0,-0.7883176511843503,0.12913392186465922,0.2591712914369132,0.2169795402944633,-0.4390179529897693,-0.1051578115799058,-1.0104115519337546,0.41571530544829927,-0.45781667024041117,1.0180366989117164,2020,45,37,1,37
2020-11-08,202046,20,20,20,20,4209102,0.63979185,3.3463955,0,1,420910220204619600,2023-08-21,1.1221031,Joinville,597658,19.7142857142857,99.1517885714286,1,0,0,84.889899285714307,71.3425887142857,23.4207264285714,26.4285714285714,0,NA,NA,NA,NA,4209102,18.175457142857145,24.2578,20.733957142857143,207.36139999999995,75.49884285714286,98.71162857142858,89.04778571428571,-0.21948869710246768,-1.188944907704532,-0.3327591736199666,-0.19041562210738783,-1.1828854393925163,-0.03428628199128271,-0.16378073834471774,-1.1939756127570336,-0.27141931618016824,0.03576414544220934,-1.1079480834094644,-0.7021613980152183,-0.49378146202621515,-0.44746291315038306,-0.5481214217170772,-0.37663890964992264,-0.42903747070364506,-0.29558491126391195,0,0.13469158322167465,0.04778488962879343,-0.8304404544915333,0.26221708707760066,0.21834876149123106,-0.4397415394901967,-1.53636945734719,-1.0103018051084973,0.41035482935871775,-0.45673082881907323,2020,46,38,1,38
2020-11-15,202047,36,36,36,36,4209102,0.986522,6.023512,0,1,420910220204719600,2023-08-21,1.8244503,Joinville,597658,19,98.31222,1,1,1,83.2209737142857,65.8640961428571,21.9660947142857,25.2857142857143,3,NA,NA,NA,NA,4209102,17.5673,23.168157142857144,19.90822857142857,228.3017,68.96531428571429,96.63008571428573,85.3,0.00953878982347823,-0.4824302631239805,-0.06636040128455553,0.017560833231431986,-0.6299906288405851,0.7789480814216239,-0.10759866808211617,-0.6596222151661456,-0.17786692079478966,0.007927766525101023,-0.591425110068561,-0.10832708178649919,-0.26997980138002625,-0.2087033549221958,-0.35519352901606344,-0.09131319275589644,-0.2982364206054924,0.05825538190475623,0,0.4299430092896042,0.7087935830894905,0.3837438531285796,-0.829910261661739,0.26364227803412543,0.2161870081424588,1.0852572558440712,-1.5362956053542842,-1.0107133425142385,0.4116075533228746,2020,47,39,1,39
2020-11-22,202048,33,33,33,33,4209102,0.8781221,5.5215526,0,2,420910220204819600,2023-08-21,1.3602005,Joinville,597658,21.2857142857143,97.4489785714286,1,0,1,80.8408528571428,67.8779225714286,24.6948877142857,27.1428571428571,0,NA,NA,NA,NA,4209102,18.820942857142857,25.60892857142857,21.775042857142857,144.5055,65.85045714285714,97.63365714285716,84.52234285714286,-0.015959944642232046,-0.6069429627936344,-0.03664132953346416,-0.035547607676770926,-0.5642495157170193,0.4343548884247868,0.05529458688003297,-0.3805336996004024,-0.004685434759256451,0.15206354971587122,-0.5273772047252764,0.39826733982490053,-0.12003422354533212,-0.10600917047176364,-0.13933373265130017,-0.017125873559393368,-0.1133639410561686,0.03723333546767851,0,0.4299430092896042,0.7087935830894905,0.12221477284599855,0.38707725129147075,-0.8298362957313196,0.2613814329113068,0.1439502640734531,1.0855100249145413,-1.5348817010831861,-1.009733780557992,2020,48,40,1,40
2020-11-29,202049,49,49,49,49,4209102,0.9790121,8.1986685,0,2,420910220204919600,2023-08-21,1.581399,Joinville,597658,21.1285714285714,NA,1,1,1,NA,NA,NA,NA,0,NA,NA,NA,NA,4209102,19.8169,25.86097142857143,22.496871428571428,252.6325,71.44395714285714,96.23738571428572,85.3608,0.11019936008985631,-0.16720998793364525,0.11450001281603202,0.07197425003540725,-0.2308750066683123,0.883751815874002,0.048090486929258484,-0.12511312178454614,0.03237190879061648,0.026313347510175764,-0.35002901513232176,0.8147956383774517,0.015769217839660163,-0.36257763043280006,-0.035395508708209095,0.15097450289168898,-0.4725149790756971,0.21078889126807768,0,1.211460622471589,0.7087935830894905,0.7134819762522855,0.12494437493937449,0.38865692439592825,-0.829704861781404,-0.051368828739541364,0.14413879215369707,1.077825051472958,-1.5340028963489671,2020,49,41,1,41
2020-12-06,202050,43,43,43,43,4209102,0.74164504,7.1947503,0,2,420910220205019600,2023-08-21,1.1551425,Joinville,597658,20.9714285714286,NA,1,0,1,NA,NA,NA,NA,2,NA,NA,NA,NA,4209102,18.955085714285715,24.821314285714287,21.455957142857145,237.4814,73.02308571428571,97.4297,87.21348571428571,0.6024239448511288,0.6102392540737962,0.6568363341244693,0.5271172180829182,0.478678480406776,1.3313584612027096,0.20124681120140625,-0.3874942813482659,0.16917312674631338,0.1809888074877999,-0.4624338342331223,0.7824361034479045,0.10994874347350587,-0.6275474022003817,0.051983838300633106,0.23038892674202402,-0.6305695299734011,0.07198883009946005,0,-0.5045837331651243,-0.7568275803959411,0.9421033040583477,0.7175766457143234,0.1261997264314296,0.3861225760427292,0.15922100510901993,-0.05119363052090691,0.13972081212697232,1.079206078575347,2020,50,42,1,42
2020-12-13,202051,26,26,26,26,4209102,0.029144447,4.350314,0,2,420910220205119600,2023-08-21,0.6283726,Joinville,597658,20.8142857142857,NA,1,0,1,NA,NA,NA,NA,2,NA,NA,NA,NA,4209102,20.582857142857144,27.060442857142856,23.229157142857144,397.7587,71.60838571428572,96.71591428571428,87.4282857142857,0.6659257700160542,0.3989983689424134,0.7220378867573989,0.5807381339001902,0.3193985781621865,1.0998729192950176,0.35505252843564505,-0.059718712127081595,0.3431758802501315,0.32124791957496257,-0.20608359102545273,1.1345654298377552,0.17339206241591865,-0.31799301760936066,0.142317436467643,0.23104088395198333,-0.30723293123465895,0.40783994739686014,0,-0.5045837331651243,-1.211524476100171,0.612419476690138,0.9467257949733098,0.7195652263087109,0.12423957393102794,0.6245480406871627,0.15941057536523218,-0.05493371673021095,0.14092151400449096,2020,51,43,1,43
2020-12-20,202052,10,10,10,10,4209102,1.3826133e-5,1.6731977,0,2,420910220205219600,2023-08-21,0.26464698,Joinville,597658,20.6571428571429,NA,1,0,0,NA,NA,NA,NA,1,NA,NA,NA,NA,4209102,19.56912857142857,24.739542857142855,21.889185714285713,276.2264,74.78305714285715,96.55178571428571,86.99715714285715,0.9580102929081041,0.644095113258062,0.9742336309530313,0.951106605318681,0.4894427846316794,1.1153714999578752,0.49521769034814284,0.02008463525153579,0.4911068397054195,0.49135134983293527,-0.05252328945454987,0.9353662911788035,0.39754747534202517,0.028234139443928854,0.35832572107516447,0.4757053876882328,-0.17031792978126303,0.7897759028039377,0,-1.1167167656866812,-1.158278609449532,1.1740366729496317,0.6162808216593698,0.9489978883517576,0.7163069268652459,0.6784979613193943,0.6247693679257472,0.1549395951899487,-0.0537704319330294,2020,52,44,1,44
2020-12-27,202053,23,23,23,23,4209102,0.27327806,3.8483548,0,2,420910220205319600,2023-08-21,0.8444893,Joinville,597658,20.5,100,1,0,0,90.621012,78.9369275,22.3888895,25,0,NA,NA,NA,NA,4209102,20.2602,26.043757142857142,22.575185714285716,287.087,72.62265714285714,95.85501428571428,86.68968571428572,0.9680494615481475,0.9290986351738285,1.0368055684332305,0.8683806489760432,1.064129061472248,0.9200114779574012,0.5668279632930354,0.4997202170563066,0.6032499721171554,0.5046460213127072,0.5388709855008671,1.0891334172769367,0.39618347018863526,0.3766130915598229,0.40774039202277645,0.3542670404383925,0.26176917210493567,1.0105674930110928,0,-1.1167167656866812,-1.3661202166229383,0.7496339001196544,1.1791946318759317,0.6181440748799294,0.9452376431279402,0.5702141986990102,0.6787229704559721,0.6186833775845137,0.15614322246782586,2020,53,45,1,45
2021-01-03,202101,30,30,30,30,4209102,0.98412377,5.0195932,0,2,420910220210119700,2023-11-24,1.9066924,Joinville,597658,21.5714285714286,100,1,0,0,81.8423958571429,61.110328,26.1690012857143,30.8571428571429,1,NA,NA,NA,NA,4209102,20.17897142857143,27.47848571428571,23.293642857142856,372.4276,67.00112857142858,96.48924285714286,84.33851428571428,0.974937411796547,1.0821352129005664,1.073879438403407,0.8857735308368653,1.1399617098066603,0.8509643724277692,0.8292507642050875,1.1155221112548077,0.9072875773284251,0.7580027673862325,1.0503707345575033,1.3182734014422641,0.5072308029474816,0.2502184092881074,0.5182165311321032,0.4713477327533484,0.21240792327606725,0.9556776213761298,0,-1.1167167656866812,-1.6955320952858695,0.9669074150271745,0.7538120340649266,1.1817543452929904,0.6151076615382288,0.4929885973577258,0.570431817838279,0.6724497361688436,0.619976147090232,2021,1,46,2,46
2021-01-10,202102,60,60,60,60,4209102,0.99999964,10.0391865,0,2,420910220210219700,2023-11-24,3.3784502,Joinville,597658,23,100,1,1,1,88.6393685714286,76.0780821428571,25.9057534285714,28.7142857142857,8,NA,NA,NA,NA,4209102,21.111685714285713,25.386314285714285,22.96567142857143,267.4568,81.24141428571428,97.34775714285716,90.259,1.1365667704345679,0.7510489623969097,1.1762349083555512,1.138615329342269,0.7525340706285893,0.6811403773883044,0.9476199729148422,0.75660629511189,0.9952108424865276,0.9223170646161997,0.6943155947513264,1.0753629705222745,0.6763660381888651,0.3354701549202682,0.6792145759066873,0.6682591025243595,0.21556429754933926,1.1402412028124715,0,-1.3935230205779117,-1.112710119687597,1.1944609263084929,0.9715871715612968,0.7558454465771545,1.1774848825917177,-0.09753985685177799,0.493200946113215,0.5645344039184799,0.6737528408060915,2021,2,47,2,47
2021-01-17,202103,60,60,60,60,4209102,0.99810016,10.0391865,0,3,420910220210319700,2023-11-24,1.8460507,Joinville,597658,21.1428571428571,100,1,1,1,92.3925378571429,80.591204,23.6309527142857,26,19,NA,NA,NA,NA,4209102,20.04248571428571,23.608028571428573,21.62292857142857,787.1114,86.24977142857144,96.71395714285714,92.635,1.1133924992960273,1.077038490428498,1.2204616660673884,0.9793144749157054,1.3722830042440064,0.7952360371981412,1.0890072884182553,1.1345551050815597,1.1507545125276073,1.035483937887172,1.2086855011534214,1.153805643570719,0.7670159957705616,0.5673463607806759,0.8002134340700061,0.7287209793892445,0.652006652053549,1.0439105761217369,0,-1.3935230205779117,-0.41101628643245497,1.090584096753166,1.199666039011679,0.973890024460846,0.752507774374328,1.389470079786865,-0.09736780964826572,0.48757155902551863,0.565816764745244,2021,3,48,2,48
2021-01-24,202104,71,71,71,71,4209102,0.9721251,11.8797035,0,3,420910220210419700,2023-11-24,1.4178352,Joinville,597658,22.5714285714286,100,1,1,1,92.41349,79.2283395714286,25.2222221428571,28.4285714285714,24,NA,NA,NA,NA,4209102,21.288457142857144,27.4649,24.11987142857143,193.282,71.70607142857142,95.91458571428572,86.15824285714285,1.0899744736247994,1.7263013783827579,1.2600492617446724,0.8716458074152535,2.1100036388242738,0.8245203061203659,1.0819729687230841,1.7528590197488005,1.204361335946022,0.9334011808304631,2.063418957202958,1.0532809138259862,0.8090170601164346,1.2807736293838703,0.894188318548242,0.6969998530483237,1.4915857985988146,1.1708530842664977,0,-1.1936502877922783,0.17796033908859038,0.6653035425426794,1.0955493874781177,1.2022510804984663,0.9700753209808561,1.9862345649925661,1.389743610344523,-0.10094765010765114,0.48883912582222744,2021,4,49,2,49
2021-01-31,202105,84,84,84,84,4209102,0.9674578,14.054861,0,3,420910220210519700,2023-11-24,1.3585463,Joinville,597658,22.7142857142857,99.1517885714286,1,1,1,79.0556685714286,61.5701401428571,27.2511671428571,30.7142857142857,28,NA,NA,NA,NA,4209102,21.0666,28.879685714285714,24.57737142857143,157.0459,60.74008571428571,94.67527142857142,80.27751428571429,1.2258337009978293,1.6650995795823396,1.3460440093426675,1.0068739346145175,2.0510343318421964,0.8352774767868268,1.157026411676545,1.8136359059911806,1.2689399165876867,1.0152310827213413,2.0744015738816706,1.0179983404198738,1.0454896969371104,1.7321354943071465,1.1410542329949322,0.9296330666282339,1.8621601733376043,1.3452870629441898,0,-0.5734206830390901,0.17796033908859038,1.4561483692112687,0.6692869817397012,1.09800561154691,1.1979367756650587,0.35950954724867396,1.9865488226900376,1.3810028057009776,-0.09979321024745573,2021,5,50,2,50
2021-02-07,202106,105,105,105,105,4209102,0.9933584,17.568577,0,3,420910220210619700,2023-11-24,1.4540646,Joinville,597658,19.8571428571429,98.3362385714286,1,1,1,81.5972108571429,64.4509712857143,23.8818855714286,27.2857142857143,31,NA,NA,NA,NA,4209102,18.40347142857143,24.953914285714287,21.3943,143.3501,66.2007,96.7208,83.32267142857143,1.338741051831729,1.1974284055548914,1.4202777703148228,1.1402044093653485,1.6482249136760805,0.5077177605071795,1.3013719994935355,1.2850127667670992,1.3616027100360453,1.22228278175115,1.5597425567396694,0.7169347460477797,1.1713801197373497,1.2077099790090182,1.230758861560525,1.0979722685855984,1.3777734688538685,1.018716021017539,0,-0.22998660924040404,1.1846245125906762,1.6010501666896795,1.4619576435981017,0.6712158163689868,1.0939193717710016,-1.1175148460859288,0.3597127865144554,1.9757368280304475,1.3824421105452356,2021,6,51,2,51
2021-02-14,202107,118,118,118,118,4209102,0.98781890000000006,19.743732,0,3,420910220210719700,2023-11-24,1.3724388,Joinville,597658,20.4285714285714,99.1579742857143,1,1,1,79.739583,60.1009575714286,25.3255135714286,29.7142857142857,41,NA,NA,NA,NA,4209102,19.183085714285713,27.618671428571428,23.041471428571427,108.8165,60.7899,96.24878571428572,82.06142857142858,1.2005347447315897,0.39862985188826805,1.193785588316297,1.0990596068516036,0.6805680059582956,0.3945043434714253,1.216521509105871,0.972104512385125,1.265961411441257,1.1148110218480276,1.3331599454291465,0.717468762692534,1.2200561526983515,1.0894740083859185,1.256703081934086,1.1630134554304135,1.2870380234458603,1.0260554753212177,0,-0.05836072580327313,1.1846245125906762,0.5928911032969506,1.6071939780071232,1.4648672030824132,0.6680632942899374,-0.35268250823761316,-1.1174124086950357,0.35454666505799326,1.9772904544413463,2021,7,52,2,52
2021-02-21,202108,196,196,196,196,4209102,0.99999994,32.794674,0,3,420910220210819700,2023-11-24,1.8585845,Joinville,597658,22,98.3713357142857,1,1,1,86.7019532857143,75.7315911428571,24.3529307142857,26.5714285714286,88,NA,NA,NA,NA,4209102,20.1237,24.836728571428573,22.10985714285714,449.273,77.375,97.19404285714286,88.88744285714286,1.3252993714673766,-0.8190393339435731,1.1219126267724886,1.4806902921205778,-0.9574140731816216,0.3105055446125864,1.2698074056697841,0.5959293278913225,1.2490201054905177,1.2616996132279925,0.746845160616285,0.6843503620046438,1.2615378188554565,0.9423216365464453,1.267939431050292,1.2362126926303378,1.1209490653070926,0.9140091698639933,0,-0.05836072580327313,-0.4208715170049993,1.1145918699747248,0.5967073628206706,1.6102832298780232,1.4599783547057732,-0.6694606834742364,-0.3525278736494509,-1.1174522227844053,0.3557886614085704,2021,8,53,2,53
2021-02-28,202109,279,279,279,279,4209102,1,46.682217,0,3,420910220210919700,2023-11-24,1.9952817,Joinville,597658,21.4285714285714,100,1,1,1,93.4892255714286,82.7703902857143,23.4197881428571,25.8571428571429,137,NA,NA,NA,NA,4209102,20.0047,25.019542857142856,22.230428571428572,446.0851,78.59147142857142,97.25405714285714,90.24915714285714,1.1485132554695512,-0.5047403513886077,1.0245021714124156,1.2306079738947726,-0.5926988218114271,0.5415448058187585,1.2482889143633584,0.7634307791406123,1.2430298683458878,1.2001189223300721,0.9459688359381877,0.8307083975198544,1.248861227565415,1.153200115358916,1.277458635532329,1.1989075241686804,1.3156076179152054,0.991409783549108,0,-0.05836072580327313,0.25565836783171664,0.819526111381138,1.1196125878020595,0.5985463989501916,1.6050762447531288,1.0449849820228319,-0.6693276679156119,-0.3552221907150717,-1.1164931784974963,2021,9,54,2,54
2021-03-07,202110,454,454,454,454,4209102,1,75.96317,0,3,420910220211019700,2023-11-24,2.2166033,Joinville,597658,20,100,1,1,2,84.2848571428571,70.5069168571429,23.8888891428571,27.1428571428571,249,NA,NA,NA,NA,4209102,19.01844285714286,24.787842857142856,21.64602857142857,169.3699,72.26792857142857,96.19712857142858,86.49285714285715,0.9420933732169833,0.6436097894590816,0.9356938192325588,0.8632980397319939,0.5557849782678056,1.0072116314438462,1.1991220057126117,1.213908785596128,1.2353820501431325,1.0746675423000636,1.4316054445188204,0.9143038627545307,1.2742289158606785,1.3347205581605064,1.3100254315329198,1.2061274429598976,1.4983636575552095,0.977198981869762,0,-1.2113233355243724,0.1510009893405605,0.8577141260795864,0.8238656065119573,1.1220985838553401,0.5955528608061635,1.3869979132987293,1.0452350026480322,-0.6709225432246999,-0.35411662827360085,2021,10,55,2,55
2021-03-14,202111,745,745,745,745,4209102,1,124.65323,0,3,420910220211119700,2023-11-24,2.3601584,Joinville,597658,21.7142857142857,100,1,1,2,89.0695371428571,75.8549731428571,25.0809994285714,27.8571428571429,427,NA,NA,NA,NA,4209102,20.67551428571429,25.883142857142857,22.936985714285715,154.2551,75.47134285714286,96.91687142857144,88.56368571428571,0.9642335722916002,1.0086933833731542,0.9871248383578257,0.8474955972441427,0.9461251925900599,0.9126491362111099,1.1380969041121711,0.926873252014168,1.1435210895893824,1.044134475456024,1.0556154308371446,0.7885382585581399,1.2223737916433717,1.2787858456956336,1.2614857330963687,1.1233543728284074,1.5200100460650836,0.9352253939897279,0,-1.400289824654945,0.1510009893405605,0.6726198955956876,0.8621417864467633,0.8259856921950088,1.117959634209448,0.4435524436951236,1.3872712751394602,1.0376898021546217,-0.66987766565669,2021,11,56,2,56
2021-03-21,202112,1014,1014,1014,1014,4209102,1,169.66225,0,4,420910220211219700,2023-11-24,2.0494618,Joinville,597658,22,100,1,1,2,87.7994477142857,70.90999,25.4841271428571,29.1428571428571,550,NA,NA,NA,NA,4209102,21.056628571428572,27.25138571428571,23.613,165.34470000000002,73.63655714285714,97.37665714285714,88.72041428571428,0.9550437751159717,1.757503585744087,1.1119389660296501,0.6823522569842206,1.8906680730749097,1.0332893864240065,1.198863701899612,0.6165791626215005,1.1713012453562912,1.1602072121769098,0.6039981178918763,0.8107171252894394,1.2566943137636097,1.3724576961043091,1.2958139985797135,1.1650067898848058,1.542599783511061,0.9647635190582221,0,-1.4787246979028303,-0.9474871614328149,1.081498607000265,0.6766202261655992,0.8643092289992234,0.8224945693020878,0.9636690036184491,0.4437614186018132,1.3785390506421453,1.039063114338396,2021,12,57,2,57
2021-03-28,202113,1412,1412,1412,1412,4209102,1,236.25552,0,4,420910220211319700,2023-11-24,1.8962989,Joinville,597658,19,99.1328242857143,1,1,2,81.8484792857143,61.8734761428571,23.303258,27,1004,NA,NA,NA,NA,4209102,17.6688,24.56132857142857,21.0312,117.8726,64.46701428571428,95.32882857142856,82.22202857142857,1.0872491974320264,1.738268311649993,1.1899612366107597,0.9121177317327409,1.650152231466349,1.0662651448483242,1.1754241172729791,0.8118543476117962,1.1611275594972603,1.1493140506212551,0.6848856763320758,0.9705239484106999,1.2906877554028096,1.4938867631720325,1.3205251016656498,1.2089912677672534,1.5758762765736043,1.08787564113016,0,-0.9712572878723039,-0.9474871614328149,1.2956093941501754,1.0864429219201686,0.678558133787519,0.8607342630413447,1.003033500775687,0.9639134747055926,0.4383036095326417,1.3799778818959787,2021,13,58,2,58
2021-04-04,202114,1577,1577,1577,1577,4209102,1,263.86328,0,4,420910220211419700,2023-11-24,1.5201805,Joinville,597658,18.7142857142857,100,1,1,2,87.2494105714286,70.4707591428571,22.9240365714286,26.7142857142857,1200,NA,NA,NA,NA,4209102,17.7813,23.75677142857143,20.392485714285716,107.9019,70.32054285714285,97.86224285714286,87.41342857142857,0.9817738469117494,0.8138515071512733,0.9946062786515089,0.8685165839651864,0.7414434918135339,0.7186150580290094,1.0114362090675078,0.9600549647230556,1.0120167333432588,0.9289982911638164,0.841044383124382,1.0419588240858686,1.2165817999491517,1.3673297779777553,1.2426410237206094,1.1027420145901456,1.4927059082451093,0.9939895728413662,0,-0.5097204988590999,-0.2677630911931405,0.47788816851135174,1.3010480298224107,1.088887879093964,0.675389548410361,-0.6291238247520023,1.0032806583554406,0.9566504975126489,0.43956170589557714,2021,14,59,2,59
2021-04-11,202115,1614,1614,1614,1614,4209102,1,270.0541,0,4,420910220211519700,2023-11-24,1.2230358,Joinville,597658,19.5714285714286,99.1517885714286,1,1,2,82.9826894285714,65.5418267142857,23.0665447142857,26.4285714285714,1236,NA,NA,NA,NA,4209102,17.385428571428573,23.241085714285713,20.346642857142857,62.5141,69.02577142857143,94.04908571428572,83.11994285714286,0.8715214101374762,0.9198659668351238,0.891142093178359,0.7704055055513648,0.6161568064458519,1.0192947459286703,0.9651086604890605,1.2718308860817549,0.9847130380923025,0.867921953791689,1.0136662406214632,1.1667204145320396,1.1322975117008032,1.1971765193357613,1.1393078339606977,1.0433904942185204,1.1342797297957612,1.0356152590292051,0,-0.030253287632270923,-0.2677630911931405,0.2755912328279879,0.48143891905254776,1.303758505292092,1.0848215868150268,0.6747663892618321,-0.6289880563404089,0.9958810588340574,0.958008232076986,2021,15,60,2,60
2021-04-18,202116,2287,2287,2287,2287,4209102,1,382.6603,0,4,420910220211619700,2023-11-24,1.482252,Joinville,597658,17.4285714285714,100,0,1,2,89.567513,72.9976521428571,20.730159,23.7142857142857,1837,NA,NA,NA,NA,4209102,16.29734285714286,21.586414285714287,18.50192857142857,131.7666,71.18145714285714,96.43077142857145,86.93618571428571,0.6436938488750134,0.2929559414464136,0.61598709664742,0.5190018992310923,0.20147558861502424,0.5014414544564508,0.8404899528765707,1.3525052588628834,0.9058237150853368,0.6445844461869369,1.358750136635176,0.9262895696701484,1.0904929763993287,0.6282159363168672,1.0568662750841842,1.030025631572857,0.5689830373120284,0.8200075196176572,0,0.0041598253363478105,-0.2677630911931405,0.26107164287925305,0.27867493743108557,0.48313534030650546,1.2992221256106837,-0.40360052657307394,0.6749911437313499,-0.6307229287524332,0.9972463344151551,2021,16,61,2,61
2021-04-25,202117,2059,2059,2059,2059,4209102,0.9999984,344.5114,0,4,420910220211719700,2023-11-24,1.1627089,Joinville,597658,16.4285714285714,100,0,1,2,80.2946495714286,58.2114651428571,21.0985061428571,24.7142857142857,1796,NA,NA,NA,NA,4209102,15.218985714285717,21.29108571428571,18.026285714285713,69.6905,65.55481428571429,95.14937142857144,82.93058571428571,0.19416148840051975,0.0874813611131655,0.21796061407952333,-0.02004558151492447,0.04352468089820598,0.330637189668002,0.6736461690097331,1.2037907367641392,0.7379058639076066,0.478758546048739,1.0992400267691798,0.8428627412706512,0.9064781528654497,0.6747336623704207,0.9020050055961434,0.8159183050325335,0.5517650437830012,0.8617707483349782,0,-0.5491524142176585,-0.5917462711612435,-0.32319593271441494,0.2641218258895223,0.28012049071925527,0.4803942949565563,0.5549004010627778,-0.4034493669659187,0.668730860608343,-0.6296703238933449,2021,17,62,2,62
2021-05-02,202118,2064,2064,2064,2064,4209102,0.8261385,345.34802,0,4,420910220211819700,2023-11-24,1.0298809,Joinville,597658,16.7142857142857,99.11983,0,0,2,83.6654128571429,67.3760687142857,20.6819448571429,24.2857142857143,1673,NA,NA,NA,NA,4209102,15.137685714285714,21.583114285714284,18.104685714285715,93.4268,70.72064285714286,95.62994285714286,86.10071428571429,-0.07012873543190787,0.16907992079441247,0.013078826848183485,-0.33122388061096397,0.11350920186042798,0.2982315354924381,0.4792312607554052,0.6460078446272917,0.5278870838499634,0.2885385526904305,0.55300269452461,0.6128171148422957,0.6918983836645428,0.8333762269002561,0.7205687731391837,0.5395248702002571,0.7097858366670861,0.9001289325832178,0,-0.6715661519978895,-0.7673875148434126,-0.47384403098275873,-0.3214946569281815,0.2655493734675105,0.2778235950653074,-0.45116013005673045,0.5551169750876122,-0.40596696290649326,0.6700332503921198,2021,18,63,2,63
2021-05-09,202119,1869,1869,1869,1869,4209102,6.983014e-4,312.72064,0,4,420910220211919700,2023-11-24,0.9031312,Joinville,597658,15,100,0,0,2,87.9540171428571,72.5964968571429,18.5752094285714,21.5714285714286,1538,NA,NA,NA,NA,4209102,13.736671428571428,19.268,16.001328571428573,123.292,74.24108571428572,95.3149,87.21121428571429,-0.27134684569827217,0.017905670323445647,-0.20801075645854694,-0.5380571226910941,0.1392499693149111,-0.10486828357523668,0.3154666433141127,0.6161207855034257,0.3575819147186234,0.12503836368056628,0.48817125717606635,0.5508227790331768,0.5841475916623445,0.9994915596744857,0.6192399530322695,0.4167529504610913,0.8581316766205417,0.8118705498069653,0,-0.7059792649665082,-0.8856892351944313,-0.4490127721361845,-0.47249055869706175,-0.3207916582301353,0.26328435605946887,0.3450604696757844,-0.45101221623022836,0.5492727107528809,-0.40487115477810687,2021,19,64,2,64
2021-05-16,202120,1470,1470,1470,1470,4209102,0,245.96007,0,4,420910220212019700,2023-11-24,0.7408945,Joinville,597658,16.5714285714286,95.7291557142857,0,0,2,81.0318328571429,64.2700818571429,20.6112155714286,23.7142857142857,1155,NA,NA,NA,NA,4209102,14.298642857142855,21.723214285714285,17.552685714285715,39.6969,66.40288571428572,97.09961428571428,86.18084285714285,-0.653528823618049,0.48906294987650145,-0.5131620036208291,-0.9161140770955015,0.47478156699202095,0.12370740497232469,-0.005263453861609249,0.513042550587805,0.05307411820871649,-0.21245577454779926,0.43662335096628313,0.3757246547362065,0.35354883363772305,1.3074271861695879,0.4502519110518191,0.11260320488237929,1.2996035062925202,0.7363123125250034,0,-0.570675355236049,-0.8175135618266378,-1.1151990688335722,-0.44760197155461895,-0.471974378360029,-0.3217738966123517,0.6239775407283646,0.34526272284132514,-0.453364747093466,0.5505521379309772,2021,20,65,2,65
2021-05-23,202121,1467,1467,1467,1467,4209102,2.3660554e-9,245.4581,0,4,420910220212119700,2023-11-24,0.81433326,Joinville,597658,13.1428571428571,97.3568628571429,0,0,2,74.0890958571429,56.4186041428571,19.1904761428571,23.2857142857143,1195,NA,NA,NA,NA,4209102,12.500528571428571,22.150114285714285,16.732742857142856,7.4888,52.93262857142857,86.47872857142858,73.19862857142857,-0.7370172639966346,0.40207647344378733,-0.6803163999876064,-0.9030969425351869,0.16734818556864928,0.2444843770186315,-0.28551450285908464,0.31948981833098755,-0.2434968491802057,-0.4944943476452538,0.1335317424214024,0.34544341265509854,0.2042794093010199,1.1455838371619602,0.26951556795400894,-7.978055580083452e-4,0.9394955223591832,0.728672345131729,0,-0.8688758639049032,-0.8175135618266378,-0.6238451048314475,-1.1153263024433713,-0.4470549980304637,-0.4726258637981979,0.36518584243623586,0.6241988290322736,0.3401467497867065,-0.4522780499100401,2021,21,66,2,66
2021-05-30,202122,982,982,982,982,4209102,0,164.30801,0,4,420910220212219700,2023-11-24,0.6264554,Joinville,597658,15.8571428571429,100,0,0,2,88.949025,74.9452042857143,19.3707487142857,22.4285714285714,669,NA,NA,NA,NA,4209102,14.856814285714286,21.65657142857143,17.5705,67.8057,72.49675714285715,96.86294285714284,88.41611428571429,-0.8507878074282449,-0.7186710819821749,-0.9076652080944964,-0.8213565148638334,-0.6447106678148041,-1.3212256829709312,-0.4842908478740729,-0.3682261106628353,-0.47030396628609894,-0.617510691360701,-0.34976025587306997,-0.6218871415623799,0.024203589328455975,0.12603360944074152,0.03668068432678773,-0.10530867961422669,0.09736483261796959,-0.14313115345128768,0,-0.8688758639049032,1.5949002755956774,-0.883541703366058,-0.6228379422514055,-1.1156054650172433,-0.44776100132887986,-2.895472585612738,0.3653894690897949,0.6181148187247856,0.34138597814216065,2021,22,67,2,67
2021-06-06,202123,894,894,894,894,4209102,0,149.58388,0,4,420910220212319700,2023-11-24,0.6685792,Joinville,597658,16.2857142857143,99.1263634285714,0,0,2,84.6287584285714,65.6575602857143,19.7910712857143,22.8571428571429,576,NA,NA,NA,NA,4209102,15.0072,19.0873,16.835185714285714,190.9124,78.3009,96.8237,89.85858571428571,-0.897770865370311,-0.4520259609914918,-0.9311549234592494,-0.8143667377221108,-0.5304428727606774,-1.098575467090251,-0.6147897658177733,-0.2918066969729963,-0.5986436216315328,-0.7246595775471673,-0.2585766439398202,-0.7311122828409642,-0.10928969993225272,0.24103633500152877,-0.09244380507906838,-0.2193564440945035,0.10487505292534914,-0.08926187050140115,0,-1.2698760300736562,1.8935778581252662,-0.6182028709062154,-0.8831341061777203,-0.622507777901888,-1.1148488339946854,0.9266044465466915,-2.895491487770755,0.3602036469202172,0.6194074789404059,2021,23,68,2,68
2021-06-13,202124,612,612,612,612,4209102,0,102.3997,0,4,420910220212419700,2023-11-24,0.5645622,Joinville,597658,12.8571428571429,98.2499085714286,0,0,2,87.8083168571429,77.9909671428571,15.5081635714286,17.5714285714286,383,NA,NA,NA,NA,4209102,10.729228571428571,16.1742,13.104185714285714,152.1586,76.00135714285715,95.36652857142856,87.69377142857142,-0.8244309062314774,-0.14715048596397864,-0.8248986386621879,-0.8315611544987846,-0.2692513320534625,-0.8261223886468136,-0.7771723587659888,0.2217770998948766,-0.7030110438072833,-0.9365791627023754,0.13005223780219072,-0.4278423565418533,-0.30915318711803363,0.31846593399287093,-0.2683168257901706,-0.4668759272489854,0.19774194180429108,-0.09680012577205231,0,-1.8189308667455966,2.251146020755955,-0.851095464811251,-0.6171826820169628,-0.8831259909841939,-0.6228299309597877,1.2889006247854775,0.926846388104288,-2.889360545371846,0.36144673067290134,2021,24,69,2,69
2021-06-20,202125,452,452,452,452,4209102,0,75.62854,0,4,420910220212519700,2023-11-24,0.53006077,Joinville,597658,14.7142857142857,100,0,0,2,89.246487,73.2028357142857,18.265986,21,193,NA,NA,NA,NA,4209102,13.8501,19.21961428571429,15.896728571428572,104.438,74.07285714285715,96.58498571428572,89.22277142857143,-1.2156883428605194,0.027080757872434795,-1.1234143190101755,-1.3595747921760812,0.3482743389321705,-1.139076085666633,-1.0267836869274327,0.2795162850459688,-0.9473650732565597,-1.2127017855558027,0.3320065646541575,-0.5441658594200137,-0.6533677253412798,0.2570769891045451,-0.5887491346812717,-0.8703312955443817,0.2753553660022398,-0.2594343424046586,0,0.9049383388997593,2.251146020755955,-2.0327973367062273,-0.8506129585103633,-0.6168455207461001,-0.8828779714643327,0.7451782835480069,1.2891672918209984,0.9197120508395894,-2.8887421026442506,2021,25,70,2,70
2021-06-27,202126,326,326,326,326,4209102,0,54.546246,0,4,420910220212619700,2023-11-24,0.50373435,Joinville,597658,9.71428571428571,97.2816677142857,0,0,2,77.4123437142857,60.5140478571429,15.3233908571429,19.8571428571429,101,NA,NA,NA,NA,4209102,9.2291,17.772100000000002,12.885542857142855,121.3546,62.723142857142854,91.40997142857142,79.4031,-1.2892180284655164,1.8724463581638875,-1.010547556866429,-1.6384250321541776,1.7083485893489447,0.6858714687557639,-1.125262180789149,0.7590734745645192,-1.0074379674138239,-1.318384985412252,0.6889134737830822,-0.3872508457317517,-0.8215465192332531,0.6756921038393526,-0.7072334441843845,-1.0648882308580385,0.5906219240411038,-0.1578019713216239,0,0.9049383388997593,-1.3419938472766475,-1.1483285289783633,-2.035043043056942,-0.8505646068108503,-0.6171800615175072,1.1292072809720477,0.7454078433890476,1.2807755335035698,0.9210626849843534,2021,26,71,2,71
2021-07-04,202127,284,284,284,284,4209102,1.3894441e-12,47.518814,0,4,420910220212719700,2023-11-24,0.5973384,Joinville,597658,13,100,0,0,1,87.0613965714286,69.9672621428571,17.0680274285714,20.2857142857143,45,NA,NA,NA,NA,4209102,12.323414285714286,18.556057142857146,14.7994,22.9589,69.40565714285714,97.62644285714286,88.1375857142857,-1.7012725013060699,0.8344933976797242,-1.4812020744795082,-2.0080499391820568,1.0795549564612164,-0.29880433478244595,-1.3666143931702557,0.24861665889168227,-1.266733422490306,-1.512816913778597,0.35381736618777804,-0.848500696104284,-1.0674352369121285,0.19670798995052902,-0.9725859232302699,-1.2828630737125102,0.34127304506549355,-0.6798382849196338,0,0.5170857191627717,0.7131457492316584,-2.1020470481943487,-1.1485322490645382,-2.0364601171374526,-0.8503878240941657,-1.337135801923808,1.129463049481765,0.738903181761502,1.2821955723594234,2021,27,72,2,72
2021-07-11,202128,235,235,235,235,4209102,1.9686176e-7,39.320145,0,1,420910220212819700,2023-11-24,0.65647656,Joinville,597658,14.7142857142857,99.1065457142857,0,0,1,88.557472,75.7669825714286,18.3108511428571,21.4285714285714,34,NA,NA,NA,NA,4209102,12.990428571428572,21.422614285714285,16.492085714285714,31.760299999999997,65.84457142857143,95.17034285714286,84.43851428571429,-1.8803252831645496,0.6363003194967043,-1.7056512569727331,-2.0586000835945923,0.5072720825875312,-0.1538482354803042,-1.4221959566144027,0.319219800456207,-1.3287535355456566,-1.5491391136506407,0.15121239052777863,-0.5958452421435967,-1.2491342932061695,0.496742026795358,-1.1296470349535654,-1.4535020768414795,0.35374100476170406,-0.39040372595005035,0,-0.18739113254630882,0.555536425806546,-1.4958801845508594,-2.1044526323818475,-1.1488524954059232,-2.0336888683929293,0.8566482346175435,-1.337048352913752,1.1216255387235239,0.7402190602803905,2021,28,73,2,73
2021-07-18,202129,213,213,213,213,4209102,4.028406e-4,35.63911,0,1,420910220212919700,2023-11-24,0.7401421,Joinville,597658,9.71428571428571,96.3556542857143,0,0,1,63.1788467142857,40.8973537142857,16.2557821428571,20.7142857142857,14,NA,NA,NA,NA,4209102,7.4111714285714285,18.371614285714287,12.4957,0.86,50.871228571428574,87.8644,72.98017142857142,-1.5823504445547878,0.2614197655047697,-1.5165435764481134,-1.5591898863327254,-0.14617320398192343,-0.18927466827707673,-1.471241971153183,0.1864287114972209,-1.386163893109175,-1.5644752507745585,0.1278189620866744,-0.8067177972826263,-1.3149663758906238,0.34739173169423926,-1.2322519674512318,-1.4594680316454647,0.1785828624922317,-0.49238168708611546,0,0.2595289307030357,0.555536425806546,-0.9597638947890494,-1.4968863023029513,-2.1059555828706866,-1.1480231275443107,-0.07242350646433057,0.8568854019023829,-1.3363259287293596,1.123014985287612,2021,29,74,2,74
2021-07-25,202130,154,154,154,154,4209102,4.373243e-6,25.767244,0,1,420910220213019700,2023-11-24,0.6363295,Joinville,597658,8.85714285714286,95.4668642857143,0,0,1,69.3827028571429,51.183505,14.9234432857143,19.4285714285714,9,NA,NA,NA,NA,4209102,8.041442857142858,18.086114285714284,12.77137142857143,18.2049,52.77921428571429,86.80605714285714,70.10751428571429,-1.8814799760281542,-1.6091037043938416,-2.0550412092123804,-1.6398808958878968,-1.63886934400297,-1.764003209957278,-1.6671782954723098,0.16977906092810957,-1.6095078945701773,-1.7572483516485515,0.041446081036728435,-0.6552616204074128,-1.4961198301233107,-0.2476013858751609,-1.4745080976451186,-1.5658015761777306,-0.30333669382959244,-1.0817895679136176,0,0.552174440145419,1.878687004888637,-2.2255201208372326,-0.9595322729054132,-1.497637546654984,-2.103032294065835,-2.950341047059141,-0.0722497451556073,0.849993861605835,-1.3354089570060181,2021,30,75,2,75
2021-08-01,202131,149,149,149,149,4209102,0.0016617599,24.930647,0,1,420910220213119700,2023-11-24,0.7304437,Joinville,597658,14.2857142857143,97.3459848571429,0,0,1,83.34379,70.4717652857143,17.4747251428571,19.8571428571429,11,NA,NA,NA,NA,4209102,12.287585714285717,17.65732857142857,14.428185714285714,52.407300000000006,73.5926,97.4738,88.78714285714285,-1.8915216576015237,-2.6795980368914534,-2.154366827266604,-1.6100010259244155,-2.2786202886196336,-2.5953596654401867,-1.8891075144877383,-1.225605811467686,-1.9085972065545966,-1.9394074346090584,-0.7847210790473264,-1.7544958473316261,-1.6708116901319305,-1.2039277914573738,-1.6946860207589973,-1.693169976358063,-0.8921796008118137,-1.795706956679722,0,0.552174440145419,2.590777876218149,-2.1382080213543,-2.228210769140248,-0.9596186806765853,-1.4960451174961464,-3.6718476804891136,-2.9503636938024274,-0.0759167569119643,0.851331094310094,2021,31,76,2,76
2021-08-08,202132,126,126,126,126,4209102,0.0052894005,21.08229,0,1,420910220213219700,2023-11-24,0.7419437,Joinville,597658,14.4285714285714,98.2499085714286,0,0,1,87.1884334285714,72.9947432857143,16.7346938571429,19,8,NA,NA,NA,NA,4209102,12.457142857142856,18.496242857142857,14.76382857142857,258.7027,71.61168571428571,95.54448571428571,86.99468571428572,-1.9241709438482697,-2.6047940103960303,-2.1573632265410456,-1.6955190869440475,-2.009249825158196,-2.6229233029872336,-2.0004159785598152,-1.3072655317354123,-2.0279461773483685,-2.012362317882032,-0.9819993539321008,-1.6834388430834544,-1.7223397338682007,-1.109693860401135,-1.7396473741693115,-1.751834157963243,-0.9134630906752944,-1.621036034989089,0,0.552174440145419,2.7517938585763533,-1.6134531184299075,-2.140697090917269,-2.2298668383031734,-0.9592033127832318,1.0197932825842233,-3.6719195675981804,-2.9440423194787626,-0.07475750553802138,2021,32,77,2,77
2021-08-15,202133,116,116,116,116,4209102,0.031401288,19.409094,0,1,420910220213319700,2023-11-24,0.7943181,Joinville,597658,16.8571428571429,99.11983,0,0,1,84.2718538571429,71.0996888571429,20.1993201428571,23.5714285714286,9,NA,NA,NA,NA,4209102,15.501671428571427,24.563585714285715,19.018328571428572,29.5096,65.57038571428572,97.62437142857142,85.67534285714285,-2.076175767845149,-2.3104212714116867,-2.2019627420573586,-1.9739764748035216,-1.6382177139060203,-2.555362080024478,-1.9236680361681389,-1.3605461556073806,-1.9521174862346609,-1.8938953595827759,-1.1659270575065448,-1.6639878333065046,-1.8136883054101065,-1.061029464640426,-1.7967843202373404,-1.8693675260744191,-0.7425087588238507,-1.7468573981457187,0,-0.7451859776537226,2.7517938585763533,-1.5071465538161601,-1.6147306785595767,-2.142244884545956,-2.226672460232963,0.5695934660394356,1.0200415839618968,-3.6630940607855402,-2.9434343878466285,2021,33,78,2,78
2021-08-22,202134,112,112,112,112,4209102,0.12659676,18.739815,0,1,420910220213419700,2023-11-24,0.86335534,Joinville,597658,17.1428571428571,96.5597314285714,0,0,1,84.9261971428571,70.6409932857143,19.4456828571429,22.2857142857143,6,NA,NA,NA,NA,4209102,15.561542857142856,23.55277142857143,18.72105714285714,52.9249,64.02308571428571,94.57907142857142,83.07277142857143,-1.5024931928332375,-0.8484252786808946,-1.5253416164229898,-1.3847825765627217,-0.6925351700640261,-0.7929454169582245,-1.7793138602448333,-1.6309124405486675,-1.8796390648541708,-1.621254379493391,-1.5221815221085566,-1.550381257217453,-1.7388243093566227,-0.3149741832500029,-1.7036666783307308,-1.7814636099354184,-0.32773389158802957,-0.8450927445296312,0,2.241623432690151,2.7517938585763533,-0.15963901857703441,-1.508178682402201,-1.615627724837152,-2.1392422031137177,0.23822269122770054,0.5698110428158184,1.0125838162793488,-3.6626243474467537,2021,34,79,2,79
2021-08-29,202135,122,122,122,122,4209102,0.57142484,20.413012,0,1,420910220213519700,2023-11-24,1.0234106,Joinville,597658,16.2857142857143,98.2591877142857,0,0,1,85.170963,73.301448,19.6560635714286,22.4285714285714,7,NA,NA,NA,NA,4209102,14.977942857142857,21.0173,17.345542857142856,70.85,71.93865714285714,97.49751428571427,88.30367142857142,-0.9792024698210198,0.6446742114860057,-0.8964239318691284,-0.8646055910095085,0.030848683300025898,0.6106744603798865,-1.5094583836293278,-1.3512294501457083,-1.6017428420036286,-1.3263336552855267,-1.467713776997595,-1.2039933904847921,-1.7011379933879027,-0.6344837165744677,-1.6818007872754428,-1.7123998523083255,-0.6058422538595892,-1.029874775865707,0,0.9978934224809322,-0.4621090879777767,-0.25379238325239056,-0.15756013651546258,-1.5089438981529102,-1.613777160365172,-0.4154482678558381,0.23841765307941795,0.5639157832723587,1.0139523025148345,2021,35,80,2,80
2021-09-05,202136,97,97,97,97,4209102,0.10769283,16.230019,0,1,420910220213619700,2023-11-24,0.8435382,Joinville,597658,17.1428571428571,98.2461934285714,0,0,1,81.8644758571429,66.1687118571429,20.750691,23.8571428571429,5,NA,NA,NA,NA,4209102,15.39092857142857,22.48337142857143,18.4352,171.3975,65.91692857142857,95.57511428571428,84.50895714285714,-0.7226131301681686,0.5889968781669402,-0.671425170561612,-0.5448892152454111,-0.07555911092321332,0.6149566913885969,-1.391715446056971,-1.3385712734836295,-1.48525012661864,-1.2007649328889682,-1.3615808053766036,-1.218085496388054,-1.684421326456571,-0.7274610813198295,-1.682708560174456,-1.642105024642313,-0.8146529159544055,-0.9753582339536119,0,0.7459345289945898,-0.5819547826477438,-0.6894524760550846,-0.25193087446135976,-0.15665431126346188,-1.5073267333031075,0.8983629045610346,-0.4152979168165981,0.2336724818160316,0.5651980251859974,2021,36,81,2,81
2021-09-12,202137,82,82,82,82,4209102,0.019546824,13.7202215,0,1,420910220213719700,2023-11-24,0.7420033,Joinville,597658,17.1428571428571,98.2973257142857,0,0,1,89.7621608571429,81.2277237142857,19.1019492857143,21.1428571428571,4,NA,NA,NA,NA,4209102,15.617971428571428,21.640857142857143,18.03567142857143,170.3988,76.62301428571429,97.44988571428571,88.96077142857143,-0.39970622355785973,0.30273644987007203,-0.4260680983942511,-0.16549601989772744,-0.44193606499479016,0.620487476498643,-1.3018587503114922,-1.3332024906588624,-1.3799053334634572,-1.1466467792028998,-1.3585490333318195,-1.173843310386611,-1.5098048025816373,-0.9178996426023701,-1.5380681575215478,-1.4123111809704216,-1.1456267964128959,-0.9584821123334403,0,-1.1920953169663349,-0.5819547826477438,-0.34433055554100905,-0.6885967821867947,-0.25114180858086615,-0.15799564432720486,-0.054730831641404645,0.8986029187297574,-0.41777439281108697,0.23489124336672199,2021,37,82,2,82
2021-09-19,202138,88,88,88,88,4209102,0.20211801,14.72414,0,1,420910220213819700,2023-11-24,0.8854116,Joinville,597658,17,96.5112062857143,0,0,1,81.6315165714286,66.2577838571429,20.1801587142857,23.1428571428571,0,NA,NA,NA,NA,4209102,14.782471428571428,21.58417142857143,17.849514285714285,43.3685,70.48415714285714,94.85187142857144,84.68307142857142,-0.486133539461986,0.6810915932296752,-0.4163417481178431,-0.44360677353488803,0.26914401952885847,0.5889795430405671,-1.045670253960235,-0.1152454927557851,-1.0197538448294434,-0.9798551732530287,-0.2795464504639794,-0.12613388242039142,-1.439744069958528,-0.93356614575763,-1.483215714149571,-1.3241242123795325,-1.0619298968442183,-0.8885053277810168,0,-1.4152497163941857,-0.41906903322439093,-0.4708713383693835,-0.3426780735721958,-0.688347977387801,-0.25227642477983414,1.063402442956941,-0.05455586286799629,0.8915665993619821,-0.41668085434247115,2021,38,83,2,83
2021-09-26,202139,76,76,76,76,4209102,0.16081673,12.716303,0,1,420910220213919700,2023-11-24,0.8570126,Joinville,597658,18,99.1328242857143,0,0,1,85.442085,72.9139865714286,21.3145357142857,24.1428571428571,3,NA,NA,NA,NA,4209102,16.4676,22.637485714285713,19.064385714285716,225.524,73.88425714285714,97.83578571428572,88.56718571428571,-0.562788057658696,0.866536284570823,-0.48149670602521283,-0.6309279072734583,0.6848224427971863,0.6382406775841626,-0.8108383961425524,0.9956265533800986,-0.7239270335358302,-0.8013898239178443,0.46229255380309253,0.7532869141955815,-1.2771499764115632,-0.6178459585616584,-1.3109090707555888,-1.185280220606499,-0.8072111493968589,-0.6100302500252219,0,-1.629835690374255,-0.7750790566341257,-0.5298320041911225,-0.46951100298412646,-0.34200128387142525,-0.6885260872653827,-0.010999677566808032,1.0636537205110053,-0.05828428057654856,0.8929118233032166,2021,39,84,2,84
2021-10-03,202140,43,43,43,43,4209102,2.4387348e-4,7.1947503,0,1,420910220214019700,2023-11-24,0.5279126,Joinville,597658,16.4285714285714,100,0,0,1,89.5521557142857,77.2499871428571,18.359524,20.2857142857143,1,NA,NA,NA,NA,4209102,15.212314285714283,18.881,16.757128571428574,335.7275,80.61934285714285,96.1349,89.86095714285715,-0.4116112451929542,0.8968830059135963,-0.3569143572446336,-0.47675995803692706,0.809994242745803,0.6993243812319283,-0.5964435888592268,0.9788625807269009,-0.5404891079727059,-0.547310073946072,0.4745130193640557,0.7928525509249692,-1.137451048610803,-0.5921576770521383,-1.182325787750952,-1.0366256516636458,-0.6602221940463229,-0.5930928699675461,0,-1.535840384930209,-0.7750790566341257,-0.1450515589339303,-0.5286077921701992,-0.46899113621780447,-0.3429371204815544,0.9645480758820103,-0.010821724291355134,1.0560445985508298,-0.057121639834850066,2021,40,85,2,85
2021-10-10,202141,69,69,69,69,4209102,0.44541952,11.545064,0,1,420910220214119700,2023-11-24,0.9771046,Joinville,597658,18.7142857142857,99.1392157142857,1,0,1,89.227005,79.8330164285714,20.9082422857143,23,1,NA,NA,NA,NA,4209102,16.816685714285715,21.851042857142858,18.78805714285714,225.7695,75.56195714285714,98.0515,89.83341428571428,-0.5592021018015378,1.5132277789731639,-0.371852148364389,-0.8195417827587775,1.7558863375921732,0.8004082499526419,-0.5042661225381332,1.197314662896418,-0.41957972898919227,-0.5276803723417338,0.8519348195671812,0.8573858079749456,-1.1287696120376198,-0.2679182948743149,-1.113386464250291,-1.129196811356785,-0.1753098960450105,-0.5150530880572577,0,-0.7158131149485044,-0.5950962704862954,-0.875818132146833,-0.14293899858775927,-0.5281610423902825,-0.4696491483021436,1.2894962410946675,0.9647926069628362,-0.014701919680977346,1.0574214389488992,2021,41,86,2,86
2021-10-17,202142,72,72,72,72,4209102,0.82490295,12.047024,0,1,420910220214219700,2023-11-24,1.1754066,Joinville,597658,15.4285714285714,99.1263634285714,0,0,1,84.6624548571429,67.7343264285714,18.8381188571429,21.7142857142857,3,NA,NA,NA,NA,4209102,13.8652,19.10467142857143,16.2661,199.8482,72.93887142857143,95.90108571428571,86.46405714285714,-0.4930277720437012,1.6137227086719257,-0.2716018042182917,-0.7995416678061964,1.6876223406658977,0.9090453550549814,-0.5149147137446013,1.514220923875948,-0.36187095668147184,-0.6660700237444157,1.270582733849735,0.9040716666344033,-0.9226644559869808,0.739835073055525,-0.821557866647829,-1.002468401095247,0.6350470011009589,0.309158383689787,0,-0.7158131149485044,-0.5950962704862954,-0.23257179214626256,-0.8753927034349808,-0.14201508346052483,-0.5286896043585717,1.2825784805879528,1.289762948778969,0.9575265787744984,-0.013530901406485324,2021,42,87,2,87
2021-10-24,202143,78,78,78,78,4209102,0.8796294,13.050942,0,1,420910220214319700,2023-11-24,1.2174302,Joinville,597658,18,98.2527268571429,0,0,1,82.2152487142857,66.4928482857143,21.7361108571429,24.7142857142857,8,NA,NA,NA,NA,4209102,16.345342857142857,22.166,18.8639,147.8714,73.82402857142857,96.72928571428572,87.73028571428571,-0.6322932805410316,1.8188238364547706,-0.3483146435375233,-1.0354772317119092,1.8455484331321985,1.0985082806181357,-0.6284408911165172,1.772686824255345,-0.4363141507685308,-0.8930050588106088,1.644155111344078,1.0485700126060276,-0.8081951782241094,1.7178878603853152,-0.6408618591622323,-0.9653703188024344,1.2966928153405752,1.0450132279966475,0,-0.3472099616430099,-1.0365773126164257,-1.031339274470891,-0.23066129106156855,-0.8753750102585065,-0.14338844378036059,0.43631893478353834,1.2828447161587049,1.2813691232564979,0.9588844817418167,2021,43,88,2,88
2021-10-31,202144,95,95,95,95,4209102,0.9624098,15.895378,0,1,420910220214419700,2023-11-24,1.3177421,Joinville,597658,20.2857142857143,98.2910742857143,1,1,1,83.1237512857143,68.2001601428571,23.15873,26,5,NA,NA,NA,NA,4209102,18.28612857142857,23.319,20.24807142857143,256.8463,74.14764285714286,98.40378571428572,89.25958571428572,-0.6499265336942682,1.7224451106375878,-0.3585391989564526,-1.0803412155286003,1.8416735777179087,0.8987009295459798,-0.5582265157595192,1.728986391029315,-0.37630645647134464,-0.8344001994817863,1.7231523763751089,0.9646013603008968,-0.6629040632576011,1.6546922277012637,-0.5149602294969657,-0.8011546291267366,1.304288368404603,0.9847765350059775,0,-0.49770968972078644,-1.0365773126164257,-0.20855044498582825,-1.0312728997287168,-0.22984590957473305,-0.8751439480978731,0.7543493394894808,0.43652741602792716,1.2744749001020281,1.2827892762139632,2021,44,89,2,89
2021-11-07,202145,86,86,86,86,4209102,0.67699087,14.389501,0,1,420910220214519700,2023-11-24,1.0737104,Joinville,597658,18.2857142857143,98.2783614285714,1,0,1,88.3441092857143,74.682598,19.7785257142857,21.5714285714286,3,NA,NA,NA,NA,4209102,16.244600000000002,19.3664,17.5431,210.7914,77.25792857142856,95.4398,88.0616,-0.3428888010418744,1.6531902271048198,-0.10147131909847011,-0.6580455782575577,1.4253113564352895,1.3084072507903468,-0.47439272503478314,2.0910542303475985,-0.24925199067551687,-0.791767749860722,2.068020187550093,1.273779821640221,-0.48326856192974976,1.7901237658551796,-0.33410199306554905,-0.6254992497318305,1.3875192198408348,1.2161149788385026,0,0.5413539879842033,-1.0434047953846122,0.22985158346938458,-0.20658448546039695,-1.0314480679640088,-0.23102711629202458,1.138453685964683,0.7545795252237958,0.4310947122922835,1.2758937278311355,2021,45,90,2,90
2021-11-14,202146,100,100,100,100,4209102,0.82624716,16.731977,0,2,420910220214619700,2023-11-24,1.1470412,Joinville,597658,19,96.55012,1,0,1,79.6996344285714,66.5286434285714,22.2152778571429,24.7142857142857,4,NA,NA,NA,NA,4209102,16.818085714285715,22.4717,19.25604285714286,190.3363,72.20628571428571,96.24365714285716,85.81981428571429,-0.45238610135148477,1.4491452955218136,-0.14931573909220913,-0.8944705081241847,1.5344230938816885,0.8367968948977536,-0.4971710254751968,2.022524129241064,-0.2217526958443275,-0.9078069601911651,2.0946231642052386,1.0540741315322322,-0.5315894388319441,1.9328119530987187,-0.3110508555591075,-0.814792137884148,1.7711077776906232,1.0393670493709133,0,0.5413539879842033,-1.1856487413558063,-0.6268811424929006,0.23282968826509606,-0.20573931515606272,-1.0308755539279346,0.8375633963731421,1.1387100855099899,0.7480430336198132,0.43235142293925966,2021,46,91,2,91
2021-11-21,202147,104,104,104,104,4209102,0.81199026,17.401257,0,2,420910220214719700,2023-11-24,1.1347756,Joinville,597658,18.5714285714286,97.4364057142857,1,0,1,75.6100592857143,56.0687141428571,24.0714285714286,28.4285714285714,3,NA,NA,NA,NA,4209102,17.185014285714285,26.444242857142857,21.176614285714287,48.0325,57.551585714285714,93.30101428571427,78.69387142857143,-0.18941265458223042,1.3749532705627348,0.0976386958462553,-0.5740826135137199,1.4872915804802764,0.8986570753730027,-0.43212801136667717,2.1091606709024204,-0.13242073755550945,-0.862526654559683,2.1667805360169776,1.2061986099394884,-0.514066066965984,2.0970736156522887,-0.2720636052410308,-0.8541671274002498,2.0396827831442277,1.1740443021141331,0,-0.41725871636753803,-1.0259500948844107,-0.08434890429004716,-0.6258809892580715,0.23421851991904183,-0.20697326154537551,0.27450864143745,0.8377992611828934,1.130840483261421,0.7493606690285786,2021,47,92,2,92
2021-11-28,202148,114,114,114,114,4209102,0.8721884,19.074453,0,2,420910220214819700,2023-11-24,1.1691325,Joinville,597658,20.5714285714286,94.9665771428571,1,0,1,79.8099871428571,69.1092547142857,23.697479,26,14,NA,NA,NA,NA,4209102,18.75445714285714,24.837357142857144,21.4538,106.5851,66.15491428571428,93.69422857142855,82.01075714285714,0.013996733544988224,0.33430552912012956,0.1678617262106361,-0.16698858607851633,0.4403903870234685,0.27959351197559645,-0.3344508538864643,1.3566687602869145,-0.10093735512053996,-0.6683119188966437,1.482439851759728,0.7105405993803178,-0.38857993248565087,1.522447806410619,-0.2035839304201926,-0.6565059808219351,1.5674949119703618,0.8345165227474481,0,0.2797757232504805,0.7404698452064098,0.5239445431103454,-0.08209619882409248,-0.6255545898918919,0.2320220471968067,-1.5152681349716797,0.274706079681453,0.8309739586190015,1.132231701149927,2021,48,93,2,93
2021-12-05,202149,104,104,104,104,4209102,0.5010648,17.401257,0,2,420910220214919700,2023-11-24,1.0003694,Joinville,597658,19.2857142857143,93.4163162857143,1,0,1,76.8571271428571,61.72043642857139,22.2675068571429,24.5714285714286,37,NA,NA,NA,NA,4209102,16.935114285714285,23.0395,19.672657142857144,211.0472,64.68005714285714,94.7334,81.64934285714286,0.12004377639708255,-0.5004810181154616,0.20702877462133212,-0.022510082868084237,-0.0738284769703868,-0.5708395087539555,-0.11725962706241208,0.758367943988483,0.054507888208691055,-0.36442798708731833,0.8763787435539065,0.44377117918588693,-0.289706170248442,1.3730659049509033,-0.09922240417311738,-0.5707686647007089,1.5753056723712024,0.6823390058133427,0,0.4878522676350524,0.44350621581986865,0.6117362551001537,0.5276016246871913,-0.08109700647411118,-0.6258700772274473,-0.6821874970205618,-1.5151928428855246,0.26983497080002755,0.8323075352601715,2021,49,94,2,94
2021-12-12,202150,115,115,115,115,4209102,0.685287,19.241774,0,2,420910220215019700,2023-11-24,1.0666779,Joinville,597658,23,95.9357757142857,1,0,1,83.4355205714286,73.2594077142857,25.6518965714286,28,78,NA,NA,NA,NA,4209102,20.870557142857145,25.68792857142857,22.92497142857143,142.5066,75.76757142857143,98.15554285714286,88.62831428571428,0.30734400543369,-1.2389266783385346,0.26477756063784685,0.3270018831662269,-0.8830363337942733,-0.6983983996688835,-0.0763524948155653,0.1346212093372673,0.05970506936295374,-0.30379478113669783,0.4204259666559564,0.08109736624036912,-0.2360869638945061,0.9358730851659173,-0.05835489377808068,-0.5198270281156544,1.1833343433342736,0.4625552902759277,0,-0.7980120899888462,-0.11220059610828038,0.04760335550270524,0.6155960227055597,0.5293551603456168,-0.08260364150478465,-0.7729615753708453,-0.6820553500235349,-1.513852174956925,0.2710606836133649,2021,50,95,2,95
2021-12-19,202151,52,52,52,52,4209102,7.232878e-6,8.700628,0,2,420910220215119700,2023-11-24,0.49159226,Joinville,597658,19.8571428571429,95.7361185714286,1,0,1,75.067077,59.8997584285714,23.784197,26.7142857142857,36,NA,NA,NA,NA,4209102,17.667042857142857,25.50677142857143,21.146328571428572,131.4065,59.94282857142857,94.79754285714286,79.00584285714285,0.630036056244569,-0.9154953825355092,0.6036920627824751,0.6330404803227766,-0.6539180448405143,-0.3531577127062755,0.231578020833677,0.2995694673754202,0.36713181345479573,0.03207259832061167,0.5389487999857236,0.3275132572991837,-0.06984117353208719,1.1717820915386403,0.13054254044113298,-0.3703592036906248,1.356737537756916,0.7298466578203159,0,-0.0063818044698700565,0.583986631490983,1.0776933794692938,0.05016070110940611,0.6174584286645932,0.5265129966830844,0.9799013420688494,-0.7728356233949232,-0.6836060543911432,-1.512969327863799,2021,51,96,2,96
2021-12-26,202152,52,52,52,52,4209102,2.87676e-4,8.700628,0,2,420910220215219700,2023-11-24,0.55876297,Joinville,597658,20.7142857142857,95.7976557142857,1,0,1,81.5674092857143,68.8065821428571,24.4467791428571,27.2857142857143,26,NA,NA,NA,NA,4209102,18.68057142857143,25.964014285714285,21.9493,145.3299,70.14642857142857,97.40917142857144,85.9197,0.627372346918299,-0.8795682600870911,0.6440048635473137,0.5438358623975926,-0.5000754397095305,-0.08292055982698135,0.3371258474393851,-0.3653615258703098,0.42513398513286443,0.20251347898673785,-0.04267496853593197,0.11637057093340901,-0.0016474668307695504,0.6000538165773689,0.16775812656128172,-0.2658535328044781,0.8991757948443068,0.48403041798654306,0,-0.0063818044698700565,0.5066533489745783,0.5143522929728207,1.0826289092039159,0.05132352715400328,0.6144235153587704,-1.436912297862962,0.9801469209577035,-0.7740712782422337,-0.682563614885885,2021,52,97,2,97
2022-01-02,202201,104,104,104,104,4209102,0.9906051,17.401257,0,2,420910220220119700,2023-11-24,1.4265428,Joinville,597658,22.4285714285714,96.6375428571429,1,1,1,80.8168631428571,66.1867845714286,25.4426777142857,28.2857142857143,0,NA,NA,NA,NA,4209102,20.025,25.9314,22.634657142857144,233.4601,69.25655714285715,95.90677142857145,84.52345714285714,0.6709528931360561,-0.42940822679326884,0.6378256860961926,0.6510423509349584,-0.2432780365107892,0.5879089852883894,0.4157968650219562,-0.619909989501882,0.44244392106173575,0.3374579293541211,-0.2103262761692692,0.007657585969109893,0.1684212813715087,0.3643831392330192,0.27536910745809623,-0.007874637172260614,0.5554517001868523,0.5871283682911433,0,-0.0063818044698700565,0.5066533489745783,0.7686736117133836,0.5179872287793966,1.0850691475237808,0.049527186518666756,0.29959628742445366,-1.436831658258293,0.9728276062008313,-0.7730462282350182,2022,1,98,3,98
2022-01-09,202202,132,132,132,132,4209102,0.99998754,22.08621,0,3,420910220220219700,2023-11-24,1.825612,Joinville,597658,20.7142857142857,100,1,1,1,86.5485871428571,72.114284,24.1349205714286,27.1428571428571,3,NA,NA,NA,NA,4209102,19.331914285714287,25.018128571428573,21.718557142857144,244.27,73.88528571428571,97.66128571428573,88.17362857142857,0.931468691111828,-0.09842068621482009,0.8962376445760832,0.9262196275064173,0.05115491089095916,0.799791711873682,0.6512490483649733,-0.8895685663036307,0.6083449650291802,0.6723938582247765,-0.5455845970368602,0.058698334752023386,0.29441605173579877,0.046869931855872786,0.3749147389064506,0.1407409079950564,0.34850663720572844,0.41360401961928744,0,-1.1126309457923085,0.5066533489745783,0.9857435175377948,0.772895702923418,0.5197288691104351,1.081011209749302,-0.05108896083522554,0.29979543781469026,-1.4357629398701597,0.9741884503777676,2022,2,99,3,99
2022-01-16,202203,117,117,117,117,4209102,0.9288688,19.576414,0,3,420910220220319700,2023-11-24,1.2230711,Joinville,597658,23.5714285714286,96.8261108571429,1,0,1,77.0225512857143,62.847556,28.316739,31.5714285714286,3,NA,NA,NA,NA,4209102,21.98634285714286,29.653714285714287,25.562414285714286,91.9582,64.76497142857143,98.4335,84.12025714285714,0.825361337859894,-0.15078301121199425,0.7675585441559257,0.8624851484969199,-0.06994351163921332,0.7105407308860754,0.765124695601536,-0.7101732631829744,0.7186631282804742,0.8023086211911447,-0.4752343169927826,0.21364748014864032,0.4730104170546298,0.14909514628273696,0.5445326369852885,0.35612197056888295,0.3795682294858965,0.5560171727805625,0.5624142857142864,-1.3305627880323359,0.39394322369148616,0.6955915248165437,0.9904667612613669,0.7749527265383084,0.5169077655542664,0.8657008849071905,-0.05091374351656158,0.29483725726063265,-1.4348650822288598,2022,3,100,3,100
2022-01-23,202204,76,76,76,76,4209102,0.0032099509,12.716303,0,2,420910220220419700,2023-11-24,0.6708284,Joinville,597658,22.2857142857143,97.5103678571429,1,0,1,82.991718,71.2441264285714,25.7738094285714,28.4285714285714,2,NA,NA,NA,NA,4209102,20.70832857142857,26.676514285714283,23.286914285714285,385.0201,70.42292857142857,96.84902857142858,85.78555714285714,1.213767851629829,0.438201015742641,1.1287883356338972,1.2570853910800086,0.24029307400939554,1.367107351153748,0.9679400930786091,-0.2966027805956111,0.9293671337906639,0.9660507832798572,-0.17299268205177415,0.7746366498205509,0.6924191856322011,-0.06676944915553203,0.7195581665914533,0.6288409266966642,0.08224733771405303,0.6939006690258915,0,0.437674967672395,-0.8738473771151737,1.9130381024126735,0.6996448903278046,0.9927929727684218,0.7715732520111523,-0.15235808559740444,0.8659386700045224,-0.05465480106317473,0.29606777608884466,2022,4,101,3,101
2022-01-30,202205,62,62,62,62,4209102,2.937138e-4,10.373826,0,2,420910220220519700,2023-11-24,0.5837698,Joinville,597658,22.1428571428571,98.3827942857143,1,0,1,82.7723142857143,64.5578184285714,26.0680277142857,30.1428571428571,4,NA,NA,NA,NA,4209102,20.3372,26.864071428571428,23.043857142857146,140.203,68.07351428571428,96.25565714285716,85.14692857142857,1.3314145947178262,0.4227529124460624,1.2983728261490866,1.3248829669149826,0.25808193229773074,1.2659589910021833,1.0527099873916297,-0.00890744527124444,1.0151118459317505,1.0598816752801556,0.00583757419130663,1.1194615029233819,0.7919559994311087,-0.2745018139483333,0.7947127203606524,0.7511289516191813,-0.039998869099765126,0.568109357178223,0,0.437674967672395,-0.8738473771151737,1.1923298179052977,1.9199022049081467,0.7016112850144147,0.9889369139946619,0.2659044974047222,-0.15218977955095128,0.8590157106819375,-0.05349146265198285,2022,5,102,3,102
2022-02-06,202206,118,118,118,118,4209102,0.9833527,19.743732,0,2,420910220220619700,2023-11-24,1.3470618,Joinville,597658,21.2857142857143,95.8151242857143,1,1,1,78.8598627142857,64.8747028571429,24.9920631428571,27.8571428571429,13,NA,NA,NA,NA,4209102,19.456585714285715,25.16712857142857,22.213228571428573,158.2223,66.23141428571428,95.50214285714286,82.91831428571429,1.367404825822379,0.49455286688403033,1.324482598774146,1.413630843276648,0.18196988262414918,1.3289593799749295,1.2086065782016775,0.2576600801333167,1.1644107486052055,1.2550052676580294,0.14802379236735327,1.285846724069079,0.9721324235573536,-0.44878696330798984,0.9216954330828977,1.0242105687009444,-0.34143401878129515,0.6341182131283553,0,0.437674967672395,-0.8738473771151737,1.115347485905371,1.1975300104868813,1.9233783523023071,0.6983922646561206,0.10550430773038659,0.26610134844525435,-0.15557936242817502,0.8603546775932229,2022,6,103,3,103
2022-02-13,202207,86,86,86,86,4209102,0.5843377,14.389501,0,2,420910220220719700,2023-11-24,1.0332079,Joinville,597658,19.5714285714286,98.3033071428571,1,0,1,80.3922937142857,61.7937332857143,24.4285715714286,28.2857142857143,19,NA,NA,NA,NA,4209102,18.511542857142857,26.174785714285715,22.067657142857144,430.3226,64.28005714285715,96.26712857142856,82.01661428571428,1.4109124969736626,-0.11065742661097966,1.3349090646704993,1.427808862644243,-0.31044832424754687,0.93906998560341,1.1756929910629816,-0.1775259865992605,1.1023592894632794,1.2284348743974294,-0.2515422145083727,0.9958257194972975,1.0689945706472472,-0.6222845163803477,1.0035612121762976,1.1223839816100725,-0.537531037858568,0.5741242422485099,0,0.0663372105005876,-1.1678717893349106,0.8522664519448793,1.1203699482344203,1.2001124091910276,1.9174863872179324,-0.45424226505427434,0.10569021200529685,0.2612601019595629,-0.1544354240404131,2022,7,104,3,104
2022-02-20,202208,109,109,109,109,4209102,0.8640054,18.237856,0,2,420910220220819700,2023-11-24,1.1668795,Joinville,597658,22.4285714285714,97.4920771428571,1,0,1,83.096657,69.4736895714286,26.6111108571429,30.2857142857143,31,NA,NA,NA,NA,4209102,21.37782857142857,27.943157142857142,24.240042857142857,171.3804,71.17875714285715,96.83237142857143,86.22208571428571,1.1035392877221588,-0.35291626057661896,1.0443061245117569,1.0967731803342213,-0.34164568956603775,0.5478752846714013,1.2182985864894194,0.051939123003339506,1.1394197676218087,1.2625159079518216,-0.06981187227181572,1.156453866464009,1.0981805375194083,-0.42359840395473175,1.0447199368265356,1.1125697622212014,-0.31670064747058263,0.8141047490461792,0,-1.5325481363539057,-0.9443531768633918,0.806160306236682,0.8566815351859217,1.1228568813252828,1.1958027832774771,-0.6807163964978697,-0.45409456157296885,0.10140566632815073,0.26248416648576217,2022,8,105,3,105
2022-02-27,202209,177,177,177,177,4209102,0.9999964,29.615599,0,2,420910220220919700,2023-11-24,1.7269487,Joinville,597658,23.4285714285714,98.3402885714286,1,1,1,86.0765714285714,70.541544,26.566666,29.7142857142857,87,NA,NA,NA,NA,4209102,21.896585714285713,27.399471428571427,24.255085714285713,317.9647,73.83261428571429,97.56738571428572,88.27928571428572,1.1873694870331715,-0.30264494082864785,1.1002974530590914,1.2172999384576924,-0.2930188275500488,0.5448674043363692,1.3242308960085936,0.0749853663721789,1.2577876059057602,1.3634886499510388,-0.026557194429346856,1.0934086733393453,1.1894434785491124,-0.17177858581702346,1.126116315773423,1.2256898014777293,-0.15181666287345472,1.0680036351706061,0,-0.8170578016224598,-0.8361439491935603,1.4942096938135603,0.8104689435347762,0.8588422220901866,1.1187162726993138,0.3755445429460306,-0.6805841491032519,-0.45643639527276386,0.10259900315284017,2022,9,106,3,106
2022-03-06,202210,275,275,275,275,4209102,1,46.012936,0,3,420910220221019700,2023-11-24,2.1379719,Joinville,597658,23.2857142857143,96.6864357142857,1,1,1,85.1635928571429,71.9275114285714,26.6290728571429,30.2857142857143,138,NA,NA,NA,NA,4209102,21.921342857142857,27.858,24.453842857142856,276.6282,71.47571428571429,97.08025714285714,86.97695714285715,1.293900269550648,0.058082255052487826,1.230711310953925,1.268245653688633,0.07749767794135337,0.7817341112345209,1.399165426720776,0.3612347995283713,1.3399212488733183,1.438387335035127,0.16518009056035438,1.2749165588255482,1.339540196577475,0.2246642412461541,1.2800578446533313,1.3844895114259996,0.14857292610851977,1.2972939667155532,0,-0.805765496245099,-0.32619331197895707,1.498974146358283,1.5001068409454454,0.8125724543135348,0.8552792166832806,0.892238103116557,0.3757488765455531,-0.6821399592182542,-0.45535028853081067,2022,10,107,3,107
2022-03-13,202211,563,563,563,563,4209102,1,94.201035,0,3,420910220221119700,2023-11-24,2.82771,Joinville,597658,21.7142857142857,98.3035114285714,1,1,2,90.9496092857143,83.2245994285714,23.1412905714286,25,374,NA,NA,NA,NA,4209102,19.92452857142857,25.108271428571427,22.06384285714286,282.1566,76.10437142857143,95.61752857142858,88.26358571428571,1.4909682704280183,0.525481976785588,1.4368427926195029,1.5242941585879153,0.41489409574076086,1.0667036865781363,1.5256550202627108,0.270030818412564,1.4535570819277908,1.5832730890034143,0.06421878931782217,1.2114091758562857,1.3896181367218579,0.1259199973949503,1.3126609870297627,1.463528266397172,0.00771292567482991,1.210295427276455,0,-0.65656336451173,-0.32619331197895707,1.5619255502089353,1.504882293252477,1.503063600191068,0.8091106764933488,0.5651406959207457,0.8924776992884804,0.37052710244249587,-0.6810972378957623,2022,11,108,3,108
2022-03-20,202212,843,843,843,843,4209102,1,141.05057,0,3,420910220221219700,2023-11-24,2.4753065,Joinville,597658,20.5714285714286,95.8094771428571,1,1,2,84.2707521428571,69.1988614285714,23.3650798571429,26.1428571428571,626,NA,NA,NA,NA,4209102,18.6001,24.341214285714287,21.102785714285716,187.0055,71.1263,95.08085714285714,85.64442857142856,1.4906327938289081,1.2448930730958432,1.5550129903211627,1.4228105330934608,1.1756212248017146,0.9494015128262353,1.3638683097680133,0.5858134566228445,1.363075349183374,1.3513717751442171,0.539340865274834,0.9036188455028893,1.4196711710208552,0.6794942633564733,1.3827048857571527,1.4490140234827127,0.5381394655364747,1.2766383150838774,0,-0.6537000734046506,-1.3686698989844979,0.8049522256769093,1.5679790339435846,1.5078449608847686,1.4980911869018185,0.8882948361057257,0.5653579688107617,0.8854626372641238,0.3717721706009212,2022,12,109,3,109
2022-03-27,202213,1046,1046,1046,1046,4209102,1,175.01648,0,4,420910220221319700,2023-11-24,1.8623582,Joinville,597658,18.8571428571429,99.1579742857143,1,1,2,87.8594827142857,76.3672405714286,21.7586994285714,25,794,NA,NA,NA,NA,4209102,17.174685714285715,23.03841428571429,19.62592857142857,253.9707,74.73605714285715,96.42797142857142,87.9026,1.2147026628273496,1.178369164160765,1.322707220256674,1.0800694888683533,1.1722463507311993,0.6331200579743468,1.2628662338969479,0.5750573816835126,1.2705567477332649,1.2322284583595047,0.5688122035565534,0.7103547865711748,1.3919437304139146,0.6630341843325627,1.3802080670363803,1.389908092738463,0.5702991309818279,1.0882605290487686,0,0.06774204621229983,-1.2254769045787186,0.5005611710769833,0.8092580738614835,1.571019767467355,1.5028620870804243,0.23045815090792385,0.888534163163131,0.5594781634929509,0.886806687883363,2022,13,110,3,110
2022-04-03,202214,1475,1475,1475,1475,4209102,1,246.79666,0,4,420910220221419700,2023-11-24,1.796759,Joinville,597658,20.4285714285714,98.3097628571429,1,1,2,91.7022714285714,83.1774457142857,22.611111,25,1105,NA,NA,NA,NA,4209102,18.9601,23.943214285714287,21.0163,118.2769,76.20988571428572,97.6577,89.80137142857143,0.8075559487737799,1.1349894423584088,0.9278073632474746,0.6650953101125419,1.230370101028944,0.42736917663467533,1.1048087434134481,0.7850801155201728,1.131771322497322,1.0370494745539434,0.8479734637147881,0.7291890227379493,1.2933933052473716,0.8650927806435171,1.2917702426433375,1.284539215937455,0.7501379156116835,1.130429450437042,0,1.1763826254256726,-1.2293687114056067,0.03280323748391038,0.5041642671157371,0.8113600865023118,1.5658986817479925,0.7976283992571063,0.23065258285625886,0.8815327870323989,0.560759552393938,2022,14,111,3,111
2022-04-10,202215,2161,2161,2161,2161,4209102,1,361.57803,0,4,420910220221519700,2023-11-24,1.9183383,Joinville,597658,18.2857142857143,99.1132242857143,1,1,2,86.0136508571428,70.807552,21.6825394285714,24.5714285714286,1695,NA,NA,NA,NA,4209102,17.338157142857142,22.5058,19.684114285714287,249.7365,71.63542857142858,95.52657142857144,86.37808571428572,0.5052148885089314,1.4602534524396455,0.6801540074256182,0.2925858626150512,1.5349469713926371,0.5316415016968085,1.0494583982162318,1.3096704071306053,1.1099832846402375,0.9746073011885535,1.266072486592595,0.964794980370919,1.2703909843793408,0.962424989068568,1.2802338143022127,1.2453884830514343,0.8264319641107337,1.130139339723632,0,-0.6177319896100857,-0.8481734922244322,0.4731689624295421,0.03532641383846364,0.5058888051081553,0.8079009610634462,1.2745304843138048,0.797861538639572,0.22593435997667916,0.8828760822439798,2022,15,112,3,112
2022-04-17,202216,2968,2968,2968,2968,4209102,1,496.60507,0,4,420910220221619700,2023-11-24,1.8871622,Joinville,597658,16.4285714285714,97.4109042857143,0,1,2,82.4089091428571,65.0283894285714,20.9943488571429,25,2011,NA,NA,NA,NA,4209102,15.140028571428571,22.612828571428572,18.640885714285716,166.7899,65.54648571428571,95.71415714285716,83.92958571428571,0.29591141526401,1.2431162944419238,0.46385173348598924,0.044949014843926556,1.2474338025521317,0.5152168240868913,0.9392346780340373,1.6420787427114227,1.0584898143787602,0.7874214461653327,1.5742633381877191,0.8838508609338821,1.077848204097428,1.097433685397947,1.1360127247169147,0.9850457872557321,1.0519223669618964,0.8949473934267753,0,-1.3391741092270362,-0.8481734922244322,0.051232121828316095,0.47670881766961004,0.03647088629066331,0.5030979804218906,0.41472604955044673,1.2747961706362727,0.7911748384378648,0.22715163408226247,2022,16,113,3,113
2022-04-24,202217,2913,2913,2913,2913,4209102,1,487.4025,0,4,420910220221719700,2023-11-24,1.3518956,Joinville,597658,20.5714285714286,94.91179,1,1,2,84.71878,72.703155,23.3158728571429,26.2857142857143,1952,NA,NA,NA,NA,4209102,17.854485714285715,24.83757142857143,20.757414285714283,64.6186,68.73785714285714,96.38422857142857,85.67681428571429,0.07938074577158873,1.045632282555052,0.17448056671319082,-0.11951465047028184,0.8884517931350581,0.6295756089346113,0.6803092182626919,1.4673564908752694,0.7847469479995074,0.5154765030949244,1.3382705613656427,0.7616281917285684,0.9256682781984339,0.98645436386448,0.9632428866552228,0.8370374520357595,0.8918760932607374,0.8031279305387662,0,-0.6646492128066303,-0.4230883241693543,-0.27918469823908254,0.053797845221694555,0.4783993866469335,0.03470703981000403,-0.20024778968615334,0.4149330571540984,1.2664542867537543,0.7925007647721763,2022,17,114,3,114
2022-05-01,202218,3332,3332,3332,3332,4209102,1,557.50946,0,4,420910220221819700,2023-11-24,1.2450936,Joinville,597658,17.2857142857143,98.278152,0,1,2,90.3931057142857,78.8404812857143,19.3630325714286,22.1428571428571,2562,NA,NA,NA,NA,4209102,16.317714285714285,20.784542857142856,18.2738,502.667,71.10992857142857,95.14022857142857,86.20372857142857,0.1788979313743332,0.7893072842458824,0.23133330031509974,0.05168323420606029,0.5025525895722563,0.621676698483596,0.5185641270524406,1.2690098525593565,0.6073613248324323,0.38477241228399894,1.1247996907542255,0.6323071609236789,0.8507762065671785,1.0181393112491337,0.8862107322999797,0.7632278829864477,0.9136800191674945,0.8135303067172016,0,-0.6646492128066303,-0.4230883241693543,0.39117332233886914,-0.27738181306255877,0.054965171291086225,0.47566870247195475,0.2385922603834031,-0.20008275194859323,0.4095752958277655,1.2678715727363852,2022,18,115,3,115
2022-05-08,202219,3188,3188,3188,3188,4209102,0.99564004,533.4154,0,4,420910220221919700,2023-11-24,1.0690775,Joinville,597658,16.5714285714286,98.2591877142857,0,1,2,86.0850812857143,70.7546592857143,19.831767,23.4285714285714,2365,NA,NA,NA,NA,4209102,15.066457142857145,20.506714285714285,17.558028571428572,72.1904,70.543,95.28107142857144,86.10948571428571,-0.062312256319304545,0.3749970506257185,0.010346464351911814,-0.24887854223792516,0.17444258996687617,0.16708176170754777,0.23277639197633584,1.2100784513885576,0.3614487679586087,0.02389580322541126,1.109473230101382,0.4202588322948762,0.7217408511302569,1.2145933313767876,0.7888197317413248,0.6036045112158591,1.0737942777571947,0.7842487735944511,0,-0.5834261160087796,-1.2716721912545377,-0.3954500093399491,0.3945238730276014,-0.27662423613361964,0.05316086357777624,0.3709338986249071,0.23878724745695432,-0.203306124068577,0.410827869947637,2022,19,116,3,116
2022-05-15,202220,3159,3159,3159,3159,4209102,0.5644432,528.5632,0,4,420910220222019700,2023-11-24,1.0040946,Joinville,597658,11.8571428571429,90.3792735714286,0,0,2,65.9488241428571,41.5813124285714,17.6917292857143,22.7142857142857,2177,NA,NA,NA,NA,4209102,10.8441,18.99551428571429,14.746414285714286,3.7665,49.99392857142857,81.73942857142858,68.73582857142857,-0.2493071639567228,0.3440646503933201,-0.17963934753902108,-0.43910052864480315,0.10416028599842983,0.12275035213844379,0.024411095949381015,1.0459043171768807,0.14825462933084088,-0.21086837284378335,0.8764511708821222,0.3834835106069336,0.5740286855072689,1.4593299082842157,0.6819276998885518,0.3971609338738525,1.2793458849539783,0.7044694832232015,0,-0.046113990056885865,-1.3148928485085332,-0.6221528871185069,-0.3939155476128857,0.3961127593997803,-0.27770310265479836,0.3472635324097671,0.37113791756368736,0.23404079353019822,-0.2021713598628134,2022,20,117,3,117
2022-05-22,202221,2638,2638,2638,2638,4209102,5.0415228e-12,441.38956,0,4,420910220222119700,2023-11-24,0.8359718,Joinville,597658,14.4285714285714,100,0,0,2,86.370388,66.1027907142857,19.1105925714286,23.8571428571429,1703,NA,NA,NA,NA,4209102,13.565442857142855,22.245857142857144,16.957642857142858,13.2162,63.42811428571429,97.41778571428571,86.20145714285714,-0.5918363104483253,-1.4056724195126031,-0.5389145500165996,-0.7833042333530873,-0.896426459157374,-2.400750323694874,-0.269530715760599,-0.24277994341057968,-0.1921137171434763,-0.4835975419167248,-0.008997458060992036,-1.0747566780974922,0.263066393670062,0.4137249361388786,0.3550935531163724,0.0712681812003438,0.5840536460859186,-0.5166608330866069,0,2.064496169710199,2.451423570256727,-1.5126620976452367,-0.6211418176903136,-0.39330215102948207,0.39356209939816184,-4.016365070703646,0.347465935926822,0.3659321456201456,0.23525962587887664,2022,21,118,3,118
2022-05-29,202222,1949,1949,1949,1949,4209102,0,326.10623,0,4,420910220222219700,2023-11-24,0.65657896,Joinville,597658,14.2857142857143,100,0,0,2,92.7625531428571,82.2797164285714,15.9078531428571,17.7142857142857,1240,NA,NA,NA,NA,4209102,13.207342857142857,16.57497142857143,14.578914285714283,599.3948,81.57152857142857,96.04052857142857,90.07834285714286,-0.9260363394286845,-1.3452537194522451,-0.8976138894757246,-1.0299174906559678,-1.238033197794749,-2.2141147024603547,-0.39292198479367213,-0.37243207457523825,-0.3505036118456354,-0.5240325552946269,-0.48280147635904974,-0.9665683410648749,0.024039815124790174,0.28947948625202785,0.09659990114047415,-0.11643774008016526,0.24257492819535928,-0.5287645756800216,0,0.20010759727856936,2.451423570256727,-0.8123101968023533,-1.5137069600491828,-0.6208095548254928,-0.39412575316711235,0.3703633986661055,-4.0164604699490205,0.34234231670415477,0.36717633052211873,2022,22,119,3,119
2022-06-05,202223,1271,1271,1271,1271,4209102,0,212.66344,0,4,420910220222319700,2023-11-24,0.4995474,Joinville,597658,15.7142857142857,100,0,0,2,92.4529661428571,82.8464988571429,17.3474637142857,19.1428571428571,620,NA,NA,NA,NA,4209102,14.173942857142857,18.647671428571428,16.062385714285714,210.2071,74.79185714285714,96.76907142857142,88.78594285714286,-1.2510113901668412,-0.8990470186633904,-1.157739100172342,-1.430477123163076,-0.5649774297322265,-2.051542123906114,-0.6906101927274795,-0.351322773945239,-0.6029606046747481,-0.8999486658051702,-0.25814806570012355,-1.1433278504788544,-0.29941189748398345,0.47492936823105075,-0.17377281025610755,-0.5273903561315914,0.5739224911101463,-0.6128862801959851,0,-0.21146637050659056,3.411885374631993,-1.5657135754105573,-0.8117381463775252,-1.5144790156131394,-0.6211354232040435,1.3440955987869174,0.3705673786702102,-4.006439246908863,0.34358196709810046,2022,23,120,3,120
2022-06-12,202224,942,942,942,942,4209102,0,157.61522,0,4,420910220222419700,2023-11-24,0.4807599,Joinville,597658,10.5714285714286,99.0720014285714,0,0,2,80.8746687142857,58.2781107142857,15.6052631428571,20,448,NA,NA,NA,NA,4209102,10.332342857142857,19.66634285714286,14.253357142857142,9.9355,59.361157142857145,88.97208571428571,77.57821428571428,-1.382557167484645,-0.5908219868401554,-1.232381461045558,-1.6073734025842858,-0.29162365902090004,-1.78284502639561,-0.8580921389558439,-0.16780860945243434,-0.7418206335967411,-1.0967842905993586,-0.12589337008420173,-1.0075205473280218,-0.49598867036533667,0.5061641385621161,-0.3521984989971992,-0.7626995600792761,0.5308453902885086,-0.5197179758634936,0,-0.6621612594851196,3.411885374631993,-1.0958607305846195,-1.5668809185486614,-0.8116416971561438,-1.5128497412021775,1.0194918863795746,1.3443660326910758,0.3653635867604139,-4.006035532416792,2022,24,121,3,121
2022-06-19,202225,930,930,930,930,4209102,0,155.60739,0,4,420910220222519700,2023-11-24,0.6578647,Joinville,597658,14.5714285714286,100,0,0,2,87.6045337142857,74.0308498571429,17.6791984285714,20.8571428571429,458,NA,NA,NA,NA,4209102,13.967657142857142,21.35762857142857,16.855414285714286,14.9431,70.26055714285714,95.64492857142857,86.64001428571429,-1.4259228579029712,0.427481117863992,-1.2751805085767893,-1.5435410503826066,0.31102480973723057,-0.4768006839397462,-1.060987471884,-0.6518766217742614,-0.9528036192774552,-1.2471093369997253,-0.3850593004979267,-1.7444400953075818,-0.7203406123358418,0.02383829292065809,-0.6087254574413973,-0.9329686178161616,0.14470997785576925,-1.0139626077714092,0,-0.4177734653306084,1.2199836492298524,-1.668825739742657,-1.0959433174858648,-1.5677187631284726,-0.8115500687940582,-1.795480492094241,1.0197401671879858,1.3357827092220307,0.36660766237228914,2022,25,122,3,122
2022-06-26,202226,655,655,655,655,4209102,0,109.59445,0,4,420910220222619700,2023-11-24,0.61728835,Joinville,597658,12.8571428571429,99.1065457142857,0,0,2,82.595604,64.219479,17.0225562857143,21,283,NA,NA,NA,NA,4209102,12.365285714285712,18.904457142857144,14.953228571428571,9.6686,67.49552857142858,92.6299,84.06385714285715,-1.434914133345793,0.4779860511016529,-1.2415427009324875,-1.628059989232038,0.7505957238380901,-0.7969361466994801,-1.2414301917881312,-0.5784666008501234,-1.12337523014469,-1.4246505240940042,-0.32125800721435455,-1.8252468069529815,-0.8110883665134422,-0.051659047066483305,-0.7082311965260247,-0.9941865152924348,-0.0021772345926121834,-1.0773165461568879,0,-0.49451395657505554,1.2199836492298524,-0.844688565662791,-1.6702311394650446,-1.0961984986308446,-1.565973012421702,0.4805129473152761,-1.795424323545309,1.0122834455610012,1.3372133217230242,2022,26,123,3,123
2022-07-03,202227,452,452,452,452,4209102,0,75.62854,0,4,420910220222719700,2023-11-24,0.5259083,Joinville,597658,14.1428571428571,100,0,0,2,87.5187851428571,66.6762138571429,18.6365914285714,23.7142857142857,161,NA,NA,NA,NA,4209102,14.700042857142858,23.61265714285714,18.31492857142857,5.274,59.953671428571425,92.00231428571428,80.40335714285715,-1.4019921938331026,-0.21465162315871206,-1.3119652523011873,-1.4063989585362118,-0.1549954850829173,-1.4128138334126858,-1.3949855326921232,-0.7415563084356566,-1.2968256656030428,-1.5205695271512372,-0.4727017547970307,-2.099629867965635,-1.009683305510256,-0.39473838164828706,-0.9128510977866952,-1.1777090878354544,-0.2881849720507594,-1.4841026224347014,0,-0.49451395657505554,0.899616060499466,-1.4471587932862997,-0.844191267658742,-1.6711968532032622,-1.095484325577437,-0.1665237072159227,0.4807244446502198,-1.7931111228155245,1.013651874058322,2022,27,124,3,124
2022-07-10,202228,324,324,324,324,4209102,0,54.211605,0,4,420910220222819700,2023-11-24,0.48361027,Joinville,597658,15.8571428571429,99.1328242857143,0,0,2,90.2326462857143,77.8361692857143,18.066792,21.1428571428571,119,NA,NA,NA,NA,4209102,14.9057,22.39511428571429,17.8031,47.1664,64.1636,93.25604285714286,81.90165714285715,-1.2038750432918488,-1.180003433645226,-1.2679666892709363,-0.9339582631202779,-1.109622548111793,-2.273575801707834,-1.3599837144718683,-1.1764473153131323,-1.3129055810946801,-1.3621092292264363,-0.916395757464551,-2.458003441613901,-1.0545307655158442,-0.7520021374347281,-0.9947049091709766,-1.137394926121446,-0.6715836410739492,-1.7692410000425878,0,0.6011077634473198,0.36767087169088264,-0.3824235526673396,-1.448052427239209,-0.844134970778295,-1.6692247162870937,-1.0859077131483568,-0.16635636792480854,0.47513835679103344,-1.7922819557192022,2022,28,125,3,125
2022-07-17,202229,290,290,290,290,4209102,5.255796e-13,48.522736,0,4,420910220222919700,2023-11-24,0.5949596,Joinville,597658,16,96.4883214285714,0,0,1,86.0740292857143,76.3072698571429,18.2951128571429,21.4285714285714,89,NA,NA,NA,NA,4209102,14.680842857142856,21.478042857142857,17.530571428571427,12.4364,68.49815714285714,93.64255714285714,84.33688571428571,-0.8916656938531698,-0.6821089256815211,-0.8854897029378321,-0.6743034029590362,-0.8006533784063353,-1.499995929298486,-1.2186314120172759,-0.17301734135947716,-1.1346642097640869,-1.1886670077810932,-0.32268500515211557,-1.1992184697255572,-1.081972303155814,-0.8732637762244407,-1.001975514084315,-1.1453245573104165,-0.7169703526606098,-1.968120562739632,0,0.07573137907662644,-0.33264188361841274,-0.5445325799915081,-0.3808590165664049,-1.448743252305722,-0.8439722546232193,-0.7095894352932641,-1.0858031186784916,-0.1696967861905403,0.4764035336401279,2022,29,126,3,126
2022-07-24,202230,217,217,217,217,4209102,1.0265857e-9,36.30839,0,1,420910220223019700,2023-11-24,0.60256135,Joinville,597658,15,96.5338848571429,0,0,1,79.400408,57.9671915714286,18.6981618571429,23.2857142857143,73,NA,NA,NA,NA,4209102,14.096457142857142,22.39722857142857,17.540285714285716,6.022,55.87098571428571,92.55374285714286,78.04835714285714,-0.8322838228773187,-0.9473408495761725,-0.8258448700120116,-0.66284544272419,-0.9140388534420236,-1.861576165182286,-1.1921371040369169,-0.3151251357801356,-1.0857154148108314,-1.2278396796753615,-0.11024966576231056,-1.6118571909035884,-1.1876670270125618,-0.9533858952782415,-1.1004453814575201,-1.2676859469309412,-0.7248373764174819,-2.1899419881884534,0,0.07573137907662644,-0.9035547178528842,-0.6308492572903579,-0.5433423074081352,-0.3802294659039696,-1.447257792592792,-0.09794889455808711,-0.7094591583850224,-1.0859526316185786,-0.168555561496532,2022,30,127,3,127
2022-07-31,202231,165,165,165,165,4209102,1.0062764e-8,27.607761,0,1,420910220223119700,2023-11-24,0.5831613,Joinville,597658,14.5714285714286,97.39187,0,0,1,86.7249827142857,73.0328757142857,16.9743107142857,19.7142857142857,53,NA,NA,NA,NA,4209102,13.180057142857144,21.5463,16.683185714285713,36.9165,62.29871428571428,95.18017142857144,82.79735714285714,-0.6047452489474235,-1.6400953305813726,-0.6810643050696645,-0.33049255036937575,-1.6619135209011118,-1.875328317897613,-1.0551924819923724,-1.231987161322874,-1.0466970600847787,-0.9307973180201186,-1.187105167420945,-1.9929686311627515,-1.2116931706166534,-1.4410429648123868,-1.1693652020248033,-1.2089484006277538,-1.224983915786474,-2.399207745589877,0,-1.8590169422447218,-0.3197836938200301,-0.627772497812283,-0.6298582653010601,-0.5429137877785394,-0.3810816680634024,-1.6773977647726939,-0.09777687527000256,-0.7109147588676347,-1.0849875323852982,2022,31,128,3,128
2022-08-07,202232,128,128,128,128,4209102,1.5568526e-7,21.416931,0,1,420910220223219700,2023-11-24,0.57357097,Joinville,597658,14,100,0,0,1,90.8749057142857,77.3489585714286,16.7037591428571,19.2857142857143,27,NA,NA,NA,NA,4209102,13.257642857142857,17.15882857142857,14.860857142857142,1003.0567,80.94468571428571,95.67282857142855,90.2386,-0.7482613841668156,-1.3643985094482232,-0.8081830795518544,-0.5271157154149887,-1.5110432313322302,-1.301483566157872,-1.0264844244535498,-1.6884055610235535,-1.0903132587897648,-0.7829138674454885,-1.7105691928114641,-2.166638026717168,-1.2403485090689357,-1.6390943873882606,-1.227895278083848,-1.1710844117004153,-1.4955637721599409,-2.4073712992508107,0,-1.6071223923787614,-0.3197836938200301,-0.8992377013505267,-0.6267744024627101,-0.6295367867849365,-0.5434100741404249,-0.48462228487291903,-1.6773335374805483,-0.10135529608255159,-0.7098775687238751,2022,32,129,3,129
2022-08-14,202233,97,97,97,97,4209102,2.169265e-6,16.230019,0,1,420910220223319700,2023-11-24,0.56494784,Joinville,597658,13.1428571428571,100,0,0,1,85.5714137142857,72.3456012857143,16.6647242857143,19.5714285714286,22,NA,NA,NA,NA,4209102,13.171614285714286,19.554957142857145,15.9216,245.7966,66.42492857142857,93.82865714285714,80.68787142857143,-1.0070394887471945,-0.40430300247955486,-0.9460126672299658,-1.0253718246190329,-0.4314180751083673,-0.8650700535682083,-0.9983914074515616,-0.7234977742779749,-0.961937868905634,-0.9108432850299745,-0.8062170312037362,-1.434235759887544,-1.23659995151017,-0.35331867581449666,-1.1530093328970714,-1.2379805286757208,-0.47975091552243615,-1.2800565462357023,0,-0.43643311524191813,1.1431673856367641,-1.4764151562057504,-0.8988663417457108,-0.626449108464217,-0.6298435619915856,1.3843463443078274,-0.48447665472430235,-1.6754301663769544,-0.10020093458129437,2022,33,130,3,130
2022-08-21,202234,89,89,89,89,4209102,0.001714537,14.891459,0,1,420910220223419700,2023-11-24,0.6726553,Joinville,597658,14.8571428571429,99.1132242857143,0,0,1,88.8768678571429,75.72244,17.8261281428571,21,15,NA,NA,NA,NA,4209102,13.062114285714284,20.596442857142858,16.19702857142857,21.6668,67.77267142857143,98.20152857142855,87.06415714285714,-1.1485528161052312,-0.824529250951102,-1.0722318050878918,-1.2083620696035142,-0.5648009657285411,-0.8314648587787544,-1.0415743878717612,-1.1771386917263835,-0.9968718285508644,-1.0028127335261143,-0.9669302796522612,-1.6327572283013805,-1.2705353702886446,-0.6830080192862374,-1.1652288071548849,-1.3359890010935813,-0.38139459854018043,-1.5704435005354056,0,-0.43643311524191813,1.1431673856367641,-1.1404511197852358,-1.4773763347579831,-0.8988776911232719,-0.6267626387993225,-1.0144481082460208,1.3846195251880224,-0.486713048513889,-1.674578378292428,2022,34,131,3,131
2022-08-28,202235,89,89,89,89,4209102,0.11213247,14.891459,0,1,420910220223519700,2023-11-24,0.8402587,Joinville,597658,12.1428571428571,97.3118385714286,0,0,1,88.5265314285714,75.9863371428571,15.0924812857143,18.7142857142857,21,NA,NA,NA,NA,4209102,11.211314285714286,18.606985714285713,14.57077142857143,104.4792,68.24771428571428,93.04461428571427,82.35237142857143,-1.2666958635252457,0.21374451679001966,-1.1587355104573833,-1.3797149201674788,0.200903918769746,0.18838973046172977,-0.9840565367654673,-0.9484716591488425,-0.966291840331008,-0.9164902953158847,-0.9553179642191371,-1.0237690186886141,-1.2175342945719734,-0.8632437063219867,-1.1697348712619995,-1.1895182026297377,-0.8342771056763101,-1.3956026733671927,0,-1.0798371472700166,0.48886931450267807,-1.0532159392892555,-1.1406366531798824,-1.4781034405730262,-0.8985952105142712,0.5870421534585969,-1.0143386369019582,1.3758965034890591,-0.485632761641493,2022,35,132,3,132
2022-09-04,202236,69,69,69,69,4209102,0.034852557,11.545064,0,1,420910220223619700,2023-11-24,0.7507396,Joinville,597658,14.8571428571429,100,0,0,1,85.2624485714286,64.3076698571429,18.4887218571429,23.8571428571429,10,NA,NA,NA,NA,4209102,13.293114285714283,21.8281,17.041757142857143,200.2007,67.27567142857143,95.10815714285714,83.64552857142857,-1.4524883325658522,0.1624992591132339,-1.323384544272923,-1.6594038790285857,0.5836377992664139,-0.19724064981618245,-1.157200026925801,-0.7999280757853413,-1.1193930233061045,-1.1718717438383324,-0.6077966791103845,-0.9098439063553244,-1.2663918829358953,-1.2479443440518978,-1.2616575152507672,-1.191000065466103,-1.0490577787071913,-1.696938706504499,0,-1.2270231788980253,0.48886931450267807,-1.5682926237965888,-1.0532000715278624,-1.140947130764201,-1.476553747535687,-0.5963864560469934,0.5872609210483569,-1.014736164634972,1.3773348267845127,2022,36,133,3,133
2022-09-11,202237,123,123,123,123,4209102,0.99470127,20.580332,0,1,420910220223719700,2023-11-24,1.4268326,Joinville,597658,14.2857142857143,97.3195614285714,0,1,1,89.2817514285714,78.1974912857143,16.2293232857143,18,15,NA,NA,NA,NA,4209102,13.018657142857142,17.521,14.930557142857143,374.2104,76.08888571428571,96.77674285714286,88.52199999999999,-1.2606723623412202,-0.5967692598345286,-1.3204180134123016,-1.2151017263652137,-0.2957696440241915,-0.2992067613109786,-1.1924072990740433,-0.6670193983970202,-1.1901605752812892,-1.2007999169485606,-0.47740055253672403,-0.7074047544277628,-1.1750582850354674,-0.8851443501548197,-1.1697924935651594,-1.1122641349930913,-0.7893011165886641,-1.2004853033880285,0,-0.5929060760786611,-0.29802994556019496,-0.7856690794392657,-1.5694659212219824,-1.0534023689650014,-1.1401350580182392,-0.27159257698671774,-0.5962484534216934,0.5813051023595869,-1.0137573759577205,2022,37,134,3,134
2022-09-18,202238,91,91,91,91,4209102,0.5596713,15.226099,0,1,420910220223819700,2023-11-24,1.0225816,Joinville,597658,13.8571428571429,99.11983,0,0,1,80.0423385714286,66.9436057142857,17.5669172857143,20.4285714285714,8,NA,NA,NA,NA,4209102,12.1914,20.403457142857143,15.967171428571428,77.2671,58.9386,89.20075714285714,77.27987142857143,-1.3478372241767231,0.3054213598359986,-1.3332100576832144,-1.4086418858570682,0.3259691050494686,0.23314678347446952,-1.3126414481011797,-0.34805207355878287,-1.2631047995082951,-1.4026819923389846,-0.1593482114178536,-0.3648330768172736,-1.238106674183898,-0.7726094832426382,-1.199237490479935,-1.2520025517014166,-0.5980136767293387,-1.108913185889146,0,-0.5929060760786611,-0.3492573136746001,-1.4543394069505693,-0.7850355222713482,-1.57030696407378,-1.0527818239788005,0.9531990735569384,-0.2714324082874456,-0.5980969473927991,0.5825906869005618,2022,38,135,3,135
2022-09-25,202239,66,66,66,66,4209102,0.007967732,11.043105,0,1,420910220223919700,2023-11-24,0.6835028,Joinville,597658,14.8571428571429,98.2263757142857,0,0,1,88.8584941428571,77.7037332857143,16.9650914285714,18.8571428571429,4,NA,NA,NA,NA,4209102,13.6052,18.541485714285713,15.7202,191.9293,74.82351428571428,95.03117142857144,86.55048571428571,-1.368053772789775,-0.8213524365245071,-1.4060292505768452,-1.4270053435403698,-0.24237825390865375,-1.3921765755393778,-1.3853879935738425,-0.4066219991875425,-1.3467073200927937,-1.5044010609428449,-0.03081484389717675,-0.7313199559806013,-1.204895137385627,-1.178263428273272,-1.2046327110496573,-1.1974056881411308,-0.8788545626587483,-1.3863561167641236,0,-0.5929060760786611,0.908143331508691,-1.126017498116036,-1.455249618892827,-0.7849060354614507,-1.5685555509799207,-1.8704133294501561,0.9534428301070812,-0.27440816411186036,-0.5970380710692204,2022,39,136,3,136
2022-10-02,202240,65,65,65,65,4209102,0.023082806,10.875785,0,1,420910220224019700,2023-11-24,0.72481954,Joinville,597658,16.4285714285714,97.3855511428571,0,0,1,80.2921728571429,64.3261872857143,19.795322,22.5714285714286,5,NA,NA,NA,NA,4209102,14.838871428571428,20.933442857142857,17.437271428571428,151.8199,66.43707142857143,95.36241428571428,83.238,-1.2669584650578825,-0.3378909647930606,-1.2058248569497478,-1.4332379627925675,0.18068132776389081,-1.0334520202137842,-1.4299199673089877,-0.12057834578269508,-1.3280501293628966,-1.6577019389123095,0.4939756191737458,-0.7476059021934583,-1.2898850584886288,-0.8106908742274372,-1.2386028317564388,-1.3821088599733733,-0.3908219927042814,-1.1412992503913821,0,-0.8629884226397821,0.908143331508691,-1.2042395831997756,-1.1261697083940971,-1.4559493486218695,-0.7848728985645865,0.4580266376184014,-1.8703622748116848,0.9462161908919321,-0.27328706735457614,2022,40,137,3,137
2022-10-09,202241,70,70,70,70,4209102,0.344074,11.712384,0,1,420910220224119700,2023-11-24,0.9356322,Joinville,597658,17,98.2876914285714,0,0,1,89.2842234285714,79.034635,19.3251884285714,21.4285714285714,10,NA,NA,NA,NA,4209102,15.404885714285712,20.93062857142857,17.645414285714285,269.6105,78.22914285714286,97.06914285714286,90.28064285714284,-1.232171929016804,-0.3848225987378385,-1.076550777726292,-1.5183686090931416,0.1267292968033093,-0.9875392807601315,-1.3107771684073615,-0.6541271336580093,-1.2586586705883884,-1.4651270810426724,-0.11389497509157445,-0.7815346965615463,-1.301867715081422,-0.7307831658765811,-1.2406763481732284,-1.4353461351939751,-0.3162059987988179,-0.9708782772794297,0,-0.5660855103153355,0.908143331508691,-0.6603997222187418,-1.204572385966717,-1.1264622868773004,-1.4544481236312041,-0.3739488809156679,0.45823660033943686,-1.867789004743907,0.9475719197423956,2022,41,138,3,138
2022-10-16,202242,88,88,88,88,4209102,0.93540853,14.72414,0,1,420910220224219700,2023-11-24,1.2742887,Joinville,597658,18.4285714285714,100,1,0,1,88.722639,74.6932807142857,21.3809522857143,24.4285714285714,8,NA,NA,NA,NA,4209102,16.81622857142857,22.178685714285713,19.219471428571428,319.2113,77.98754285714286,98.0297,90.39535714285716,-0.9933930043167193,-0.1822945096723362,-0.8769867628914995,-1.193927133106439,0.2644245265135836,-0.9347388564912689,-1.2310617049722299,0.07698328088920585,-1.1606526232223247,-1.3949424979886906,0.38070286928026065,-0.42734425329718295,-1.2981060555863626,-0.3753713718589834,-1.2182111851650759,-1.4552841625909696,0.003167784230220204,-0.6936422381084315,0,-1.002603354935961,1.344085896953422,-0.5944756257547154,-0.6594769538264408,-1.2049619674781589,-1.1256819036310086,1.3949059756207143,-0.373795697684875,0.45272855569712495,-1.866974192455171,2022,42,139,3,139
2022-10-23,202243,87,87,87,87,4209102,0.85507387,14.55682,0,1,420910220224319700,2023-11-24,1.1816163,Joinville,597658,19.2857142857143,98.2843377142857,1,0,1,81.8476048571429,67.7208532857143,22.6270678571429,25.8571428571429,3,NA,NA,NA,NA,4209102,17.384685714285713,24.756485714285713,20.518542857142855,92.3362,67.1806,97.22371428571428,84.56755714285714,-0.7073445472753274,1.3281055400543982,-0.4902051407586287,-1.0250061594982387,1.4899541649525763,0.6595563853100628,-1.0912929171973262,0.33086976521486916,-0.9959051152408674,-1.3142189669824311,0.8087070775079309,-0.44612540008992185,-1.2431045949534862,0.3629275382855446,-1.1338237654356964,-1.463243972166356,0.7290396259617932,-0.250596945931275,0,0.17900288979267162,-0.10441344122900197,-0.09593199879573829,-0.5934006574223989,-0.6591921207740737,-1.2040098450248782,1.4237180175651798,1.3951798771597144,-0.3764162055680457,0.45398942486669713,2022,43,140,3,140
2022-10-30,202244,82,82,82,82,4209102,0.5207124,13.7202215,0,1,420910220224419700,2023-11-24,1.0081406,Joinville,597658,15.1428571428571,97.3259462857143,0,0,1,75.96146,54.73534,19.9030608571429,24,2,NA,NA,NA,NA,4209102,13.803228571428573,20.2601,16.817557142857144,233.5199,64.6983,91.96185714285714,79.97062857142858,-0.2853174985278896,1.099748353890254,-0.17412085940160318,-0.43362098923245723,0.9982408950122752,1.0554770182950521,-0.816246260626462,0.4996995302029983,-0.7249896658707485,-1.0004811917211818,0.7639948745067172,0.010657135602360411,-1.117478082584296,0.4687780874665543,-1.0033650980874433,-1.3463219765385799,0.88926453581835,-0.08525926731186112,0,-0.1347794989458011,-0.10441344122900197,0.31551671170228796,-0.09370603539199636,-0.593034072049264,-0.6594340169455052,-0.04001265031436211,1.4239938854277292,1.3864202061568958,-0.37531471710400083,2022,44,141,3,141
2022-11-06,202245,118,118,118,118,4209102,0.98704696,19.743732,0,1,420910220224519700,2023-11-24,1.3674763,Joinville,597658,15.4285714285714,99.1263634285714,0,1,1,81.2680444285714,65.466064,19.9407895714286,23.4285714285714,2,NA,NA,NA,NA,4209102,13.8868,21.69732857142857,17.422857142857143,80.639,65.243,96.45685714285716,83.44458571428571,-0.339823022383339,0.7234726996219082,-0.26073328579740024,-0.4976925870150277,0.8863755838416811,0.441417989931936,-0.8266140868188007,0.2196180456783873,-0.7026035446817984,-1.0804780746563214,0.6560027352705028,-0.33323865345475523,-1.0533866857216632,-0.14520361781485736,-0.986436995164484,-1.2333668777733193,0.35605342869452855,-0.38550420676999697,0,0.3304248764292803,0.7055214907254888,-0.8566788783346967,0.31869259285107515,-0.09272120721093514,-0.593420706781884,-1.1945933373749427,-0.0398366770753001,1.4151342164942418,1.3878605523502003,2022,45,142,3,142
2022-11-13,202246,124,124,124,124,4209102,0.97897387,20.747652,0,3,420910220224619700,2023-11-24,1.3179939,Joinville,597658,17.5714285714286,96.5699857142857,0,1,1,74.181029,55.759434,22.5852125714286,26.8571428571429,1,NA,NA,NA,NA,4209102,16.263957142857144,25.493342857142856,20.8052,102.3873,51.63601428571429,91.71104285714286,72.36147142857143,-0.35939751653142676,-0.06377843795965299,-0.3876931603180668,-0.4247376376919747,0.05090124388566171,0.33085388087566864,-0.7113610394540985,-0.1673556762431191,-0.6645055110576105,-0.8674083885420052,0.2015589608058973,-0.3682026906166294,-1.0042132471078131,0.019636355678525775,-0.9642466462175563,-1.1553370174790107,0.3172621890184629,-0.17286345620845264,0,0.3304248764292803,0.7055214907254888,-0.6649650903266483,-0.8562092625434851,0.32018765763399126,-0.09420241116977315,-0.3220620890652628,-1.19449616032807,-0.043616177163877716,1.416580082181174,2022,46,143,3,143
2022-11-20,202247,82,82,82,82,4209102,0.036950804,13.7202215,0,3,420910220224719700,2023-11-24,0.77035016,Joinville,597658,20.2857142857143,97.4365414285714,1,0,1,85.9328128571429,75.4097774285714,22.7330825714286,25,1,NA,NA,NA,NA,4209102,17.95172857142857,23.462514285714285,20.31492857142857,213.3444,68.44434285714286,96.08722857142855,84.96025714285715,-0.2199284604346356,-2.140589199909146,-0.4338804807130605,-0.10933311978348567,-1.6444463417861586,-0.810143991738396,-0.48763294247755523,-0.5422101684703525,-0.48578329075894455,-0.6077304602008375,-0.10442016370028816,-0.09382431396051806,-0.8532733258937177,-0.8595226982661367,-0.8649018063332904,-0.9769811928169947,-0.21234759445814974,-0.6979915871705981,0,0.5456113908662666,1.147094604718668,0.40630826418321897,-0.6640528620674616,-0.8561678348222718,0.3178031042543106,-3.1057359069062627,-0.3219053647379761,-1.194268458160076,-0.04245071687512318,2022,47,144,3,144
2022-11-27,202248,96,96,96,96,4209102,0.20233007,16.062698,0,1,420910220224819700,2023-11-24,0.88995326,Joinville,597658,21.5714285714286,100,1,0,1,91.7869142857143,81.6331257142857,23.5049767142857,25.5714285714286,4,NA,NA,NA,NA,4209102,19.2863,23.4515,21.0328,775.3428,82.14377142857143,98.66744285714286,92.49364285714286,-0.23783687978714152,-2.0953652476706326,-0.38645780272246294,-0.23246031424925823,-1.5631423902540973,-1.0153660433450618,-0.2751559253966234,-0.6634089981035886,-0.2950379654932778,-0.3566673565343531,-0.3717081306146344,0.021604476819842698,-0.6651243735330149,-0.7035820502837444,-0.6557643165048738,-0.8001322062076864,-0.20589418752152644,-0.4518216665467599,0,0.5456113908662666,1.2444393525478419,0.25102692811259936,0.40969375713683465,-0.6637736905176103,-0.8559787935342416,0.05861925765713673,-3.1057691588184895,-0.3247059560676477,-1.1933241797214993,2022,48,145,3,145
2022-12-04,202249,139,139,139,139,4209102,0.9942549,23.257448,0,2,420910220224919700,2023-12-17,1.3889406,Joinville,597658,22.5714285714286,99.1579742857143,1,1,1,84.6739521428571,71.9761215714286,25.7729321428571,28.7142857142857,6,NA,NA,NA,NA,4209102,20.507,26.879185714285715,23.197314285714285,266.3025,72.88058571428571,98.40095714285714,88.64025714285714,0.1329049691629738,-0.653195143419824,0.07210000729343792,0.07121573279598954,-0.4407734245538316,0.19550184545632457,-0.10888556278217133,0.04200725585113422,-0.09986469203791776,-0.22820005903363003,0.2864042836607247,0.3828495610228066,-0.5343984003879643,-0.1745018580121658,-0.4698113819771382,-0.7410044221491356,0.2820811813543082,-0.16384921934003643,0,0.2620812276449269,3.1118585851860745,0.4783949288959768,0.2540539207407935,0.41130141231566897,-0.6640055632704941,1.9507308096948837,0.058801962187362375,-3.098908455680461,-0.3235945277035595,2022,49,146,3,146
2022-12-11,202250,93,93,93,93,4209102,0.21575408,15.560739,0,2,420910220225019700,2023-12-27,0.89410335,Joinville,597658,20.6666666666667,97.97659,1,0,1,80.9022593333333,65.3785265,24.2534806666667,27.6666666666667,12,NA,NA,NA,NA,4209102,18.804142857142857,25.169857142857143,21.653557142857142,308.2712,65.9174,94.25962857142856,81.09078571428572,0.6407838720827316,-0.05485341555455054,0.6257576521762815,0.5642927189136925,0.05059702729597126,0.5465596594819752,0.14785455424390445,-0.08301428651739326,0.12403915052932818,0.07528592909782904,0.0622991658335932,0.528419063188301,-0.26362208679371524,-0.16743057594459979,-0.23746761767223387,-0.40015879932413934,0.17678384168317687,-0.03243831271684747,0,-0.28407814610974363,3.1118585851860745,1.1639512363663562,0.48194684940239463,0.2554690118910463,0.40871752304245296,0.9829009519151211,1.9510426443822035,0.05468014041557736,-3.098330292883883,2022,50,147,3,147
2022-12-18,202251,65,65,65,65,4209102,3.268675e-4,10.875785,0,2,420910220225119740,2023-12-27,0.5925936,Joinville,597658,19.5,100,1,0,1,92.71364,83.825815,21.125,23,27,NA,NA,NA,NA,4209102,17.274028571428573,21.769185714285715,19.282485714285716,280.8214,75.66282857142858,95.81485714285716,87.1362,0.7153991448848495,0.9504282048479596,0.8381973428406833,0.5335115999721958,0.9694018975763938,1.006773089714034,0.26041556059077936,-0.792159617976638,0.2112778171566156,0.22789077004831404,-0.4434411141973992,0.11634402624639745,-0.07736542837479701,0.060446144213905845,-0.03229143956182695,-0.22655607052244267,0.40583008863541986,0.37686167113743213,0,-0.28407814610974363,0.947985659633616,0.6750043841911952,1.1690859108955185,0.48364389908874256,0.253226047990612,-0.9132507444849478,0.9831467355171118,1.9403538725774039,0.055864495518818384,2022,51,148,3,148
2022-12-25,202252,82,82,82,82,4209102,0.13892937,13.7202215,0,2,420910220225219700,2024-01-12,0.85014415,Joinville,597658,21.3333333333333,98.02084,1,0,1,89.7775846666667,82.1353266666667,23.2643273333333,24.6666666666667,7,NA,NA,NA,NA,4209102,18.973385714285715,25.866585714285716,22.178542857142855,143.6183,67.02622857142858,97.45222857142858,84.28737142857143,0.6245930426590034,1.2010132210057136,0.781520235512037,0.3723837792915531,1.43380920111284,0.9575893448874762,0.20325576745544582,-0.5963912148521658,0.20642168142429734,0.07548344326761172,-0.08803482748037464,-0.037646387513143524,0.039316672842750366,0.09546940644756122,0.08154275007627243,-0.10899616624390092,0.4333766277476278,0.4402676214038116,0,0.490951485350203,0.947985659633616,-0.07597378400487802,0.6790102198653203,1.1716331173858106,0.4809017411294006,0.6051366898877245,-0.9131343667661179,0.9758170100167727,1.941900697569941,2022,52,149,3,149
2023-01-01,202301,105,105,105,105,4209102,0.9774083,17.568577,0,2,420910220230119740,2024-01-19,1.3458949,Joinville,597658,19.7142857142857,99.1579742857143,1,1,1,80.2703285714286,65.2102897142857,24.5406017142857,28,11,NA,NA,NA,NA,4209102,18.054742857142855,24.996114285714285,21.19658571428571,308.27459999999996,64.6646142857143,96.72347142857144,83.72588571428572,0.7253641819917548,0.2559660421364885,0.7553507260593375,0.6021900345368162,0.4612094631251194,0.7381508022633287,0.45116731119017356,-0.26739185494044776,0.4333115521987515,0.3615174875043748,0.00950562929306677,0.5624602821131832,0.19461626335843296,0.15821742475574394,0.20982595385599062,0.07067970266525586,0.4527129366311814,0.6093489996278849,0,0.490951485350203,-0.007213883645425508,0.8412806107496373,-0.07370174277440936,0.6809510844860763,1.1673857975982571,-0.11038507604992669,0.60535669236785306,-0.9138831201076725,0.9771784288259222,2023,1,150,4,150
2023-01-08,202302,119,119,119,119,4209102,0.9977662,19.911053,0,3,420910220230219800,2024-01-26,1.5026135,Joinville,597658,21.2857142857143,97.5407685714286,1,1,1,84.6712942857143,71.3524112857143,24.5075185714286,27.7142857142857,10,NA,NA,NA,NA,4209102,18.90742857142857,26.063728571428573,22.1943,157.374,68.1546,96.87247142857144,85.20992857142858,0.5493947693250977,-0.30998073343773774,0.5502646388774667,0.4230073285982255,-0.06737191641881932,0.4352371311988796,0.6256782921252079,-0.245952653439245,0.6162197288987453,0.5298163233550274,-0.014728794157494042,0.5916016641046021,0.3109343179175462,-0.2337296113529125,0.2920441154956381,0.21875359782812845,0.007521161403030261,0.5813816333623404,0,-0.27381533865852625,-0.3800482694159721,0.5302699986255607,0.8456703308160499,-0.07269216445697842,0.6777772638843648,-0.2514097954253752,-0.11021390548879376,0.5993380729861362,-0.9128849451541733,2023,2,151,4,151
2023-01-15,202303,106,106,106,106,4209102,0.75786793,17.735895,0,3,420910220230319740,2024-01-26,1.1032548,Joinville,597658,24.8571428571429,93.4514542857143,1,0,1,93.4514542857143,93.4514542857143,24.8571428571429,24.8571428571429,13,NA,NA,NA,NA,4209102,21.193471428571428,26.323128571428573,23.171185714285716,514.6742,77.28067142857142,98.09571428571428,90.06565714285715,0.5969545454656346,0.1643862638503135,0.5589025841542657,0.5080632106547713,0.07656021292176819,0.9070538596702127,0.6899153454872868,0.7332889450865148,0.7322272068635404,0.5589165014249192,0.6774017186073203,1.1557543358884248,0.40837435398323224,-0.543796531488813,0.3569286018477766,0.36025536887368587,-0.3151988847258841,0.4877533128388448,0,-0.2619868364446318,-1.0332521018698897,0.8462712956089253,0.533941683875443,0.8478173942038546,-0.07421718734467041,0.12132760847447771,-0.25124824932012996,-0.11374916405629944,0.6006271238790867,2023,3,152,4,152
2023-01-22,202304,160,160,160,160,4209102,0.9986088,26.771164,0,2,420910220230419800,2024-01-30,1.441717,Joinville,597658,24.8571428571429,87.5084917142857,1,1,1,87.138526,86.7685602857143,24.9285714285714,25,19,NA,NA,NA,NA,4209102,20.208414285714287,28.83172857142857,24.1093,93.6129,57.21974285714286,97.55878571428572,80.91245714285715,0.9389760794252506,0.5017471752669832,0.8866916995191486,0.9413913316446452,0.18064548351314255,1.3189219336767986,0.8219990993578014,1.1223955904624254,0.8744895400224667,0.7048605231958839,1.0476448332955237,1.3752851433525113,0.4952612482909821,-0.21503316890149388,0.47510529690171166,0.417315933462828,0.016288398856376056,0.558304539720246,0,-0.9655307056581397,-0.3070813179437445,1.1556756582995964,0.850672537743549,0.5357030637167397,0.8442785085791426,1.3409094103377686,0.12151459263567091,-0.2542940535081826,-0.11259718494170633,2023,4,153,4,153
2023-01-29,202305,175,175,175,175,4209102,0.9980379,29.28096,0,3,420910220230519740,2024-02-07,1.3976285,Joinville,597658,24.8571428571429,94.2993385714286,1,1,1,91.0092687142857,86.0790535714286,25.6917294285714,27,41,NA,NA,NA,NA,4209102,21.64485714285714,27.624057142857144,24.2874,840.4594,68.97401428571429,96.45145714285714,84.72317142857143,1.1087913183748963,0.11308671571465288,0.9899790639824843,1.2235379951094545,-0.45026296016877065,1.338163596986434,0.9642676866937979,0.2397387324765316,0.9149560839483211,0.9793512854362296,0.0033253634762137807,1.254107085654044,0.7341011242440741,-0.15871576322977285,0.6738415177612562,0.7295134221911345,-0.22916002296246252,1.011137312061755,0,-0.2613112284305951,0.39032763245376956,1.4528001309557177,1.1607912268788418,0.852825790068197,0.5328470123048221,-0.9580403733258719,1.3411796267954372,0.1171751290414327,-0.2531690903559227,2023,5,154,4,154
2023-02-05,202306,226,226,226,226,4209102,0.9999487,36.570824,0,3,420910220230619800,2024-02-15,1.4974269,Joinville,617979,25,88.8785352857143,1,1,1,88.4909452857143,88.1033552857143,25.1428571428571,25.2857142857143,63,NA,NA,NA,NA,4209102,20.17037142857143,27.50164285714286,23.562328571428573,91.2986,64.83907142857143,97.01081428571428,83.67361428571428,1.3806366762539548,0.22793571370549645,1.29022591759549,1.4735985637369975,-0.17301411420939053,1.2890443435907168,1.014677228265903,-0.0588008691091683,0.9648903998635178,1.0173534490032934,-0.16036039829400323,1.0410235142314674,0.9589481322359478,-0.08226169022552599,0.9145538134789404,0.9453778592646042,-0.10670704831523625,1.0107004122622594,0,-0.8765756504774983,0.39032763245376956,1.5092088962691714,1.4586016752151925,1.1633281708437608,0.8492759472277683,-9.280210614400717e-4,-0.9579270523463775,1.3326073616280651,0.11837149711978305,2023,6,155,4,155
2023-02-12,202307,273,273,273,273,4209102,0.9999847,44.176258,0,3,420910220230719740,2024-02-21,1.4819261,Joinville,617979,24.8095238095238,95.5782728571429,1,1,1,92.6715855238095,89.4882798095238,25.3333334285714,25.9047619047619,108,NA,NA,NA,NA,4209102,20.78798571428571,27.536657142857145,23.73712857142857,330.3589,64.81024285714285,95.89165714285714,83.82667142857143,1.5009584368681912,0.05101133407605796,1.395847797283011,1.6104225677087982,-0.3863214122494721,1.314025744246347,1.1029457849667554,0.13804869429617297,1.0248466865787211,1.136317472482595,-0.20554248106918865,1.3417326589592393,1.049257439474019,0.5941570951334959,1.0357596686851511,1.0185245444468063,0.3266211294327253,1.4394909816162176,0,-1.6098998919919982,0.39032763245376956,1.279560473754987,1.5151406722823986,1.4615070825569256,1.1590990203649525,-0.26453847057790236,-7.493804297975587e-4,-0.9585203543593469,1.3340373637541718,2023,7,156,4,156
2023-02-19,202308,468,468,468,468,4209102,1,75.73073,0,3,420910220230819800,2024-02-27,2.0089629,Joinville,617979,20.8571428571429,96.82372,1,1,2,86.7682278571429,75.1423838571429,23.4774435714286,26.1428571428571,199,NA,NA,NA,NA,4209102,19.193942857142854,24.502771428571428,21.529885714285715,234.0566,74.12717142857143,95.1294,85.54605714285714,1.55073462020285,-0.6674801147642508,1.3619363949681158,1.725895262935938,-1.1886168431789326,0.9160259075306243,1.3089447273922732,-0.11418610810997108,1.1790550133316724,1.4305647535433021,-0.6602669862522557,1.3501270258662619,1.1613510554311424,0.5263734150968411,1.1237613365681212,1.166913751716013,0.2073489098463848,1.4236678116292205,0,-1.9035212796768701,-0.933998633495046,1.334924045775153,1.2849620570464924,1.518116032004572,1.456625585349488,-0.22609610228488777,-0.26437782045993813,-0.004664531509505384,-0.9575307597095778,2023,8,157,4,157
2023-02-26,202309,1132,1132,1132,1132,4209102,1,183.17775,0,3,420910220230919800,2024-03-05,3.251672,Joinville,617979,23.4074074074074,95.7213674074074,1,1,2,94.1641205555556,92.6047575555556,23.7098764444444,23.962962962963,543,NA,NA,NA,NA,4209102,20.267857142857142,26.62204285714286,23.10508571428571,186.4355,70.10211428571428,95.88805714285716,85.4207,1.3238682559378399,-0.13386742036050903,1.2770945681435792,1.3139755433861642,-0.10086331378524001,0.4773371372604245,1.27894845390627,-0.018255725403761275,1.1887340579445376,1.360985103186441,-0.3627367190831073,1.096238024685236,1.1776330188333153,0.11093687496621327,1.1208957351071243,1.205203359955199,-0.05575823512372375,1.137414068131087,0,-0.37781607707225107,-1.4144685684040745,0.635834521247539,1.3404534477671408,1.2876526302868145,1.513110687464098,0.2057508382267891,-0.22593282860646197,-0.2673780589657595,-0.0034915838180006077,2023,9,158,4,158
2023-03-05,202310,1344,1344,1344,1344,4209102,1,217.48312,0,4,420910220231019800,2024-03-13,2.195229,Joinville,617979,23.4074074074074,95.9332703703704,1,1,2,94.6737235555556,93.4333259259259,23.5555555555556,23.7037037037037,526,NA,NA,NA,NA,4209102,20.67701428571429,26.627514285714284,23.22907142857143,454.9466,73.26378571428572,96.254,87.28831428571428,1.2198805619469504,-0.053538928383739755,1.161933911818442,1.2186293826515084,-0.02828605868550948,0.3756006152594817,1.3672044587594303,0.110914075444257,1.2858555187474343,1.4439374103225824,-0.13490488600408526,1.0049258627886275,1.174612086665123,-0.08157916372491641,1.1134757554540555,1.1958376538264925,-0.1469484759929714,0.9341019373624596,0,-0.7908913959997035,-1.4144685684040745,1.1347401199098175,0.6397499248776892,1.3432126772460982,1.283151486547516,0.17426569899109937,0.20594358398534085,-0.22906648900881957,-0.2662556108604713,2023,10,159,4,159
2023-03-12,202311,2294,2294,2294,2294,4209102,1,371.21002,0,4,420910220231119800,2024-03-19,2.2278903,Joinville,617979,22.6296296296296,98.25992,1,1,2,95.7778666296296,93.297922962963,23.0308642962963,23.4814814814815,945,NA,NA,NA,NA,4209102,19.8796,25.265685714285713,22.244957142857142,198.0941,75.21945714285715,98.33495714285716,88.96344285714285,1.1905697076246844,0.36273563274825693,1.204305243663769,1.1354521221449163,0.5137249668056885,0.23893811396517992,1.415056065896928,0.26931766636424903,1.3635129405519724,1.4727008668188957,0.07917054329741048,0.9373259136617502,1.2262178061665603,0.28900709932483737,1.1715860751970035,1.248928719968085,0.09416204107596862,1.0954612850034104,0,-0.7908913959997035,-1.0205284786405906,1.174009525071884,1.1398073543008371,0.6416422150412807,1.338589980930636,0.6433422468770817,0.17445629599633303,0.20131111275589633,-0.22793667653806127,2023,11,160,4,160
2023-03-19,202312,3745,3745,3745,3745,4209102,1,606.0076,0,4,420910220231219840,2024-03-27,2.3496203,Joinville,617979,22.5714285714286,98.31588,1,1,2,84.2599571428571,71.3337724285714,25.9075188571429,28.7142857142857,1853,NA,NA,NA,NA,4209102,20.44867142857143,28.116128571428572,23.728285714285715,58.2914,62.34841428571429,97.46442857142856,84.05332857142857,1.0593292517060702,0.9542943435856519,1.1283355304803835,0.9193589886043793,1.18341045621446,0.6801394703814566,1.372223876588499,0.18531271020025006,1.3058543219827732,1.4187518027541912,-0.007194556304052691,0.9634755532808102,1.3232530859860439,0.39826857255702763,1.2524301665305266,1.376278909053168,0.07961046176145131,1.2993559488380364,0,-1.1722774818881163,-1.0004249414647655,0.8623156913578233,1.1791674213214758,1.1423183361526337,0.6385543931852252,1.0640734083172887,0.6435648567561084,0.16993310021416358,0.2025236537066703,2023,12,161,4,161
2023-03-26,202313,4894,4894,4894,4894,4209102,1,791.9363,0,4,420910220231319800,2024-04-02,1.9781545,Joinville,617979,22.0769230769231,94.5033005384615,1,1,2,85.3305309230769,75.4699684615385,23.9561404230769,25.8461538461538,2990,NA,NA,NA,NA,4209102,19.844942857142858,26.514757142857142,22.721614285714285,131.0493,65.88694285714286,96.10744285714286,84.09325714285714,1.2526843935932874,0.7823893636535353,1.2332704366500398,1.2631861533927375,0.4256142839647447,1.1017896046199982,1.3546043855488743,0.42469335522874246,1.3163978916633992,1.3822430212309866,0.2076973265155231,0.9531621616474549,1.3740146664491584,0.3842737895040033,1.298204437663883,1.4582121875351175,-0.07391676442104736,1.300343018755405,0,-1.3343161658880585,-0.6614730012989863,1.332123289720848,0.8667539754270589,1.1817271010725137,1.1381351503493653,-0.16916810010671726,1.0643247316624493,0.6374136373786553,0.1711396095887755,2023,13,162,4,162
2023-04-02,202314,5383,5383,5383,5383,4209102,1,871.0652,0,4,420910220231419840,2024-04-08,1.4946128,Joinville,617979,18.4285714285714,100,1,1,2,84.168222,68.1148818571429,22.3909775714286,25.7142857142857,4158,NA,NA,NA,NA,4209102,17.384571428571427,22.83017142857143,19.811785714285715,175.9433,71.22124285714285,95.63998571428571,85.6417,1.2189570589494003,0.629518947634243,1.1979014557407197,1.2529774357081132,0.1544277117986974,1.141405400765048,1.2821967399638532,0.3766846126055146,1.2374095150228532,1.325648287659589,0.07834870262268481,0.9155608317575316,1.4239667344198652,0.4062410629576836,1.3537496784192375,1.5135244869802356,-0.03379958498787942,1.2505017670257317,0,-1.3343161658880585,-0.6614730012989863,1.0132850395128477,1.3376462255657615,0.8689271243700626,1.1774576979753155,-0.15913950020201492,-0.16900094128639462,1.0567132809833404,0.638710007271375,2023,14,163,4,163
2023-04-09,202315,5649,5649,5649,5649,4209102,1,914.1087,0,4,420910220231519800,2024-04-15,1.229088,Joinville,617979,18.7142857142857,100,1,1,2,86.5265162857143,68.8062148571429,22.7894741428571,26.8571428571429,4176,NA,NA,NA,NA,4209102,17.742,23.849442857142854,20.36487142857143,128.0941,70.14177142857143,96.90481428571428,86.8068,0.9183976684131578,0.43989224579470215,0.9225493276785679,0.8916432036680518,0.02301901221976756,1.030529153183452,1.1087579510710113,0.5266817196094687,1.1151560158469704,1.0873171951810983,0.3457623698587269,0.7657270036948941,1.345927858446743,0.43205918680524497,1.3064993898280126,1.3957512527287612,0.06684852602998916,1.1507845889791222,0,0.49220618594768933,-0.6614730012989863,0.09166888573353259,1.0180718687570016,1.340401981833562,0.8653420555215369,0.22977283334735435,-0.15897165696396873,-0.1723321816598595,1.0580902499175628,2023,15,164,4,164
2023-04-16,202316,5648,5648,5648,5648,4209102,0.99998295,913.9469,0,4,420910220231619840,2024-04-22,1.0828036,Joinville,617979,16.5714285714286,99.0997914285714,0,1,2,82.4042524285714,64.138911,20.7744361428571,24.7142857142857,4458,NA,NA,NA,NA,4209102,15.299557142857145,22.164614285714286,18.485185714285716,334.35269999999997,65.00057142857143,93.98604285714286,81.51528571428571,0.7530391167183602,0.1915298481197662,0.7437785078088404,0.756881333481547,-0.3036581364390068,0.7722796674713097,0.9528124741173264,0.7538113923515596,0.9814843911749985,0.8992013472403715,0.5691539887169826,0.8764667535857902,1.2540074809708959,0.23719317264081607,1.1994092259020663,1.3056542004046219,-0.16745224951414361,1.0544320017164475,0,0.49220618594768933,-1.196074109234198,0.2668450915469335,0.09432796608394045,1.020432234442266,1.3357854346717977,0.5224034317114781,0.22996721852510435,-0.16233770359101016,-0.17119146354951292,2023,16,165,4,165
2023-04-23,202317,5879,5879,5879,5879,4209102,0.99959594,951.32684,0,4,420910220231719900,2024-04-29,1.0647749,Joinville,617979,17.7142857142857,100,0,1,2,87.9393574285714,70.491297,21.1616541428571,24.4285714285714,4282,NA,NA,NA,NA,4209102,16.3967,22.27888571428571,19.03348571428571,53.0419,70.68608571428571,97.18237142857144,86.88341428571428,0.2918944913413288,-0.10075517594622187,0.31315005418792663,0.19056801261326545,-0.13302939295730334,0.14416666649646429,0.8120144348318032,0.4466072655743241,0.8105811387117928,0.7799122635406891,0.18674847004497994,0.7514959285478263,1.0697905132770638,0.2732397975124241,1.0471001811955305,1.0628232938015723,0.08791680855665703,0.7653707724697183,0,0.7323687490303289,-0.5669293628420311,-0.32849881816780063,0.2699086038038369,0.095545437691472307,1.01651570733481,-0.8066318370902439,0.5226177879290416,0.2252513741766277,-0.16119506431196007,2023,17,166,4,166
2023-04-30,202318,6184,6184,6184,6184,4209102,0.9999972,1000.6813,0,4,420910220231819840,2024-05-06,1.086939,Joinville,617979,21.1851851851852,96.7561925925926,1,1,2,95.2856148148148,94.1039940740741,21.4320986666667,21.6296296296296,4776,NA,NA,NA,NA,4209102,17.986671428571427,24.502514285714287,20.76087142857143,11.7472,69.18065714285714,98.52025714285716,88.08251428571428,-0.0324862506650704,0.22056372745714575,0.02476812928085378,-0.21249418304396253,0.1757274684937206,0.33827297508112375,0.6237287919918081,0.5580876292789699,0.6406972609840301,0.558331247261317,0.21121693552308646,0.8929666187469828,0.897699387622659,0.4024132766633179,0.8842635417016553,0.8681404417721854,0.14410749108494939,0.8245071252246284,0,-1.0367805412965045,-0.5479377704738893,-0.1548383688619823,-0.326809785231924,0.27134331102227116,0.09365234970902424,0.5416461441583165,-0.8065081829947932,0.516886310799549,0.22646851699662163,2023,18,167,4,167
2023-05-07,202319,5552,5552,5552,5552,4209102,0.0037164018,898.4124,0,4,420910220231919900,2024-05-13,0.95106775,Joinville,617979,19.4615384615385,96.6440080769231,1,0,2,92.0160261538462,86.9442338461538,20.4291498846154,21.3846153846154,4646,NA,NA,NA,NA,4209102,15.792157142857144,21.549614285714284,18.590257142857144,85.5429,66.2467,96.24657142857144,84.20147142857142,0.050988368580219316,0.5016517556726029,0.07512269077204081,-0.05336324735382633,0.044444683334094216,0.8583808869760055,0.5095902165773084,0.6186173620633887,0.5226328528181322,0.4499171042529175,0.04013341053441509,1.140672269304533,0.8059381050875144,0.6660470391105683,0.8165090214036628,0.7589056096080492,0.28659959770480564,0.9466321773791978,0,-0.7395130151232148,-0.25069792549818015,0.3922682867413616,-0.15274840346915744,-0.3261133626299615,0.26906561781436156,0.8428163016541731,0.5418618136253437,-0.8076269784919922,0.5181595125662153,2023,19,168,4,168
2023-05-14,202320,4058,4058,4058,4058,4209102,0,656.6566,0,4,420910220232019840,2024-05-20,0.70173305,Joinville,617979,14,100,0,0,2,89.0722714285714,78.5434418571429,16.4661655714286,19,3412,NA,NA,NA,NA,4209102,11.839985714285714,21.99332857142857,16.409871428571428,1.5645,57.62037142857143,95.66205714285717,81.02764285714285,-0.10509368973918065,0.2016180024770203,-0.08794570658413398,-0.27220226767504874,-0.20614798815167557,0.7395180205974399,0.34058355116633093,0.2556850300331087,0.3432573800752275,0.2603290104710015,-0.3358260759262817,0.9124082598108727,0.63735315117045,0.6884585100364746,0.6615014799152932,0.5408443941303908,0.3337445391674009,0.9753473589100056,0,-0.7395130151232148,-0.25069792549818015,-0.2952200446953977,0.39562136539066245,-0.15183662494245978,-0.3270839583496032,-0.13196002103274454,0.8430525249567856,0.53606355082932855,-0.8066083786626348,2023,20,169,4,169
2023-05-21,202321,3160,3160,3160,3160,4209102,0,511.34424,0,4,420910220232119900,2024-05-27,0.60687405,Joinville,617979,17.7142857142857,98.3597585714286,0,0,2,88.7775614285714,75.4164818571429,20.7894738571429,23.8571428571429,2451,NA,NA,NA,NA,4209102,15.28657142857143,23.7621,18.8609,4.2915,63.78754285714285,98.23837142857144,86.00561428571429,-0.28762311485510744,0.1454602808552257,-0.3772750575775833,-0.2885008728732715,-0.6809593152388337,1.0421659869667768,0.002153366876341279,0.025083232280229576,-0.03453067070977681,-0.05204657296985822,-0.5339315786424227,0.7154060843658779,0.46964789869021983,0.41827625177743566,0.4333273541167454,0.44944498833735436,-0.20801344059865332,1.0184432475977532,0,0.8183747216100509,-0.1298181929815801,-0.9858032341953964,-0.2934541805612496,0.3972116096256846,-0.15318849799339707,-0.9291099257295936,-0.13179032288798787,0.8362089911387842,0.5373404389028844,2023,21,170,4,170
2023-05-28,202322,2912,2912,2912,2912,4209102,0,471.2134,0,4,420910220232219900,2024-06-03,0.68600327,Joinville,617979,16.6923076923077,100,0,0,2,97.1567712307692,94.7910348461538,16.8653846153846,17.1153846153846,2222,NA,NA,NA,NA,4209102,13.351742857142858,20.143642857142854,16.314514285714285,126.1556,68.7268,94.66701428571427,85.59598571428572,-0.30280248861485026,0.04437144643974023,-0.47011684035971935,-0.14736637039575118,-1.1247828280118788,1.2328542497161736,-0.17638015093171097,0.1708330016651555,-0.23457261833208462,-0.1924827918587086,-0.621896663767225,0.9483200984445697,0.33063027157671004,0.4532516773602337,0.27877103958696775,0.3452796047738844,-0.41525951253453564,1.2086009957789423,0,0.8183747216100509,-0.1298181929815801,-0.2095006207069982,-0.9856317297211487,-0.29271648902865927,0.39465854559305663,0.32117482045732343,-0.9289946303457683,-0.13525070131139494,0.8375435740736865,2023,22,171,4,171
2023-06-04,202323,2718,2718,2718,2718,4209102,0,439.82077,0,4,420910220232319900,2024-06-10,0.79429543,Joinville,617979,14.5990142857143,94.5437857142857,0,0,2,82.8905714285714,59.6117,18.7070428571429,25.1512714285714,2062,NA,NA,NA,NA,4209102,13.663457142857142,23.79992857142857,17.918071428571427,18.3061,58.21371428571429,94.40127142857142,81.45612857142856,-0.6938714552443919,-0.2419811111206611,-0.8577431412354246,-0.5621325686181753,-1.1539821061219553,0.5370510429168601,-0.3381067446822085,0.16734890005508435,-0.41155136929540576,-0.32954523550059617,-0.7264140869679117,0.841972713529394,0.10414505362188078,0.35205751360449056,0.051486956748,0.10912280442155158,-0.5641647040191925,1.0802021549692054,0,-0.5363051380143515,-0.6446521801636733,-1.0160052481897257,-0.20753685486635778,-0.9857504288173734,-0.29376014940976575,0.21829107317023727,0.3213754435088085,-0.9296883412398066,-0.13410285528711097,2023,23,172,4,172
2023-06-11,202324,2565,2565,2565,2565,4209102,3.181637e-8,415.06265,0,4,420910220232419900,2024-06-10,0.86449564,Joinville,617979,14.0040428571429,89.4049142857143,0,0,2,82.7138142857143,74.938,15.9394714285714,18.522,1800,NA,NA,NA,NA,4209102,12.509614285714283,17.262785714285716,14.543214285714289,479.8216,76.22262857142857,92.17661428571428,84.6928,-0.7529919811542696,-0.5581391306005633,-1.0357696402327528,-0.34800505502064344,-1.6707909470032578,0.20383413832268346,-0.451255705999848,-0.2404510392406026,-0.5905362697995766,-0.3320713761370135,-1.226200960334066,0.5683313423011316,-0.0375813988202644,-0.09684845183289427,-0.14138375689834032,0.05573671853690444,-1.1222981335577245,0.7619379883308266,0,-0.5363051380143515,-0.6446521801636733,-0.5081182266392449,-1.015903471553474,-0.2066928628727553,-0.9852778906824524,-0.8214899523694462,0.21848467475703365,0.3163423703576098,-0.9286932044135594,2023,24,173,4,173
2023-06-18,202325,1834,1834,1834,1834,4209102,0,296.77383,0,4,420910220232519900,2024-06-24,0.67977124,Joinville,617979,15.7142857142857,93.1309962857143,0,0,2,91.8036805714286,90.1873077142857,15.904762,16.1428571428571,1201,NA,NA,NA,NA,4209102,11.687642857142857,20.986757142857144,15.533171428571428,23.4957,63.763,94.5423,83.64628571428571,-0.9171694541855324,-0.13605384520408584,-0.9797675590564432,-0.7981374593683506,-0.47399920683136965,-0.4255532133258504,-0.6335468506322944,0.0017223309847183023,-0.7129715762775993,-0.5821549261349024,-0.7559955626743564,0.3705578094803847,-0.33843695058609835,-0.05861073750690603,-0.38771201093169816,-0.33956580257345426,-0.6669423830627881,0.3341148399614618,0,0.7933665011541993,-0.7508676978757836,-1.5770206664924775,-0.5068438836977907,-1.0160596240979574,-0.2079247231194566,-0.00855621547911255,-0.8213673122896639,0.21380868014431545,0.31757702296349005,2023,25,174,4,174
2023-06-25,202326,1519,1519,1519,1519,4209102,0,245.80124,0,4,420910220232619900,2024-07-01,0.6386304,Joinville,617979,17.2857142857143,96.5049491428571,0,0,2,94.6728728571429,93.1178968571429,17.8095238571429,18.2857142857143,972,NA,NA,NA,NA,4209102,13.642557142857145,22.676571428571428,17.456214285714285,16.625700000000002,62.499385714285715,91.3804,80.87164285714286,-1.2098520552093306,-0.4077578498621726,-1.280751565122532,-1.0622238001756474,-0.47557819203102814,-1.0929750312348854,-0.795414157201636,-0.2449945254964791,-0.9196262943239317,-0.6480772845951832,-1.0460735964856471,0.08199363979034954,-0.5738932514914526,-0.08533775772073593,-0.6408117720833313,-0.54090767166035,-0.7366508057385461,0.20748324728248235,0,0.08560812480554134,-0.8524087979250281,-1.2634762524452825,-1.5782141144795931,-0.5063702067121524,-1.0155207764300278,-0.27140241033378504,-0.008378095445709837,-0.8224345397381829,0.21502362341516765,2023,26,175,4,175
2023-07-02,202327,1236,1236,1236,1236,4209102,0,200.00679,0,4,420910220232719940,2024-07-09,0.6349261,Joinville,617979,15.8888888888889,97.2752441481481,0,0,2,95.9132201481481,94.5511961481482,16.0925925925926,16.4074074074074,824,NA,NA,NA,NA,4209102,13.124185714285714,20.904471428571423,16.41292857142857,22.3985,65.71185714285714,94.86914285714283,84.1931,-1.1094364959423022,-0.9518206350156391,-1.2564303131170251,-0.8212042676759937,-0.8762240879852752,-1.6864587134983158,-0.9482335634568281,-0.7945690919963551,-1.110265669816972,-0.7412340046137481,-1.3260195857950594,-0.6984045440757932,-0.6510496184699622,-0.37056720535161936,-0.756916723714421,-0.5465021201212314,-1.0229046953793235,-0.13714863132911256,0,0.08560812480554134,-0.9314099976529577,-0.6544000412364975,-1.263945815789759,-1.5790659809571121,-0.5069464420061206,-0.9682914323340062,-0.2712422286562877,-0.012266771357223151,-0.8214187862628868,2023,27,176,4,176
2023-07-09,202328,936,936,936,936,4209102,0,151.46146,0,4,420910220232819900,2024-07-15,0.6037518,Joinville,617979,14.6671,93.2428571428571,0,0,2,84.1566714285714,74.4175571428571,16.6975,19.0946428571429,588,NA,NA,NA,NA,4209102,13.653242857142857,18.851514285714284,15.934057142857142,250.6055,72.47422857142857,91.72448571428572,83.37378571428572,-1.2418178235912232,-0.6366266824720294,-1.301530423248964,-1.0967200223704172,-0.39382480873957837,-1.601972359422219,-1.048921182512069,-0.7952071181036983,-1.2273483185513165,-0.7741481740138115,-1.348429558862108,-0.8489597630445088,-0.7804948773423458,-0.5268555232786302,-0.9001954670188088,-0.6537644305112605,-1.1682957714186153,-0.3018494533624899,0,-0.2610967496959886,-0.9314099976529577,-0.9848349598890619,-0.6534634212916597,-1.2644088565588185,-1.5772954051532644,-0.13406261836517766,-0.96817881095431,-0.27421864449195105,-0.011095284991179408,2023,28,177,4,177
2023-07-16,202329,708,708,708,708,4209102,0,114.567,0,4,420910220232919940,2024-07-25,0.5727638,Joinville,617979,13.7184714285714,93.0274571428571,0,0,2,87.5119714285714,77.2356714285714,15.4481714285714,18.1656285714286,442,NA,NA,NA,NA,4209102,12.305528571428573,17.080757142857145,14.159357142857145,114.2927,77.67317142857144,96.38111428571428,89.62931428571429,-1.1194894857156414,-0.7885264508933477,-1.2058869832504935,-0.9455453615948113,-0.6349812514448543,-1.6836159312262755,-1.0709245715134865,-0.6163964907844771,-1.147774397013536,-0.9344385755560516,-0.7260513517538665,-1.279342826769324,-0.8640566873893807,-0.41572500375942306,-0.9512763090247192,-0.7744347898585463,-0.9230081690257589,-0.48482609452182607,0,-1.0042333933190175,-1.0552785244933904,-1.1365056282192352,-0.984661219945551,-0.6531711480486724,-1.2633266780147294,-0.33984446513957184,-0.13389306371551438,-0.9687365346250726,-0.2730975113046341,2023,29,178,4,178
2023-07-23,202330,570,570,570,570,4209102,0,92.236145,0,4,420910220233019900,2024-07-30,0.5906347,Joinville,617979,15.4170285714286,93.2794571428571,0,0,2,85.342,70.3347285714286,17.9577285714286,21.8828,256,NA,NA,NA,NA,4209102,14.272042857142855,21.7384,17.320685714285716,87.5175,67.78057142857143,94.32728571428572,84.17692857142858,-1.2403201153285281,-0.09951143088847633,-1.154212237868453,-1.3172188089090744,0.25994123791991297,-1.3515701910164069,-1.2883410709724044,-0.340217200063142,-1.278596035494039,-1.2753101332042558,-0.1442420256144612,-1.482344101480845,-1.0237079924596149,-0.25153167927850656,-1.0782146968983797,-0.9637620189333337,-0.6936899825193683,-0.5496537028659189,0,0.02705543025625888,0.29228172197516733,-1.6985979123393133,-1.1366820525989405,-0.9847787182870301,-0.6534262167205936,1.2313160094471778,-0.33968895439877456,-0.13734614465606068,-0.9677489037602716,2023,30,179,4,179
2023-07-30,202331,592,592,592,592,4209102,5.8074506e-6,95.796135,0,4,420910220233119940,2024-08-06,0.78667355,Joinville,617979,13.2267571428571,92.7811,0,0,2,82.6872,60.4168571428571,17.2666857142857,23.6800285714286,228,NA,NA,NA,NA,4209102,12.199385714285714,22.6835,16.658871428571427,9.5522,59.912885714285714,94.24955714285714,81.87901428571429,-1.2522402145635825,0.2811304924053351,-1.1015673664055334,-1.4064900349789378,0.5997107289355673,-0.8194333374386255,-1.2418120322073465,-0.44837024673017495,-1.2382091106280886,-1.19394814311043,-0.18388910422417587,-1.5194769957174588,-1.1363907276236411,-0.4850693545302415,-1.1934699411821015,-1.0644371160128396,-0.7396412031115301,-0.8888959947974955,0,-0.07468255750730349,-0.3279639247300449,-0.6973253606019202,-1.7000720475184823,-1.1369876373882206,-0.9843083060307704,-0.1381242910278323,1.231578746529194,-0.34242782845019026,-0.13619870142421328,2023,31,180,4,180
2023-08-06,202332,419,419,419,419,4209102,1.6859447e-10,67.80166,0,4,4.2091022023321997e+17,2024-08-14,0.6749349,Joinville,617979,15.8855428571429,95.5080571428571,0,0,2,88.7592,76.6968,17.9072285714286,20.9351428571429,157,NA,NA,NA,NA,4209102,15.0593,21.927942857142856,17.623585714285714,297.06780000000003,72.24015714285714,96.94242857142856,87.56221428571429,-1.2306088844876153,0.014636726633317644,-1.1789098318880948,-1.237207474299618,0.2266290618072373,-0.9313156513415378,-1.3000420355141857,-0.4161401292735385,-1.3024591842824398,-1.2509065651346747,-0.1126936391599099,-1.5360596178440724,-1.1996529590894285,-0.6239425688680423,-1.3049442758815537,-1.0231385145213028,-0.9475188312188544,-1.0504691690598924,0,-0.07468255750730349,0.0425686644640918,-0.9069386493382945,-0.6964878429790404,-1.7010746816596272,-1.136184227101103,-0.7152764946309924,-0.13795501357346884,1.2233868470896363,-0.34131980663783534,2023,32,181,4,181
2023-08-13,202333,433,433,433,433,4209102,2.5276112e-4,70.06711,0,4,420910220233319940,2024-08-21,0.7997747,Joinville,617979,15.3896142857143,92.3822285714286,0,0,2,83.3640714285714,67.071271428571393,18.1577857142857,22.4247285714286,164,NA,NA,NA,NA,4209102,14.522614285714283,22.10674285714286,17.6544,54.394,65.64158571428571,95.0429857142857,83.51577142857143,-1.0820103416150366,0.4969827762098059,-1.0613190814145463,-0.9444714751805827,0.21156988107593025,0.010919631380195905,-1.1575944191927086,-0.19744851511832995,-1.1905674474850423,-1.0128976175382651,-0.2795596190691078,-1.0151482412158221,-1.159897940965259,-0.2332025539675892,-1.2050573430990983,-1.0255200054630298,-0.46769320946393717,-0.946877683796594,0,0.15269707299241508,0.0425686644640918,-0.6013892852877992,-0.9065850690264028,-0.6962488013261097,-1.6990371789416316,0.7121359305882974,-0.7151466058451449,-0.1413939976699906,1.2247958545191853,2023,33,182,4,182
2023-08-20,202334,360,360,360,360,4209102,7.7840356e-5,58.254406,0,4,4.2091022023342003e+17,2024-08-27,0.7681585,Joinville,617979,15.7258428571429,90.8419571428571,0,0,2,77.8673142857143,59.7560428571429,19.2818857142857,23.8376714285714,126,NA,NA,NA,NA,4209102,15.029828571428572,23.236485714285713,18.55842857142857,98.2785,58.02137142857143,90.72692857142856,76.7915,-0.7746120030302662,-0.20706247507488823,-0.8759007473649975,-0.4662263557282515,-0.5624922283469702,-0.23071428208669484,-1.059501068868021,-0.20739562521507546,-1.0661560837092838,-0.9557577157048832,-0.20084667619429897,-0.9604224652936639,-1.1994166563098525,-0.38208473327104303,-1.2287609423767056,-1.0858117386665758,-0.4068429833337762,-1.2054079389595902,0,-1.7004957094924285,-0.4698360420235127,-0.591629623237497,-0.600330278623866,-0.9066059683318943,-0.6964096260220531,-0.3041828356394561,0.712363235401497,-0.7165824682555143,-0.1402473325286521,2023,34,183,4,183
2023-08-27,202335,347,347,347,347,4209102,0.007123016,56.150776,0,4,42091022023352e4,2024-09-03,0.83703804,Joinville,617979,13.3601142857143,89.3831857142857,0,0,2,81.5047428571429,67.9870571428571,15.7680285714286,19.1906285714286,144,NA,NA,NA,NA,4209102,12.161957142857142,18.35851428571429,14.841,40.8561,69.93768571428572,91.94865714285714,83.0289,-0.6657492183856396,-1.0575800940593385,-0.8125259469213109,-0.32367677001375494,-1.190358506131988,-0.8808523965268333,-1.0085306578912212,-0.5183625817311881,-1.0052763412835588,-0.9271917733783541,-0.38847595495629045,-1.03184797225576,-1.1259176012623515,-0.9085561196191634,-1.1766943157382732,-0.9731636269355333,-0.7581982645140728,-1.5241899127677303,0,-1.021863545304185,0.7912864311625601,-0.3053009566323817,-0.5905480842969258,-0.5999722668640552,-0.906306580033728,-1.9930744086423278,-0.3040248911141313,0.7059732538416387,-0.715546367575939,2023,35,184,4,184
2023-09-03,202336,314,314,314,314,4209102,0.010349216,50.810787,0,1,4.2091022023361997e+17,2024-09-12,0.83815414,Joinville,617979,17.1857857142857,92.6655714285714,0,0,1,84.5218571428571,74.4371857142857,19.8531285714286,23.1583571428571,142,NA,NA,NA,NA,4209102,16.2768,23.936642857142857,19.60324285714286,127.067,70.06648571428572,92.37284285714286,83.28045714285714,-0.8256358577616165,-0.9251574390489025,-0.8156561566896671,-0.7352185902937115,-0.5454046306566159,-1.2963397296329633,-1.081222371608184,-0.6070917619220876,-1.0475032814315068,-1.0570824848037517,-0.21141328466548132,-1.3510618867408277,-1.2267065858298591,-0.8145109724886243,-1.2232819478431582,-1.1713518546420918,-0.37341411034864996,-1.7226244849282442,0,0.34276812760624786,0.7912864311625601,-1.482704414550637,-0.3035583664492532,-0.5901779696025993,-0.6003437224256735,-0.4264671695758176,-1.9930317252039624,-0.30688753595420426,0.7072828024705128,2023,36,185,4,185
2023-09-10,202337,327,327,327,327,4209102,0.24969237,52.91442,0,1,42091022023372e4,2024-09-17,0.9492254,Joinville,617979,16.5976571428571,93.6283714285714,0,0,1,81.4494857142857,63.6815857142857,19.5618142857143,23.8634,146,NA,NA,NA,NA,4209102,15.714942857142857,23.922057142857145,19.02347142857143,37.727,61.17212857142857,94.96767142857144,81.82358571428571,-0.6515197334233768,-1.4182513543161823,-0.7138347339766278,-0.5440817614099017,-0.6852495963284726,-2.1214972687821705,-0.9115458339046723,-0.6142047731153967,-0.9323697323604438,-0.7976472583760086,-0.31229796856907077,-1.2801953796583165,-1.0609661558673238,-0.898963162670772,-1.1063959923800077,-0.9282753584116665,-0.5754605104647817,-1.7067481472407777,0,1.1270846882749315,-0.2117692335528173,0.02561809917335051,-1.483680113206962,-0.30283317623242617,-0.5905708528290413,-0.36328519615116905,-0.4263175705390209,-1.9900327354278604,-0.305772682479687,2023,37,186,4,186
2023-09-17,202338,316,316,316,316,4209102,0.33453068,51.134422,0,1,4.2091022023382003e+17,2024-09-24,0.9668636,Joinville,617979,18.4934142857143,94.6955,1,0,1,82.4683,63.8331142857143,22.3726285714286,27.8567857142857,128,NA,NA,NA,NA,4209102,17.6843,28.464528571428573,22.227642857142857,43.801300000000005,60.352514285714285,95.47265714285714,81.53758571428571,-0.5311062507427164,-1.6131261338464704,-0.6141184370696354,-0.37134645200635485,-0.9727958521696669,-2.1350972217206823,-0.6866114383027166,-1.2091162118162817,-0.7827492188387214,-0.4486149399932483,-1.003693433738427,-1.434687019566877,-0.9466419352562685,-1.0079529920641859,-0.9814393684865653,-0.8213653026354775,-0.6604936647391675,-1.67233246356417,0,1.1270846882749315,-0.2701003000245733,-0.15801014591217166,0.028124687092437428,-1.484415018316848,-0.30385470363382583,-0.7291981288457495,-0.363131285160278,-0.42875580324022405,-1.9892414211975489,2023,38,187,4,187
2023-09-24,202339,320,320,320,320,4209102,0.4911411,51.781696,0,1,42091022023392e4,2024-10-02,0.99824774,Joinville,617979,18.0605285714286,92.9321571428571,1,0,1,86.9188,77.5357,20.0562714285714,23.0224285714286,92,NA,NA,NA,NA,4209102,17.4542,23.3553,19.832857142857144,107.6239,72.34422857142857,93.7076,85.7111,-0.20838907059857112,-1.066559406923316,-0.39212085398277186,0.1261253123103363,-0.8228198307028015,-1.2781325088742261,-0.459695832636354,-1.410272995837074,-0.6330039478924264,-0.10545848595290029,-1.3149298245564252,-1.309496029771867,-0.7903545523293328,-0.9681323971304215,-0.8560346203739333,-0.6105552249694662,-0.7309546098018243,-1.3412386996390395,0,3.097157657187001,-1.4465874837087624,0.8568318200527858,-0.15592750324810115,0.029260249271103853,-1.4828515170022232,-0.8010308909538433,-0.7290691901639332,-0.3657888034855344,-0.42766437565142523,2023,39,188,4,188
2023-10-01,202340,300,300,300,300,4209102,0.2422385,48.545338,0,1,4.2091022023401997e+17,2024-10-09,0.9453048,Joinville,617979,17.0379142857143,94.3685857142857,0,0,1,89.4761857142857,82.2518571428571,18.4044,20.3711857142857,57,NA,NA,NA,NA,4209102,16.426157142857143,21.45248571428571,18.402842857142858,504.682,80.38284285714286,95.63907142857144,90.02487142857143,0.23065807557039686,-0.7576730186011262,0.05047766516072358,0.6015919205845882,-0.6679928873012535,-0.960509632260569,-0.312919150108785,-1.1182116456825975,-0.4023989389370136,-0.07118431123617475,-0.7940552257928987,-1.3687328410352508,-0.678335336653303,-0.87736235213169,-0.7216855610654063,-0.5212906798567672,-0.5132782493806067,-1.4352160776742986,0,-0.04252147125212018,-0.8440656706419151,0.09834273901317825,0.8612574434269425,-0.15501965803484608,0.027512178002192512,0.2472035805162418,-0.8009068546129305,-0.7304567347696955,-0.3646852721902241,2023,40,189,4,189
2023-10-08,202341,250,250,250,250,4209102,0.0060030874,40.45445,0,1,42091022023412e4,2024-10-16,0.80825883,Joinville,617979,16.7335857142857,94.9489857142857,0,0,1,88.5354714285714,80.3523857142857,18.4995857142857,20.8751285714286,39,NA,NA,NA,NA,4209102,15.677014285714286,20.2107,17.52617142857143,473.2913,78.52958571428572,96.52537142857145,89.56377142857143,0.12507969478372685,0.019024382809244567,0.06296863582032833,0.36521320861427,-0.004281439683968289,-0.37070712087028435,-0.276883456012971,-0.9305209143847236,-0.3424150676656246,-0.09544138355621257,-0.4528758212003338,-1.511191930462869,-0.5974706537774985,-0.4796552707244671,-0.6356492569686782,-0.4265576029989197,-0.2537152269790802,-1.1184972418082242,0,0.4233692360737235,0.2252569468955823,-0.3545788793907695,0.1010172273877126,0.8634237918337231,-0.15636456734306592,1.3306655274297452,0.24739915528300824,-0.8020450893093541,-0.7294233010434545,2023,41,190,4,190
2023-10-15,202342,364,364,364,364,4209102,0.9960775,58.901676,0,1,4.2091022023422003e+17,2024-10-23,1.2305129,Joinville,617979,16.9135142857143,94.2753571428571,0,1,1,87.1909857142857,78.7002142857143,18.4586142857143,20.6108142857143,62,NA,NA,NA,NA,4209102,16.047485714285713,20.903042857142857,17.997685714285716,141.986,76.85525714285714,96.54977142857145,88.65317142857143,-0.006611832667023145,0.9103963946759018,0.05979661027262427,0.012060903570715346,1.1124250534813203,-0.08942387571429328,-0.28281321311137986,-0.46957427137270763,-0.2917547763853315,-0.1921744948335485,0.08713276081758685,-1.3491647223449765,-0.4871911880706977,-0.4835744591910015,-0.531040841314987,-0.3125582280003079,-0.22560746089048125,-1.1068257757360034,0,1.0814650614227932,0.2252569468955823,-0.6322428483480728,-0.3529500578793437,0.10224297522538396,0.8598507630082695,1.2148540357932347,1.33093504477736,0.2426228140544333,-0.8010254165124311,2023,42,191,4,191
2023-10-22,202343,339,339,339,339,4209102,0.9504789,54.85623,0,3,42091022023432e4,2024-10-30,1.1397682,Joinville,617979,18.2728714285714,93.6706571428571,1,1,1,85.9178142857143,74.9213714285714,20.2933714285714,23.0077571428571,72,NA,NA,NA,NA,4209102,17.401385714285716,23.353214285714287,19.717542857142856,125.0906,74.21182857142857,97.4177,88.03105714285714,-0.37864784228037346,1.7298384840363998,-0.07709271973842834,-0.7074484313617277,2.1741427896643684,0.10507712042719097,-0.3087440091927922,0.4344597275544727,-0.24709537991910355,-0.31122306312353226,0.8762745918587835,-0.7127183761882822,-0.4650161608943277,-0.21591387581278781,-0.47595347624551176,-0.3429837649934234,0.07222636514384002,-0.927010301115328,0,-0.7162420724177309,-0.8092979186616036,-0.482902372857911,-0.631255073763135,-0.3522859771014653,0.1003352345745932,0.9861445491651574,1.2151156494017215,1.3223983330461098,0.243843296064968,2023,43,192,4,192
2023-10-29,202344,239,239,239,239,4209102,3.7953362e-4,38.674454,0,3,4.2091022023441997e+17,2024-11-05,0.75086904,Joinville,617979,18.9569142857143,93.2822857142857,1,0,1,85.5429571428571,74.2179714285714,21.0674428571429,24.0474857142857,89,NA,NA,NA,NA,4209102,18.216628571428572,24.240928571428572,20.844842857142854,279.6627,73.52504285714285,94.08385714285714,85.64801428571428,-0.3887900411868099,1.9970084127961518,-0.08150966077415897,-0.7076468964458761,2.294296394508135,0.7750321617401769,-0.08323487109132567,0.8156977472003959,-0.017165565668532803,-0.05640135955456493,1.0553616359019062,-0.11494295466318812,-0.3648298653963099,0.1519525319454563,-0.31454897260940695,-0.31859130369821614,0.5415218309564686,-0.6706841938825986,0,-0.8028056897074433,-1.3843823165376299,0.06181979414992292,-0.48156981370055385,-0.6309353234360845,-0.3531993131734275,0.829892145354804,0.9863905541315926,1.2069808845208072,1.3238263727619666,2023,44,193,4,193
2023-11-05,202345,368,368,368,368,4209102,0.9769708,59.54895,0,1,420910220234520060,2024-11-12,1.164966,Joinville,617979,17.0517,90.2206,0,1,1,76.5591857142857,61.3762285714286,20.9582857142857,25.9575714285714,141,NA,NA,NA,NA,4209102,15.593714285714285,25.55201428571429,20.0568,10.7966,62.42017142857143,95.23154285714286,80.21932857142856,-0.17400962975641412,1.4929626313259632,0.06823025559889356,-0.44231403178814027,1.8530941074565228,0.49419777694292466,-0.025818756013680593,0.9961404583675834,0.06796288241047371,-0.04087718311033782,1.2002755510588128,0.07207373410576196,-0.25931810072137357,0.037491385610426115,-0.2165852950070393,-0.23434729738751123,0.5836921540234289,-0.9019636909167703,0,0.04343088164394154,-0.9079600023775829,0.41886415764153495,0.06440996145954271,-0.48106486659249686,-0.6312390389669035,0.23135875147181786,0.8301274866278494,0.9790495710809017,1.2083867383467741,2023,45,194,4,194
2023-11-12,202346,220,220,220,220,4209102,2.4944157e-4,35.599915,0,1,4.2091022023462003e+17,2024-11-19,0.7355404,Joinville,617979,21.4065,96.1966142857143,1,0,1,87.8505857142857,73.3044714285714,23.7472857142857,27.7795714285714,82,NA,NA,NA,NA,4209102,21.406014285714285,29.734328571428573,24.742385714285714,99.2213,64.68035714285715,96.63321428571427,85.39261428571429,0.04856590085331001,0.4168418330909369,0.06126374675947095,0.06593601781768481,0.8166814932188556,0.2605633805591695,0.021966128143987795,0.8738724450527525,0.06264282459683493,0.04228065537591113,1.2525686806043836,0.10091531727907516,-0.18062787134395628,-0.15962209691831178,-0.18335185328373443,-0.10886296509007067,0.4779643996786718,-0.8867080283412984,0,-0.3105233740875004,0.21200922229196195,0.16927109427536574,0.42227863857274456,0.0655904172770879,-0.4816964641377694,-1.13212897396137,0.23155324488306833,0.8233288086686611,0.9804116112626838,2023,46,195,4,195
2023-11-19,202347,378,378,378,378,4209102,0.99893993,61.167126,0,1,420910220234720060,2024-11-29,1.2674614,Joinville,617979,18.9378714285714,95.7586,1,1,1,84.8686285714286,71.0364,21.4852857142857,24.6421142857143,249,NA,NA,NA,NA,4209102,18.93787142857143,24.642114285714285,21.485285714285716,141.052,71.0364,95.7586,84.86862857142857,0.6417802501467551,0.0413509227280753,0.5094058435079947,0.9062725271996022,0.03339913960331269,0.2756311584639227,0.13825701512562438,1.1676823787027926,0.22596847409121487,0.1070638453957055,1.4339057604059118,0.22776613073892618,0.02192665997120288,0.354688529401551,0.014484573149543828,0.12780270529525659,0.6965142487022508,-0.4088459830948561,0,1.3242120932575197,0.05779593412342791,1.6533143560003156,0.17210933599648093,0.4239018642862481,0.06376286397467833,0.167211592582284,-1.1320275339348373,0.22683189628984005,0.8246609157360608,2023,47,196,4,196
2023-11-26,202348,474,474,474,474,4209102,1,76.70164,0,3,4.2091022023481997e+17,2024-12-03,1.5373414,Joinville,617979,19.7058571428571,96.7064428571429,1,1,2,88.2172285714286,73.6535714285714,22.2281285714286,25.8461142857143,396,NA,NA,NA,NA,4209102,19.70585714285714,25.84611428571429,22.22812857142857,170.8938,73.65357142857142,96.70644285714286,88.21722857142858,0.7972579480010912,-0.3228393463627766,0.6379045387086781,1.0289171524539167,-0.17089470799844475,-0.023962493740165375,0.21467134261815915,1.103473652374494,0.2910786843612049,0.17271507739414318,1.3791076030207738,0.4519438198836825,0.23955918032844395,0.4646965960774684,0.22472353546528764,0.35666518152434884,0.73257437130437,-0.10059352561846173,0,1.0695400437783251,-0.5329265155701857,0.6217085755261468,1.6595788304273762,0.17342304192477392,0.4212904081285229,0.035605504602126,0.16740170816882555,-1.1320166267824119,0.22804934292255916,2023,48,197,4,197
2023-12-03,202349,494,494,494,494,4209102,0.99999356,79.93799,0,3,420910220234920060,2024-12-10,1.348352,Joinville,617979,20.7029714285714,96.7134571428572,1,1,2,88.6206285714286,76.8768428571429,22.8524142857143,25.4452571428571,486,NA,NA,NA,NA,4209102,20.70297142857143,25.445257142857145,22.85241428571429,284.5741,76.87684285714286,96.71345714285717,88.62062857142857,0.9189216150117682,-0.02696457134969551,0.762451045392673,1.1816577843044482,-0.16262571507567414,0.44961356096486427,0.3915665139908229,0.9657046532401309,0.43500674856076793,0.39687106622644885,1.0971504085641812,0.5686092807887557,0.32553689384269885,0.7598948600563261,0.3311182425169403,0.42621231365108486,0.8503035683515943,0.2500266542131785,0,1.0695400437783251,0.10394518486772067,0.8569856580266889,0.625591366375739,1.6627328949995246,0.17135957569504073,0.8766516136761197,0.035786638522234016,0.1629029950680627,-1.131060382109145,2023,49,198,4,198
2023-12-10,202350,522,522,522,522,4209102,0.9951341,84.46889,0,4,420910220235020100,2024-12-17,1.1814717,Joinville,617979,19.212,97.4911857142857,1,1,2,83.4301285714286,65.0977285714286,22.4216428571429,26.7507,510,NA,NA,NA,NA,4209102,19.212,26.7507,22.421642857142857,43.3269,65.09772857142858,97.49118571428572,83.43012857142857,1.1648033457596836,0.9405424058374054,1.1897461840312542,1.171499362565806,0.7674563079403695,0.7172117244936187,0.6378714212211694,0.893823281897409,0.6555684713773056,0.6639299023070858,1.027900305621444,0.5891673601596475,0.45095330730489896,1.1663295675669934,0.4858837703320377,0.48169059422148314,1.365736861553884,0.3912735854228877,0,-0.0027892856651070335,-0.9485530703089684,1.054712700955857,0.8614116365688594,0.6274661389864521,1.6574111620969854,0.9779709711390716,0.8768901461233236,0.031744690564559815,0.16410815309467064,2023,50,199,4,199
2023-12-17,202351,358,358,358,358,4209102,1.4150198e-5,57.93077,0,4,420910220235120060,2024-12-23,0.74763656,Joinville,617979,21.4516714285714,97.6794285714286,1,0,1,81.8122285714286,60.2907857142857,24.5932,28.7173428571429,344,NA,NA,NA,NA,4209102,21.451671428571427,28.717342857142857,24.5932,33.387,60.29078571428572,97.67942857142856,81.81222857142858,0.9606878233676713,0.7145394513897072,1.0062573495144893,0.8875937003414883,0.7943082471680674,0.8721407786630301,0.8424513442340987,0.49575051878433773,0.7944416656556609,0.962268131836405,0.5352585976844242,0.6920654972144078,0.457307746407138,1.2794957074252944,0.5332843201599656,0.41926920350767155,1.521476175350962,0.5545874239658144,0,-1.4215446672550685,-0.5919693683678805,0.9182765166884396,1.0595951748568937,0.8635781757497585,0.624409331117221,-0.3256931957212755,0.9782164182866967,0.869929180115259,0.03292463694648991,2023,51,200,4,200
2023-12-24,202352,229,229,229,229,4209102,0,37.056274,0,2,420910220235220100,2024-12-31,0.50433,Joinville,617979,21.0738428571429,90.4563571428571,1,0,1,72.9880428571429,53.9103,24.7751142857143,29.3639,105,NA,NA,NA,NA,4209102,21.073842857142857,29.3639,24.775114285714285,50.8487,53.9103,90.45635714285714,72.98804285714286,1.23403717184274,0.36255960004828924,1.2164903617658542,1.2753700064696074,0.10298018297377436,1.218996331054237,1.0679195236746806,0.021784223568195094,0.9721865149748937,1.2359374975108992,-0.04803459082398266,0.7206728625610724,0.613232018528232,1.046359518350377,0.6573154412149598,0.6145665499225015,1.1258786730179078,0.8759376288704582,0,-0.6724133429996113,-0.19091495657053523,1.6060634747804234,0.9228439983457405,1.0620069148900615,0.860004809167882,-0.7320506286397505,-0.32553671920462784,0.9709038032666488,0.8712702448465384,2023,52,201,4,201
2023-12-31,202401,823,823,823,823,4209102,1,133.17604,0,2,420910220240120060,2025-01-08,2.0688837,Joinville,617979,19.7022571428571,95.6807428571429,1,1,2,86.9951714285714,76.1337428571429,21.6228428571429,24.6289714285714,260,NA,NA,NA,NA,4209102,19.702257142857142,24.62897142857143,21.622842857142857,194.0286,76.13374285714286,95.68074285714286,86.99517142857142,1.4580513567819824,-1.3912574800999717,1.330897139326171,1.6101031204843115,-1.1672196636485337,0.0903808131641491,1.2496696176093114,-0.9430919885065479,1.0975739958866224,1.4973034067274105,-0.8698944198844928,0.32418111835208024,0.8219547542797493,0.027628493275064447,0.8015210171032527,0.9027175881653546,0.25704211247582903,0.4566178451171733,0,-0.6811211796248905,1.9964752475418415,1.66368032065365,1.6122188603966685,0.9250865441798394,1.0579994319647437,-2.948364031478642,-0.7319218846313118,-0.32832470805536584,0.9722642776443856,2024,1,202,5,202
2024-01-07,202402,991,991,991,991,4209102,1,160.36143,0,4,420910220240220100,2025-01-08,2.1493628,Joinville,617979,21.7821714285714,96.7059,1,1,2,83.6830857142857,65.1277571428571,24.9606428571429,28.8984571428571,251,NA,NA,NA,NA,4209102,21.782171428571427,28.898457142857144,24.960642857142854,265.8635,65.12775714285715,96.7059,83.68308571428571,1.3499072710687832,-1.5784476919520556,1.2472058438019882,1.5324298676881118,-1.215027622397413,-0.0961026082935547,1.3220891544184594,-0.42667300395347446,1.2778754320269747,1.450211218342861,-0.2952943064809935,0.37327942062601105,0.9561405744588175,-0.12596303345995208,0.9264138132147332,1.0636407118198061,0.17840985267243703,0.3882811685422247,0,-0.0814815333945284,1.5935475274538455,0.6652763946649319,1.6699687271371675,1.6153143292594292,0.9213786114655086,0.5697154597413144,-2.9483865432973615,-0.7332995290683466,-0.3272139752986938,2024,2,203,5,203
2024-01-14,202403,1259,1259,1259,1259,4209102,1,203.7286,0,4,420910220240320100,2025-01-21,1.7652401,Joinville,617979,22.2639428571429,95.8802428571429,1,1,2,84.5099857142857,66.3555571428572,25.4792285714286,29.8895714285714,336,NA,NA,NA,NA,4209102,22.263942857142855,29.88957142857143,25.47922857142857,241.8241,66.35555714285715,95.88024285714286,84.50998571428572,1.5732190911432196,-1.5493167478548786,1.4621532864907334,1.7367986084150822,-1.2130957091903818,-0.23790636645553598,1.3321821612087328,-0.5569642500072404,1.294382908139506,1.4075663785340238,-0.2765481985049828,0.3812240893058812,1.1842111267051327,-0.4231533522565924,1.1043461663910772,1.3548512140647024,-0.20649011023414263,0.4009131206815863,0.4792285714285711,0.057790232926267976,1.5935475274538455,1.7224419020385715,0.6692597711852455,1.6731356465182985,1.6100963372487562,-0.2621595933912053,0.56993304484335106,-2.9420720306000723,-0.7322666417925956,2024,3,204,5,204
2024-01-21,202404,1875,1875,1875,1875,4209102,1,303.40836,0,4,420910220240420100,2025-01-29,1.8484032,Joinville,617979,18.1925142857143,96.3547428571429,1,1,2,91.1205428571429,83.1973714285714,19.5720714285714,21.5200142857143,422,NA,NA,NA,NA,4209102,18.192514285714285,21.52001428571429,19.57207142857143,636.7511,83.19737142857143,96.35474285714284,91.12054285714284,1.6511476665365505,-1.2386387743899832,1.5300848121468291,1.8483414231061042,-0.8229135772047597,-0.5627961374978326,1.516876654362125,-0.5842981159199778,1.440345960279568,1.675283352235747,-0.4726760161597308,0.3945198545985478,1.3729342246312584,-0.6336986829648883,1.2552186427549863,1.5929196591013053,-0.46433522483155715,0.27652150633969114,0,0.4470798601851648,1.5935475274538455,1.886691087058519,1.7288659722572282,0.67118857214851,1.667791154793269,-0.05447249203741806,-0.26199878092299034,0.5640373618964489,-2.9414637202330702,2024,4,205,5,205
2024-01-28,202405,2500,2500,2500,2500,4209102,1,404.5445,0,4,420910220240520100,2025-02-04,1.8165542,Joinville,617979,19.6909857142857,97.4317428571429,1,1,2,87.0112142857143,73.1812857142857,22.4891857142857,26.2310428571429,587,NA,NA,NA,NA,4209102,19.690985714285716,26.231042857142857,22.48918571428571,146.6085,73.18128571428572,97.43174285714286,87.01121428571429,1.1935261736835097,0.8495285644558047,1.2891148126013787,1.1019604595199126,1.0612946084130273,0.5023107989443673,1.3940508790986854,-0.3630228226645519,1.37393363357322,1.4545725644387415,-0.07278977275015328,0.3560784634370535,1.331244799198646,-0.30646438475313587,1.2544704393108765,1.493818000651423,-0.14688658630134213,0.46025289768175687,0,1.9865438736151906,-0.03498063280794894,0.015745320965765735,1.8934943618085762,1.7321057617406115,0.6680361096735352,1.605858202524867,-0.05429750563321324,-0.2650072757959392,0.5653196271802973,2024,5,206,5,206
2024-02-04,202406,3671,3671,3671,3671,4209102,1,594.03314,0,4,420910220240620160,2025-02-11,1.9187636,Joinville,617979,21.7694428571429,97.5704142857143,1,1,2,84.0676285714286,64.8585,25.0866428571429,29.2712142857143,1472,NA,NA,NA,NA,4209102,21.769442857142856,29.271214285714287,25.086642857142856,70.2565,64.85849999999999,97.57041428571428,84.06762857142857,1.269723338014766,0.8513760852227958,1.288172165461213,1.2544047530941127,0.8713458137776562,0.8184993861358226,1.3772538643945682,-0.48568388619225783,1.3295231250344037,1.4946621102281665,-0.22763401332126598,0.4345882789291359,1.4109172058717618,0.0996619472046986,1.3815980942879944,1.5185497086352926,0.20629631622732814,0.6382652937648299,0.08664285714285569,1.9865438736151906,-0.03498063280794894,0.9396690443536353,0.018229115455263508,1.8969378363294471,1.726632256996079,0.5737448399534734,1.6061465008335345,-0.058026819960820084,-0.2638843719715632,2024,6,207,5,207
2024-02-11,202407,4676,4676,4676,4676,4209102,1,756.66003,0,4,420910220240720100,2025-02-18,1.7548184,Joinville,617979,20.9573142857143,95.2830571428571,1,1,2,84.6754285714286,68.5442571428571,23.6093142857143,27.3219285714286,2210,NA,NA,NA,NA,4209102,20.957314285714286,27.321928571428572,23.609314285714287,338.7207,68.54425714285715,95.28305714285716,84.67542857142857,1.2808053739853764,0.8956606480063185,1.2871076551926617,1.289874269811145,0.8540229307490522,0.9746099233184793,1.5004931900082306,-0.4370970004581009,1.441755280332014,1.623254767275763,-0.23765771611730394,0.4432480927063734,1.4221932937573107,0.02043334845081943,1.3928743357679265,1.5016820718974935,0.21214301664142637,0.7140916811882618,0,1.9865438736151906,-0.13030334087538303,1.762349282327708,0.9442859152570855,0.019352434424326947,1.8911037169994853,-0.16557646200131115,0.5739627000469604,1.5966546781074515,-0.056864129729265904,2024,7,208,5,208
2024-02-18,202408,5488,5488,5488,5488,4209102,1,888.0561,0,4,420910220240820160,2025-02-26,1.5225878,Joinville,617979,20.7274571428571,96.9680571428571,1,1,2,89.0330571428571,76.3322714285714,22.9696142857143,26.1228285714286,3474,NA,NA,NA,NA,4209102,20.72745714285714,26.12282857142857,22.96961428571429,222.0121,76.33227142857143,96.96805714285716,89.03305714285715,1.1163414265548726,0.9147133087387569,1.1778322711266547,1.0455515170753211,0.9948347721077762,0.8667725119587366,1.454994724000919,-0.21887900636550725,1.420060653812926,1.5520629348393433,0.10816362178371362,0.18132073571481538,1.4917655113271993,0.00888079726915583,1.4555323849756587,1.5992867783178044,0.1303501628130572,0.6756167591629116,0,1.691839368320523,-0.13030334087538303,1.2944420354070243,1.7688654873075822,0.9465549899156587,0.017626039170550358,-0.012919284346419398,-0.16540905806394332,0.5680530323334155,1.5981354362047215,2024,8,209,5,209
2024-02-25,202409,6475,6475,6475,6475,4209102,1,1047.7703,0,4,420910220240920100,2025-03-07,1.4153727,Joinville,617979,22.2281,96.6971142857143,1,1,2,89.1867,76.5773857142857,24.0887714285714,27.0319142857143,4471,NA,NA,NA,NA,4209102,22.2281,27.031914285714286,24.08877142857143,255.2267,76.57738571428571,96.69711428571428,89.1867,1.4151643801623852,0.6743151568634782,1.3898334934761767,1.4835299740437706,0.5531628334630185,0.9775223563358597,1.3715018150345146,1.003987308462507,1.4048596825888724,1.3867085906710708,1.047646629014404,0.8930603058776447,1.5160527578045642,0.05766393043110512,1.4872299706955052,1.6093653187463073,0.21826587636137185,0.6967832830469102,0,-0.4979670642023196,-0.6477613761545804,1.0918328991295616,1.2998779759808023,1.7721547658416978,0.9428000891905317,1.0815579762370082,-0.012741462077579056,-0.16875276393287517,0.5693360695215407,2024,9,210,5,210
2024-03-03,202410,6397,6397,6397,6397,4209102,1,1035.1484,0,4,420910220241020160,2025-03-11,1.1753727,Joinville,617979,20.6363285714286,97.1968571428571,1,1,2,89.3345142857143,77.4298428571429,22.5786142857143,25.3458857142857,4917,NA,NA,NA,NA,4209102,20.63632857142857,25.34588571428571,22.578614285714288,378.2531,77.42984285714286,97.19685714285714,89.33451428571429,1.5558522089226112,0.9248475277277808,1.6020163157817247,1.5597364883071194,0.771653761611401,0.844866062726219,1.4855353513025524,1.171014050867418,1.5157050870163709,1.5093029391676809,1.0662353123018118,1.0041513825085138,1.5565494391081918,0.09151263204106753,1.534550735795981,1.6671548474624662,0.208437605785559,0.6954610254526555,0,-0.8586130564536859,-0.6096754958787339,1.446298214235141,1.0968010729830957,1.3025870038115845,1.7665936431074825,1.1201474545822898,1.0818104928442678,-0.016614995089504158,-0.16761135777606267,2024,10,211,5,211
2024-03-10,202411,7112,7112,7112,7112,4209102,1,1150.8481,0,4,420910220241120200,2025-03-18,1.1636077,Joinville,617979,21.4025428571429,97.3295428571429,1,1,2,84.2346714285714,62.2785571428571,24.5521428571429,29.4120857142857,6145,NA,NA,NA,NA,4209102,21.40254285714286,29.412085714285713,24.552142857142854,50.97,62.278557142857146,97.32954285714284,84.23467142857143,1.3352644085742833,1.5313904052132288,1.5072522018861207,1.186223840589754,1.5804415973431771,0.7774106057100727,1.3753816572179993,1.6017361124120946,1.4654203218532567,1.3280563570948818,1.5816940229189993,1.0578138094977056,1.5616910132507105,0.44457017945583033,1.5787439395803222,1.6159884339303232,0.613181185502567,0.6716476747410381,0,-1.3141766127079209,-0.7236994158231292,0.967993330137083,1.4520847474229752,1.0992588456888495,1.2980531871053849,1.1572730085049903,1.1204026047897702,1.0741383584894242,-0.015444344552134266,2024,11,212,5,212
2024-03-17,202412,8304,8304,8304,8304,4209102,1,1343.735,0,4,420910220241220160,2025-03-25,1.2571243,Joinville,617979,22.1682285714286,94.5031285714286,1,1,2,84.5893142857143,69.2264428571429,24.3132142857143,27.8345285714286,7464,NA,NA,NA,NA,4209102,22.16822857142857,27.83452857142857,24.313214285714285,304.0657,69.22644285714286,94.50312857142858,84.58931428571428,1.4181886954210317,1.480632116500847,1.5444873612909267,1.385111682554487,1.1773325580041354,1.1469568231329683,1.332509830495811,1.5807531104654557,1.4276181952863436,1.3036957902652166,1.41086728573037,1.216224694372147,1.560346193075465,0.5894221209246882,1.5772196080374974,1.6412924906220587,0.678420422264358,0.6433393417007512,0,-0.9663350009129457,-0.6144419854046556,1.5930596413392688,0.9726755937395377,1.4549820917527012,1.0951698641255092,-0.12362139270411072,1.1575306924048447,1.1125965379636509,1.0755186769245741,2024,12,213,5,213
2024-03-24,202413,8263,8263,8263,8263,4209102,1,1337.1005,0,4,420910220241320200,2025-04-01,1.1452273,Joinville,617979,18.3938714285714,95.4568428571429,1,1,2,83.4336714285714,67.3775714285714,21.5538714285714,25.0774571428571,7624,NA,NA,NA,NA,4209102,18.39387142857143,25.077457142857146,21.55387142857143,19.3856,67.37757142857143,95.45684285714286,83.43367142857143,1.5363618980409672,0.9688836705328339,1.6649813215877987,1.547987627195506,0.7201731457857892,0.7018498656641713,1.5517575784704145,1.0829773358715167,1.6020905131670662,1.6258523337005146,0.8254838804439931,1.0138401932708143,1.545216732140805,1.2831295844385113,1.611175544792732,1.585589433104572,1.181100688099888,0.9707529760978635,0,-0.9663350009129457,-0.6144419854046556,1.517384932117523,1.599185004812233,0.9749797932799233,1.4501148697211337,-0.034548050080065715,-0.123451125476424,1.149595773948759,1.1139842489459943,2024,13,214,5,214
2024-03-31,202414,8568,8568,8568,8568,4209102,1,1386.4548,0,4,420910220241420160,2025-04-10,1.088618,Joinville,617979,20.4365142857143,97.0234714285714,1,1,2,86.1548857142857,68.8119714285714,23.0693571428571,26.5339571428571,7782,NA,NA,NA,NA,4209102,20.436514285714285,26.533957142857144,23.069357142857143,81.0929,68.81197142857143,97.02347142857144,86.15488571428571,1.3134106838989061,0.3063558137947248,1.3443188097604128,1.3620122498494496,0.12829541483603185,0.47788660425130425,1.5085052325761363,0.8103158989945992,1.545167273788935,1.5669982129470952,0.5823076295233155,0.7979803598763703,1.5429575839828062,1.0701667944101865,1.570579745719519,1.60192426522705,0.893720593615915,0.9526378158928814,0,-0.19708557135081015,-0.4158854714979394,0.6434314023706071,1.5233355842660699,1.6022643476509795,0.9711627056369487,-0.3248033593075479,-0.034371703900684225,-0.12694044477042565,1.1509905970357803,2024,14,215,5,215
2024-04-07,202415,8588,8588,8588,8588,4209102,0.9947546,1389.6913,0,4,420910220241520200,2025-04-15,1.0402291,Joinville,617979,19.7135428571429,97.5980428571429,1,1,2,89.7030285714286,77.2582285714286,21.9161857142857,24.8149285714286,7980,NA,NA,NA,NA,4209102,19.71354285714286,24.81492857142857,21.916185714285714,152.0682,77.25822857142857,97.59804285714286,89.70302857142858,1.3565728267177715,-0.059815234462163344,1.3276080295962913,1.4750625835700655,-0.4261425366648097,0.4465773044002604,1.4152185792933416,0.9693956233832938,1.486672341629895,1.4273476777299292,0.7479585063227587,0.7381986018029789,1.48100882163042,1.217970086391662,1.5288275113467313,1.5158039957885607,1.0146375786435262,0.9783316850536475,0,-0.19708557135081015,-1.2040701964181009,1.1234239795353143,0.6473643450329664,1.5263210830715397,1.5970749059920466,0.35866635548566744,-0.3246468220626013,-0.03817016997287437,-0.12579100132357748,2024,15,216,5,216
2024-04-14,202416,8226,8226,8226,8226,4209102,0.065891236,1331.1132,0,4,420910220241620200,2025-04-23,0.9769083,Joinville,617979,17.9820285714286,96.1947285714286,0,0,2,85.9178428571429,69.5821714285714,20.6179571428571,23.8558714285714,7631,NA,NA,NA,NA,4209102,17.98202857142857,23.85587142857143,20.617957142857144,440.6176,69.58217142857143,96.19472857142856,85.91784285714286,1.1247333673992834,0.5699294109457155,1.1863543269578323,1.0376224291586216,0.5375871278875872,0.4950619621163726,1.3369221352707965,1.3525727633315765,1.4320900279972426,1.2994444981901372,1.113074843604534,0.9912303657384823,1.3643019203191753,1.5284923089365998,1.449695245665547,1.3309743869235795,1.3724664277963547,1.117314365715168,0,-0.3764434131707318,-0.3245360184439425,0.7581854816101838,1.1284650881850864,0.6492660560714082,1.5212977877705944,1.249830347732781,0.3588695372064882,-0.3274378992678606,-0.03700366283620019,2024,16,217,5,217
2024-04-21,202417,7491,7491,7491,7491,4209102,9.332535e-13,1212.1771,0,4,420910220241720200,2025-04-29,0.89411575,Joinville,617979,18.0713285714286,96.9167571428571,1,0,2,86.9533142857143,69.8228571428571,21.1352,25.7507,6940,NA,NA,NA,NA,4209102,18.071328571428573,25.7507,21.1352,78.0141,69.82285714285715,96.91675714285714,86.95331428571428,0.7997256485278795,0.7229248595369544,0.8362558959423716,0.6590353282965559,0.5604732224490895,0.8005243345281677,1.2281729268804527,1.1151475703317304,1.311608209634621,1.1837879260114894,0.8302449297715774,0.9067042750059225,1.398559740315722,1.217392629677762,1.4431644224750866,1.416051420762732,0.9256116015362197,1.1043680306513055,0,-0.607608593336366,-0.3245360184439425,0.3470037252433433,0.7623833587185741,1.1309620369171685,0.6461615550084732,0.29912984091725703,1.25009434835521,0.3537063422149958,-0.3263269960461301,2024,17,218,5,218
2024-04-28,202418,6579,6579,6579,6579,4209102,0,1064.5992,0,4,420910220241820200,2025-05-06,0.81951797,Joinville,617979,20.7484571428571,94.7102714285714,1,0,2,82.9850857142857,65.9582857142857,23.7540857142857,28.1891857142857,5937,NA,NA,NA,NA,4209102,20.74845714285714,28.189185714285713,23.754085714285715,21.8299,65.95828571428571,94.71027142857145,82.98508571428572,0.7629023800255358,1.1282524899623003,0.809281134053078,0.723097410629886,0.7177927199027218,1.0641498259163116,1.091589005301119,0.9449306973900945,1.1291902857286737,1.118422397166391,0.5472294583208713,0.930711602237242,1.3542101538892795,1.213930452072071,1.3929106821437658,1.3985562817143087,0.8153869984607773,1.06270189077832,0,-0.607608593336366,-0.9403268034674239,0.5108275935119094,0.3502523009276533,0.7644273760273875,1.1268036960790018,0.5592024730791417,0.29932895947411114,1.2418381912167418,0.35494817703618287,2024,18,219,5,219
2024-05-05,202419,6164,6164,6164,6164,4209102,0,997.4449,0,4,420910220241920260,2025-05-16,0.83225113,Joinville,617979,19.8013285714286,93.4603428571429,1,0,2,81.9021285714286,62.1374142857143,23.1256571428571,27.7133571428571,5479,NA,NA,NA,NA,4209102,19.80132857142857,27.71335714285714,23.125657142857143,23.0637,62.137414285714286,93.46034285714286,81.90212857142858,0.8231260836658215,0.7632133155145738,0.8353694014201873,0.88059984515009,0.5341984675667852,0.6464414079315697,1.1459470939072247,0.4610107593867002,1.1341109943993377,1.2634830714326413,0.06656998390654673,0.6589236747438428,1.3105624569071177,1.1491989212051976,1.36123215610881,1.3591464309587282,0.8514822856604192,0.8312952535908518,0,-0.09359958190014908,-0.21333799645027818,1.3402948009229092,0.514454391792523,0.35178641268381744,0.7610709285410576,-0.43747171909557164,0.5594193407057114,0.29437239781556873,1.2432507454192818,2024,19,220,5,220
2024-05-12,202420,5174,5174,5174,5174,4209102,0,837.2453,0,4,420910220242020200,2025-05-20,0.7732255,Joinville,617979,17.0473285714286,92.6185,0,0,2,83.1207285714286,71.2718142857143,19.1371428571429,22.4963285714286,4659,NA,NA,NA,NA,4209102,17.047328571428572,22.49632857142857,19.137142857142855,226.5013,71.27181428571429,92.6185,83.12072857142857,0.9295023207837092,-0.13515064938834298,0.8427110575371909,1.1563983446219304,-0.43861174050866775,-0.10072793371440487,1.0799811886816728,0.2832366522964741,1.0638424721224389,1.1768166233030843,0.060656083057098784,0.23601372114125127,1.2947203442233626,0.9833671914324793,1.3253649318826073,1.3734031169546472,0.641207838586223,0.6838242339676974,0,-0.09359958190014908,-0.6265033994650515,1.1412556105692697,1.3458366024570245,0.5161916611518472,0.3493327285115965,-0.7094710296414372,-0.43732287108172957,0.5535601451731131,0.29560282728709686,2024,20,221,5,221
2024-05-19,202421,3146,3146,3146,3146,4209102,0,509.0788,0,4,420910220242120260,2025-05-28,0.5318787,Joinville,617979,15.1377428571429,94.3146285714286,0,0,2,84.1991857142857,70.1381714285714,18.0764857142857,21.9332142857143,2717,NA,NA,NA,NA,4209102,15.137742857142856,21.93321428571429,18.076485714285717,305.4809,70.13817142857143,94.31462857142856,84.19918571428572,0.7992607558624465,-0.4572707483513917,0.764540639623533,1.027031734154504,-0.32990715698744283,-0.7465090070860448,0.8406207563419772,0.17130879929128107,0.8391142274782504,0.9044700923819369,0.14635736524540094,0.03002070405735923,1.169188352966003,0.6298346944127862,1.2111801326922036,1.2413180431044972,0.47512216247656003,0.33191300367035953,0,1.0180115277876105,-0.6265033994650515,-0.12200753537241565,1.146337887370284,1.3486024921971178,0.5133782961913659,-0.4034031838200303,-0.7093407446524138,-0.43972291030181676,0.5548403964947786,2024,21,222,5,222
2024-05-26,202422,2168,2168,2168,2168,4209102,0,350.82098,0,4,420910220242220200,2025-06-03,0.44947115,Joinville,617979,11.4738,93.4448714285714,0,0,2,81.4512571428571,66.8196285714286,14.5011142857143,18.0455714285714,1938,NA,NA,NA,NA,4209102,11.4738,18.045571428571428,14.501114285714284,173.59390000000002,66.81962857142857,93.44487142857145,81.45125714285714,0.5302386785759005,-0.7744405445647734,0.519200293767912,0.6637808187675305,-0.3096211492302624,-1.2163909926317524,0.6798137505906985,0.22965225831537875,0.6962205841356871,0.7440557889619717,0.26202680127261263,-0.09482520480638877,0.9722568919521383,0.3316022200082238,0.9911848279544938,1.0556122203994753,0.2637852756960044,0.1391523498053902,0,1.8142209342905664,-1.3092127228030528,-0.4579444239151811,-0.11984177294700657,1.1488569490670981,1.3439680042088944,-0.13253410904159807,-0.4032520107449056,-0.710796756085426,-0.4386335908433984,2024,22,223,5,223
2024-06-02,202423,2161,2161,2161,2161,4209102,0,349.68826,0,4,420910220242320260,2025-06-10,0.61544716,Joinville,617979,13.3378142857143,95.7044571428571,0,0,2,85.3207857142857,66.6911,17.1881714285714,22.5770142857143,1880,NA,NA,NA,NA,4209102,13.337814285714286,22.577014285714284,17.18817142857143,12.218,66.6911,95.70445714285714,85.32078571428572,-0.28358483099915005,-0.9510786654110774,-0.2564537394652423,-0.301429649690643,-0.25420593757244214,-1.4448918711195153,0.28358693205097385,-0.1288334890350514,0.30289615900026995,0.31099175943772456,0.17854742191357392,-0.48597209821129533,0.7076796659297941,-0.1397835544277105,0.706895443847794,0.7897187827714937,-0.084445044918135,-0.1644109476536775,0,4.026418946706989,-1.19744810472904,-1.5903547991128968,-0.45655424397064986,-0.11888928097902601,1.1446594582859224,-0.822713477438318,-0.13236445007638908,-0.40577029160281347,-0.709759543258816,2024,23,224,5,224
2024-06-09,202424,1869,1869,1869,1869,4209102,0,302.43747,0,4,420910220242420200,2025-06-17,0.73078793,Joinville,617979,15.9950857142857,93.2084571428571,0,0,2,81.5294285714286,60.3309714285714,19.9506714285714,25.6861285714286,1631,NA,NA,NA,NA,4209102,15.995085714285716,25.686128571428572,19.95067142857143,4.5451,60.33097142857143,93.20845714285714,81.52942857142857,-0.8058025314808808,-0.5573807093418047,-0.7970075138368906,-0.7901757470542571,0.03875923371530279,-1.039658675519183,0.06494629713045139,-0.4628249132849485,0.02310036330323496,0.1968169079497379,-0.2642163983733708,-0.6929441458105641,0.4664739546231731,-0.07483846708380568,0.4566679328844443,0.540770509115376,0.06037589578005223,-0.2958923592709603,0,1.0323387072597412,-0.9194194081026075,-0.7392959795998827,-1.5915790318099112,-0.4560183465673729,-0.12031323522419693,0.14917087690398834,-0.8225909208599468,-0.13582283601300826,-0.4046744456696762,2024,24,225,5,225
2024-06-16,202425,1543,1543,1543,1543,4209102,0,249.68486,0,4,420910220242520260,2025-06-24,0.7292478,Joinville,617979,16.5478428571429,93.4343571428571,0,0,2,81.9096714285714,63.4386428571429,19.7424142857143,24.3862142857143,1324,NA,NA,NA,NA,4209102,16.547842857142857,24.386214285714285,19.74241428571429,7.172499999999999,63.43864285714286,93.43435714285714,81.90967142857143,-0.7342505244039728,-0.7406373306739588,-0.88500822410705,-0.4866519471968489,-0.6651290235747506,-0.9331265707199193,0.034088570518743914,-0.7972866912522031,-0.06409567264630923,0.29019373600990794,-0.6518426704065952,-1.0193485475736888,0.32357955814574185,-0.257806822799682,0.2651313971805022,0.4625210750440505,-0.2315760652426426,-0.4006408199292212,0,1.6430347322593928,-0.9194194081026075,0.13565749697740778,-0.7385553601680519,-1.5924474339146988,-0.4567047401252409,-0.803079667535448,0.14935976127324402,-0.8236539018209991,-0.13467509996618135,2024,25,226,5,226
2024-06-23,202426,1083,1083,1083,1083,4209102,0,175.24867,0,4,420910220242620300,2025-07-01,0.59114057,Joinville,617979,14.6580142857143,92.2737857142857,0,0,2,80.4665428571429,64.0993571428571,17.6900714285714,21.8823714285714,947,NA,NA,NA,NA,4209102,14.658014285714286,21.882371428571428,17.69007142857143,215.3175,64.09935714285714,92.27378571428572,80.46654285714285,-0.5877276644592213,-1.0043014119230653,-0.7670793631890569,-0.25323797733973635,-1.0961487861636143,-1.0920824698318659,-0.03031892372250092,-1.1816865331092727,-0.13095311378203192,0.22057983042802942,-0.9193419335759861,-1.3999806220143263,0.26424556793645687,-0.3489356426798433,0.20785394134246069,0.43734449601906644,-0.36085284725368966,-0.5642748204945189,0,1.6430347322593928,-0.9194194081026075,0.06969720334305217,0.13841813448751578,-0.7383683661834425,-1.590647582576203,-0.7075765392122141,-0.802955771016546,0.1449236620697916,-0.8226383827351583,2024,26,227,5,227
2024-06-30,202427,707,707,707,707,4209102,0,114.40518,0,4,420910220242720260,2025-07-09,0.47298923,Joinville,617979,9.65708571428571,91.7440428571429,0,0,2,80.4590714285714,64.1138428571429,13.9058571428571,19.4965857142857,593,NA,NA,NA,NA,4209102,9.657085714285714,19.496585714285715,13.905857142857142,12.6149,64.11384285714286,91.74404285714286,80.45907142857143,-0.3072503806030545,-1.1177026643440464,-0.500778559250977,0.11185077910044956,-1.2711597190702115,-1.3035524512596786,-0.3107410742227049,-1.3736365786254576,-0.39822928250070505,-0.10118387117142645,-0.997231240057189,-1.6662925367207133,0.08804792110670158,-0.6890747316858306,0.028562145060024257,0.26792355500383613,-0.5155222195635982,-0.9485594012787704,0,-0.3740734231532594,-0.6753227342379746,-0.5803315814481573,0.07230555734420024,0.13969015627092307,-0.7384370429800322,-1.0700377677535482,-0.7074461249306834,-0.8040868950257452,0.14612536405481064,2024,27,228,5,228
2024-07-07,202428,384,384,384,384,4209102,0,62.138035,0,4,420910220242820300,2025-07-15,0.34656966,Joinville,617979,11.1704285714286,95.9810857142857,0,0,1,92.1901,85.0827571428571,12.5054142857143,14.6389571428571,309,NA,NA,NA,NA,4209102,11.170428571428571,14.638957142857144,12.505414285714286,475.1366,85.08275714285715,95.98108571428573,92.1901,-0.5959386741041123,-1.6775853601790711,-0.8086036268184424,-0.18126583798818466,-1.4369697085345703,-2.0187082466296746,-0.7370982728316525,-1.4836187786377766,-0.8434045232845626,-0.5203905689241205,-0.9144186709761197,-1.8538869627953807,-0.17432911547096416,-1.2418246696459985,-0.2834635130485136,0.07421785831387763,-0.9469247839514392,-1.4221911468793076,0,2.089879727951622,-1.519037416257677,-1.7788877607781712,-0.5792239585508107,0.07349578191881179,0.13770048981957486,-1.071914317932494,-1.0699320902140619,-0.7089087115700957,-0.8030676147108721,2024,28,229,5,229
2024-07-14,202429,281,281,281,281,4209102,0,45.470802,0,1,420910220242920300,2025-07-23,0.3776484,Joinville,617979,13.0679,97.8909,0,0,1,92.0084571428571,80.1575428571429,15.1923857142857,18.4338285714286,222,NA,NA,NA,NA,4209102,13.0679,18.43382857142857,15.192385714285717,195.3679,80.15754285714286,97.8909,92.00845714285714,-1.2507688921008178,-0.44988560077968476,-1.212097223851988,-1.232453827729293,0.1554570851535356,-1.518038051994221,-1.0437736037118457,-0.7923991499623295,-1.1013094659605438,-0.921261246442828,-0.3357386842740525,-1.4863507877686768,-0.44005416469785896,-0.8667699508707747,-0.4948097100819027,-0.2614823496274089,-0.4381910498683973,-1.4394764286291646,0,2.9848244199335685,1.029334691869482,-2.2224433613591583,-1.7805472623221705,-0.5788398331807836,0.0716509335007516,1.874491922118821,-1.0718087684611541,-1.0701366829607926,-0.7078711358178773,2024,29,230,5,230
2024-07-21,202430,337,337,337,337,4209102,5.0388144e-7,54.532597,0,1,420910220243020300,2025-07-29,0.70795375,Joinville,617979,12.4157857142857,95.8306571428571,0,0,1,82.4733571428571,59.3089571428571,16.8866857142857,22.9578428571429,244,NA,NA,NA,NA,4209102,12.415785714285716,22.957842857142857,16.886685714285715,1.2279,59.30895714285714,95.83065714285716,82.47335714285714,-1.6509560373061767,0.7131065123086312,-1.5031302691697415,-1.7988500689409517,1.2310814715438088,-0.7132933405389471,-1.1771449129059781,-0.19721769338666392,-1.192143528718072,-1.099794377393474,0.0840740529895843,-1.0954584110687322,-0.6347101001333592,-0.5644935710170856,-0.6500530597647426,-0.5279788346666793,-0.09900365715215347,-1.3606610917837751,0,1.444180773463168,1.029334691869482,-1.3714116897238922,-2.2251269063018984,-1.7816494637201463,-0.5792575216362776,1.8288698656650533,1.8747985537622087,-1.0720068482666967,-1.0691685435381826,2024,30,231,5,231
2024-07-28,202431,273,273,273,273,4209102,0.0019765242,44.176258,0,1,420910220243120300,2025-08-05,0.79249007,Joinville,617979,14.2939428571429,95.8988285714286,0,0,1,88.6181857142857,74.1393428571429,16.6836428571429,20.2098714285714,173,NA,NA,NA,NA,4209102,14.293942857142858,20.20987142857143,16.683642857142857,144.0135,74.13934285714286,95.89882857142857,88.61818571428572,-1.7216159530521176,0.9442144150555029,-1.690651339552232,-1.6965141310645733,0.9228870891045338,-0.07100770271959714,-1.0668273841778873,-0.11931862529430415,-1.1508049366636808,-0.8491780493213721,-0.2306238852588181,-0.8346880901408147,-0.8596506933844693,-0.5950927972724958,-0.9085941393286266,-0.7185158007830911,-0.317236555936765,-1.2700136299452023,0,0.8410987435422714,1.029334691869482,-0.8347841149311673,-1.3721304452144953,-2.2267791599824545,-1.7794356819514787,-0.5659992601282412,1.8291733837587614,1.864374384202845,-1.0710390683328996,2024,31,232,5,232
2024-08-04,202432,286,286,286,286,4209102,0.18369159,46.27989,0,1,420910220243220300,2025-08-12,0.9287227,Joinville,617979,14.9690714285714,96.3160857142857,0,0,1,83.4189428571429,61.9933142857143,18.189,22.5679571428571,151,NA,NA,NA,NA,4209102,14.969071428571429,22.567957142857143,18.189,53.0233,61.99331428571429,96.31608571428572,83.41894285714285,-1.4773022927000443,1.8838309028723317,-1.302863749241897,-1.6286417909855695,1.5678859996641816,0.6792469089784371,-1.0901586265402434,0.1319918014034205,-1.10884569209509,-0.9699459383734176,0.08145828915232545,-0.813442971811748,-1.0706578453139777,-0.19350069643506512,-1.0794739658466694,-0.9918091868867652,0.07667023254759267,-1.072722163344746,0,0.8410987435422714,0.530021896063404,-0.8990929126692052,-0.8342639503747028,-1.3727273364716757,-2.2235915370407007,0.9773574145796079,-0.5658591836805082,1.8189075546338254,1.8659066041890813,2024,32,233,5,233
2024-08-11,202433,358,358,358,358,4209102,0.9924406,57.93077,0,1,420910220243320300,2025-08-21,1.209634,Joinville,617979,8.2813,90.2911857142857,0,1,1,73.3309714285714,50.5255428571429,14.0680714285714,21.190342857142895,127,NA,NA,NA,NA,4209102,8.2813,21.190342857142856,14.068071428571429,0.2782,50.52554285714286,90.29118571428572,73.33097142857143,-0.9774157742257576,0.8737305929537759,-0.9851773261675562,-0.8741618207462486,0.08240742121060404,0.7397398711195751,-1.171624742416417,0.2760006087650619,-1.153871837774254,-1.1290301186942873,0.15111063312449768,-0.47377403379951055,-1.1017141135920043,-0.17566873060268018,-1.1439568690706303,-0.9892003174129137,-0.2278528376573708,-0.7735602268287317,0,-0.1983295480115628,0.4849952138033014,-0.422308309725019,-0.8987212187886117,-0.8341953710076284,-1.3714081820609323,-0.32850263891461445,0.9776028198540915,-0.567813142467907,1.8204310348490187,2024,33,234,5,234
2024-08-18,202434,408,408,408,408,4209102,0.9999055,66.02166,0,3,420910220243420350,2025-08-28,1.3233774,Joinville,617979,15.8524571428571,95.1690571428571,0,1,1,83.5967428571429,65.5077285714286,19.0127857142857,23.4972571428571,92,NA,NA,NA,NA,4209102,15.852457142857142,23.497257142857144,19.012785714285712,110.0986,65.50772857142857,95.16905714285714,83.59674285714286,-1.0763022135635085,-1.27719816151087,-1.3854881450244216,-0.6118671030958539,-1.8239920319541703,-0.6325861843108976,-1.4340270639980266,-0.3778226330350604,-1.516645113089466,-1.2920784302677464,-0.38994964158496737,-0.8173278648297381,-1.233009085113221,-0.8255424458663166,-1.3566944231010911,-1.0162573221017395,-0.8715450149878706,-1.0990864078592288,0,0.6456657205631215,1.9108625798013614,-1.7275104021406267,-0.42083585615471136,-0.8987323886140612,-0.8340544004057746,-2.8622328898999814,-0.3283463541328783,0.9702923343042981,-0.5667484449000529,2024,34,235,5,235
2024-08-25,202435,414,414,414,414,4209102,0.99040407,66.99257,0,3,420910220243520300,2025-09-02,1.1849816,Joinville,617979,9.36595714285714,93.6506,0,1,1,79.2142142857143,58.5972285714286,13.9735857142857,19.5875428571429,37,NA,NA,NA,NA,4209102,9.365957142857145,19.587542857142857,13.973585714285717,26.426399999999997,58.59722857142857,93.6506,79.21421428571429,-0.889306049459428,-1.1478272883550822,-1.0980739567251236,-0.5605394105454214,-1.425188898121759,-0.7520552701394965,-1.3728599283316154,-0.13925530797616711,-1.4642275601957355,-1.2096895122579612,-0.3309387277040399,-0.500869913438225,-1.0852300060298785,-0.6972513820785331,-1.2208361026982575,-0.8176949864670399,-0.9146019547735997,-0.9595870758475019,0,1.2640615321353683,1.9108625798013614,-0.161394581338054,-1.729051288014147,-0.4202557664879912,-0.8984502258934585,-0.28384576792573557,-2.8622495235621876,-0.3311245922513979,0.9716526911436277,2024,35,236,5,236
2024-09-01,202436,483,483,483,483,4209102,0.9989237,78.158,0,3,420910220243620350,2025-09-09,1.2310616,Joinville,617979,14.1889857142857,96.4011142857143,0,1,2,86.1030571428571,70.5413571428572,17.7435142857143,22.4217,14,NA,NA,NA,NA,4209102,14.188985714285714,22.4217,17.743514285714287,56.0555,70.54135714285715,96.40111428571429,86.10305714285714,-1.1276628013606322,-2.230803490896476,-1.510209083245127,-0.6197567698657034,-2.4251037933468584,-1.1580314070232618,-1.3697279120210584,-0.23413174994533098,-1.477003598162287,-1.2050490225199153,-0.5620854578381448,-0.292480067261643,-1.190523249124496,-1.0623987887711706,-1.3440724792181298,-0.9265780843343416,-1.1802451705167505,-1.1257592562003427,0,1.3349896496718074,0.6661182745628298,-1.7574364127111868,-0.15931975237028628,-1.7300897764675573,-0.42102040032780297,-1.384576999755634,-0.2836864354649342,-2.856233946148299,-0.33001439769690644,2024,36,237,5,237
2024-09-08,202437,536,536,536,536,4209102,0.9996682,86.73434,0,3,420910220243720300,2025-09-16,1.2455543,Joinville,617979,17.9448571428571,92.8823714285714,0,1,2,76.5899285714286,54.8141714285714,22.5901428571429,28.8870285714286,20,NA,NA,NA,NA,4209102,17.944857142857142,28.887028571428573,22.590142857142855,16.0676,54.81417142857143,92.88237142857145,76.58992857142857,-1.1668444577900543,-1.9216966504079658,-1.5754488674477465,-0.6336737940541435,-1.8751583212732152,-1.1426772871655222,-1.127499052172305,-0.6980540334887014,-1.344535663214824,-0.8079857768202041,-1.1713716771549827,-0.24657025033446733,-1.2628183298119044,-0.7889149473771759,-1.4001110555382312,-1.0454757236382664,-0.8451373399739679,-0.8674497625762588,0,1.3349896496718074,1.287397959114675,-0.5634048796724587,-1.759046389209502,-0.15841610418763755,-1.7279887954100976,0.34564890988485986,-1.3844927884454494,-0.2866196641494693,-2.8556091357259388,2024,37,238,5,238
2024-09-15,202438,527,527,527,527,4209102,0.95099366,85.27798,0,4,420910220243820350,2025-09-23,1.1102494,Joinville,617979,14.3032,97.2201142857143,0,1,2,89.5220285714286,76.6433428571429,16.6806285714286,19.7235428571429,24,NA,NA,NA,NA,4209102,14.3032,19.723542857142856,16.68062857142857,354.1973,76.643342857142855,97.22011428571427,89.52202857142858,-0.41730555211118636,-1.5463899985721703,-0.7672705210375066,0.09870042825077466,-1.599245822508427,-0.6747713190611779,-0.7853997646153187,-1.8731729133142343,-1.1305127340579924,-0.2746800263753086,-2.2332616576559365,-0.7940106994609304,-1.1695414340034054,-1.107013299501401,-1.356765342858827,-0.8815462083164999,-1.1281950021309537,-0.9121094751494897,0,4.020424266074556,0.47954880898096164,0.9716447196941488,-0.5622581778474801,-1.7601219888399584,-0.15975358285455546,-2.0437017949233063,0.3458512032094369,-1.3836057101341201,-0.2855009147235347,2024,38,239,5,239
2024-09-22,202439,597,597,597,597,4209102,0.99327254,96.605225,0,4,420910220243920400,2025-10-02,1.159978,Joinville,617979,17.8833428571429,98.1239714285714,0,1,2,86.2202285714286,65.5385142857143,21.0343857142857,26.2867714285714,16,NA,NA,NA,NA,4209102,17.883342857142857,26.286771428571427,21.034385714285715,63.6403,65.53851428571429,98.12397142857142,86.22022857142858,-0.6224249913672038,-0.8640247371961388,-0.8968373107163999,-0.2603854390688644,-0.8828267827898953,-0.30439961132334314,-0.7949285988830841,-1.3359603748395803,-1.0476844618119152,-0.43968890295510416,-1.5069490374105066,-0.6421407377586483,-1.2026055740183763,-0.5655331639472884,-1.3677743055017935,-0.9601754738030469,-0.7164977404699603,-0.5119150379100778,0,4.020424266074556,1.3270632259644926,-0.9000476130366666,0.9763354133138714,-0.5618530617134178,-1.7579553042242486,1.2043697535315057,-2.043662566631302,0.34073318785586065,-1.3826978266728887,2024,39,240,5,240
2024-09-29,202440,561,561,561,561,4209102,0.70970434,90.779785,0,4,420910220244020350,2025-10-07,1.0338119,Joinville,617979,15.5200714285714,94.1818714285714,0,0,2,81.7451571428571,64.4548571428571,19.0318714285714,23.9211142857143,14,NA,NA,NA,NA,4209102,15.520071428571429,23.921114285714285,19.031871428571428,117.783,64.45485714285714,94.18187142857144,81.74515714285714,-0.0014088042141560666,-0.057201066609315114,-0.1845150674110297,0.37707625511676307,-0.4362533726260583,0.5033839363537739,-0.5937343716287699,-1.518720013577462,-0.8901653613948305,-0.1296550650032253,-1.8673246768453566,-0.3989289465683722,-0.9691117559992373,-0.22104008548752546,-1.1125349839089798,-0.7128620361833956,-0.669739609580069,0.004268205358176702,0,1.988313323175746,1.3270632259644926,0.47889716463430926,-0.899678123286982,0.9786441409340688,-0.5623079133094339,0.37507809643883755,1.2046306516235028,-2.04048786442659,0.3419725289382083,2024,40,241,5,241
2024-10-06,202441,546,546,546,546,4209102,0.31480345,88.352516,0,4,420910220244120400,2025-10-15,0.9714481,Joinville,617979,16.5932571428571,98.3911,0,0,2,89.2496857142857,74.1761,19.1373142857143,22.4952714285714,14,NA,NA,NA,NA,4209102,16.593257142857144,22.495271428571428,19.13731428571429,409.8918,74.1761,98.3911,89.24968571428572,0.11190564181866368,-0.5590637135667674,-0.07319429436661683,0.5197522603711612,-0.8278334303908867,0.10264192399813134,-0.5547569208084451,-1.6462871276848476,-0.8659849902102833,-0.06061912523920176,-1.7641857671726349,-0.6322020946479284,-0.7553386917329594,-0.845603941318934,-0.9775769011809,-0.3747855404704537,-1.3467532906579374,-0.1413014910634574,0,1.988313323175746,1.3270632259644926,-0.15534965389289648,0.48245024465983083,-0.8996904770341668,0.9748190365430587,-0.748896523649618,0.3752823982049776,1.196532274532553,-2.0397062488332756,2024,41,242,5,242
2024-10-13,202442,655,655,655,655,4209102,0.9942984,105.990654,0,4,420910220244220350,2025-10-20,1.1559424,Joinville,617979,17.1488285714286,96.6515285714286,0,1,2,86.6536571428571,72.3710142857143,19.4293,22.6052571428571,22,NA,NA,NA,NA,4209102,17.14882857142857,22.60525714285714,19.4293,107.6169,72.37101428571428,96.65152857142856,86.65365714285714,-0.19177983777595242,0.8988539140871105,-0.18623070910086148,-0.08845214610125962,0.41783240521881987,1.097386129721273,-0.3203366314702969,-0.4330467323363922,-0.5012187307105839,0.005956269000141359,-0.7732248867685302,0.25313192136480006,-0.626123184672005,-1.010566923343083,-0.8681942560861569,-0.22685889502060336,-1.5430659859333262,-0.10083162445098479,0,0.8204444413990634,0.049155343898133225,-0.12195323961691844,-0.1532608689114115,0.48414791716756556,-0.8994062182369401,1.1359671672763254,-0.7487689293160316,0.3700622429974355,1.19793611989521,2024,42,243,5,243
2024-10-20,202443,639,639,639,639,4209102,0.95109415,103.40157,0,4,420910220244320400,2025-10-29,1.0994499,Joinville,617979,19.5502571428571,95.9083428571429,1,1,2,82.9290428571429,62.0115,22.6026428571429,26.8276571428571,9,NA,NA,NA,NA,4209102,19.55025714285714,26.82765714285714,22.602642857142857,75.5724,62.0115,95.90834285714286,82.92904285714286,0.0499731435162451,0.5685277300076228,0.05175364379912181,0.1857559139976099,0.14296858055927184,0.9947131921443232,-0.3010754908774702,-0.20006485767113855,-0.44432809126249195,-0.03955216185326661,-0.48565247936976813,0.41516849819573987,-0.5428402586974994,-0.7606024838778506,-0.7213402704949318,-0.2397008390740818,-1.114365469218821,-0.034417075829900216,0,-0.9445761332864759,-0.018354579075251214,-0.029473994069339402,-0.1197873518380927,-0.15234972442810757,0.4814046565328432,0.48393953511813426,1.1362233971252165,-0.7500881067188833,0.37130722179917697,2024,43,244,5,244
2024-10-27,202444,712,712,712,712,4209102,0.9944106,115.21427,0,4,420910220244420400,2025-11-04,1.1493323,Joinville,617979,17.5283571428571,96.0255571428571,0,1,2,85.5211714285714,70.9176285714286,19.9680142857143,23.0824857142857,31,NA,NA,NA,NA,4209102,17.528357142857143,23.082485714285713,19.96801428571429,90.2181,70.91762857142857,96.02555714285714,85.52117142857144,0.18790554088377717,0.18950958498364806,0.1911602837269395,0.2372236195868601,-0.08394482743175442,0.5946238330689201,0.0979636021684853,0.08305977185351993,0.002605038056535647,0.3298270313554785,-0.3425941403903194,0.6619435232554189,-0.3489643563977461,-1.1007894095347053,-0.5582505361156392,0.00133341290327878,-1.512404801203567,-0.03364729999269704,0,0.2326761931295171,-0.018354579075251214,0.9756037851990244,-0.02709459808365185,-0.11883479253807035,-0.15370047493563962,-0.45154763946270676,0.48415126630600314,1.1283624248350477,-0.7490584465941386,2024,44,245,5,245
2024-11-03,202445,809,809,809,809,4209102,0.99994165,130.9106,0,4,420910220244520400,2025-11-12,1.2231208,Joinville,617979,19.8345428571429,97.4554571428571,1,1,2,91.5169857142857,82.1275571428571,21.3659142857143,23.7368857142857,13,NA,NA,NA,NA,4209102,19.834542857142857,23.736885714285716,21.36591428571429,465.8111,82.12755714285714,97.45545714285714,91.51698571428572,0.2702418013320868,0.6243613540416183,0.35911634832065137,0.15742434356046672,0.33184296675552705,0.9275492363956318,0.2008326002276197,0.03871151348436578,0.14915175432863795,0.36353927461499763,-0.326828327184493,0.6208945069572486,-0.290693026807104,-0.9750849417967575,-0.47884256987625856,0.020073670549813676,-1.2195062092156697,-0.05715320269726604,0,0.15352281612067364,-0.31182301889115005,0.14115041757502927,0.9803036191720422,-0.02602735548341161,-0.12025886599139049,0.1995004550303737,-0.45139975208239935,0.4785532857913014,1.1297531663836928,2024,45,246,5,246
2024-11-10,202446,722,722,722,722,4209102,0.611689,116.83245,0,4,420910220244620400,2025-11-18,1.0150974,Joinville,617979,17.2745285714286,92.3582428571429,0,0,2,82.1071571428571,69.3746571428571,19.8686142857143,23.0083,16,NA,NA,NA,NA,4209102,17.274528571428572,23.0083,19.868614285714287,87.99849999999999,69.37465714285715,92.35824285714286,82.10715714285715,0.46625311374559264,0.8854672030621685,0.630190124787198,0.27556952067415363,0.8434065989439029,0.758594585844073,0.14421980340216592,1.1763730346564132,0.2320797071300261,0.10078712203712888,0.8176054631382853,1.1207403322568643,-0.051653346325538474,0.1123625780068969,-0.12037555166316449,0.11282433961041932,-0.18231890362242725,0.5224891585378373,0,-0.06566372671683744,0.2502084217838781,0.5839006311161676,0.14392373667245223,0.9826172564202886,-0.027654470216905556,1.7054301796108737,0.19969277422160006,-0.4537509380170552,0.47981911906834285,2024,46,247,5,247
2024-11-17,202447,728,728,728,728,4209102,0.3148131,117.80335,0,4,420910220244720450,2025-11-26,0.975201,Joinville,617979,18.7356,98.1999571428571,1,0,2,90.8061428571429,79.0405,20.5440285714286,23.0018,23,NA,NA,NA,NA,4209102,18.7356,23.0018,20.544028571428573,237.191,79.04050000000001,98.19995714285714,90.80614285714286,0.5048919765764549,0.36188508222596527,0.640702611715354,0.3139208591610144,0.6506334611661913,-0.01666980273918337,0.2916438970211392,0.6112506647216032,0.3624750388330997,0.2683702423352818,0.5130467522672919,0.5893297511861157,-0.023620817773482673,0.02329158833945206,-0.07625238113958513,0.09501544940668495,-0.05540518256463323,0.2950735663441688,0,-0.39544622905742133,0.45394220737476715,0.10966792868026543,0.5876961342033186,0.1452025702140896,0.9787834597683972,-0.6579753352470639,1.705725273367214,0.19508199619205902,-0.45266431506841276,2024,47,248,5,248
2024-11-24,202448,669,669,669,669,4209102,0.033961754,108.2561,0,4,420910220244820400,2025-12-03,0.9072081,Joinville,617979,19.4467857142857,97.3639714285714,1,0,2,85.1810571428571,67.494,22.4811142857143,26.3440428571429,11,NA,NA,NA,NA,4209102,19.446785714285713,26.344042857142856,22.481114285714284,84.2029,67.494,97.36397142857145,85.18105714285714,0.3238313609899662,1.2690243594807424,0.57257156505494,-0.050126635262336836,1.7462083898899672,0.39714075316473585,0.2689679932329382,0.9607648504261046,0.399875935491842,0.10077618951850582,1.0787814015532673,0.5976351153190312,0.19159299155875967,0.716440388109355,0.21446321951491606,0.2193701734816019,0.615548935068817,0.6631500892228285,0,-1.323828155765493,0.45394220737476715,0.3235886806859422,0.11236856368828357,0.589524021268916,0.14320084387164445,1.5268923969067447,-0.6578415358526135,1.6958878662608086,0.19629333976326896,2024,48,249,5,249
2024-12-01,202449,676,676,676,676,4209102,0.17748468,109.38883,0,4,420910220244920450,2025-12-10,0.95153666,Joinville,617979,19.5310857142857,96.0096428571429,1,0,2,88.1658428571428,73.8422571428571,21.8408571428571,25.5060428571429,7,NA,NA,NA,NA,4209102,19.531085714285716,25.50604285714286,21.840857142857143,570.7465,73.84225714285714,96.00964285714284,88.16584285714285,0.5448652070037777,1.229856261154339,0.7330127367314901,0.260225179099714,1.525946388121249,0.6388262597763219,0.4284735705657815,1.2226310162205842,0.5721979118334678,0.22439017758532664,1.2061218131637288,0.9454439035333418,0.34677232501632205,0.6613086479981279,0.3775990517367368,0.3622304922328289,0.5155337868062883,0.7410523286036487,0,-0.48667475882496153,0.45394220737476715,0.9371126191990599,0.3267831977093339,0.11360835586767641,0.5865502220075978,0.11407615931261514,1.5271753060686286,-0.6594762733505024,1.697387699260651,2024,49,250,5,250
2024-12-08,202450,589,589,589,589,4209102,0.0048574954,95.310684,0,4,420910220245020400,2025-12-16,0.8647991,Joinville,617979,17.9570571428571,97.6313,0,0,2,89.8814,79.8149142857143,19.8023285714286,22.1051,12,NA,NA,NA,NA,4209102,17.957057142857142,22.1051,19.80232857142857,973.5145,79.81491428571428,97.6313,89.8814,0.5866376976929952,0.8439333568613799,0.7076341428767484,0.42856842900405706,0.9929046970674519,0.3777468900782951,0.5534952585514923,1.1400262333911215,0.7011231120761378,0.37799497957250217,1.1921337616504941,0.6851467026152516,0.32222959078123953,1.3534998605250121,0.4268155906111768,0.23908758646756342,1.140041097453217,0.9940716360312142,0,-0.48667475882496153,0.27773436761224946,0.7343270217162366,0.9417235880458107,0.32828827252246623,0.11167575038375903,0.8637453976270244,0.1142626485871467,1.5179575499002245,-0.6584291955459918,2024,50,251,5,251
2024-12-15,202451,667,667,667,667,4209102,0.6530145,107.93247,0,4,420910220245120450,2025-12-16,1.0218923,Joinville,617979,19.4276285714286,92.5873428571429,1,0,2,78.6605428571429,61.5128285714286,22.7425285714286,26.8194857142857,11,NA,NA,NA,NA,4209102,19.42762857142857,26.819485714285715,22.742528571428572,166.5705,61.51282857142857,92.58734285714286,78.66054285714286,0.5808076923751234,1.7392274430900214,0.7647150711602441,0.3426248914684091,1.6645873546012833,1.329934490409445,0.5707454610195913,1.386027760260502,0.7365918359583505,0.3524777522725552,1.5040339698816534,0.792237338766987,0.4244803770980393,1.3749887674701295,0.540185255836107,0.3258291144125906,1.244132994721411,1.0273395908694627,0,-0.43691569239479955,-0.48424174736634257,0.08867356988870131,0.7384698164441396,0.9439894924874151,0.3258859968646001,1.2946307407238715,0.863983049269022,0.10994835259164844,1.5194231805982723,2024,51,252,5,252
2024-12-22,202452,519,519,519,519,4209102,6.744279e-4,83.98344,0,4,420910220245220400,2025-12-16,0.8272114,Joinville,617979,18.7264285714286,96.5750142857143,1,0,2,86.9974857142857,73.2664428571429,21.2341142857143,24.3095428571429,16,NA,NA,NA,NA,4209102,18.72642857142857,24.30954285714286,21.234114285714284,171.8638,73.26644285714286,96.57501428571427,86.99748571428572,0.7741716295289831,0.3405209640780035,0.8225904992513559,0.7058948377538633,0.5369299832905221,0.3164310172794572,0.5772142869451292,1.060705216329162,0.7312103398150224,0.3520608588957423,1.4831395835505183,0.42924655102941184,0.48043032433329036,0.922951209853509,0.5881004171561024,0.34523173560922654,1.1120088180339522,0.5793855329556494,0,-0.2406783741608505,0.9028704467359597,1.0199091216832898,0.09132573490895886,0.7404842469315797,0.9402402044793143,-1.523639055750809,1.2948977988202528,0.8570668768545585,0.11114333151724398,2024,52,253,5,253
2024-12-29,202501,519,519,519,519,4209102,0.006666801,83.98344,0,4,420910220250120450,2026-01-07,0.86244047,Joinville,617979,20.3910142857143,96.7881857142857,1,0,2,84.6401857142857,66.8639857142857,23.1249285714286,26.8532857142857,17,NA,NA,NA,NA,4209102,20.391014285714284,26.853285714285715,23.124928571428573,404.0758,66.86398571428572,96.78818571428572,84.64018571428572,0.6644946544865162,0.5497037472686033,0.7623459085760261,0.5123030229661355,0.9083049126331961,0.17396428720828924,0.6357633714327305,1.1732221002628027,0.783787130828558,0.41466337586759783,1.5815551539921702,0.48930312468606574,0.5525644383748103,1.2370184699172246,0.6875853235618952,0.3593791550336451,1.4012076255015966,0.773008428223842,0,-0.2406783741608505,0.9028704467359597,0.5421562444327679,1.0247112440442716,0.09253949203218403,0.7371801814928234,0.5702967238502824,-1.5235643349514336,1.2864861529940719,0.8584054691551307,2025,1,254,6,254
2025-01-05,202502,589,589,589,589,4209102,0.79799765,95.310684,0,4,420910220250220500,2026-01-07,1.0504422,Joinville,617979,19.1475857142857,95.9721714285714,1,0,2,87.5151857142857,78.3091857142857,20.9025857142857,22.9371,15,NA,NA,NA,NA,4209102,19.14758571428571,22.9371,20.902585714285713,380.6455,78.30918571428572,95.97217142857144,87.5151857142857,0.7774321605203356,0.14368350220131285,0.8342630753722875,0.6404992331770426,0.4593519956696423,0.3145504471557561,0.7171066113262484,0.6491086950602513,0.8082076130362743,0.5736571807011865,0.9420098743776365,0.41636925492035604,0.6831781092087762,0.961389667267901,0.8054198307847574,0.5181075815519349,1.1612219066919482,0.6433208485875445,0,0.046379964244871584,0.9028704467359597,1.1410248536084144,0.5458553716347725,1.0270798242386372,0.09065298036596842,-0.021771003832963782,0.5705143486216112,-1.5221946140748577,1.2879072895624193,2025,2,255,6,255
2025-01-12,202503,548,548,548,548,4209102,0.43021512,88.676155,0,2,420910220250320500,2026-02-03,0.9894659,Joinville,617979,19.0975714285714,96.5202142857143,1,0,1,85.4080142857143,72.0032857142857,21.8374857142857,24.7856714285714,20,NA,NA,NA,NA,4209102,19.097571428571428,24.78567142857143,21.837485714285712,128.5679,72.00328571428571,96.52021428571427,85.40801428571429,0.874202709997031,-0.12881347218936315,0.9338288354736258,0.7196677708538127,0.3624796912289705,0.014951635637199501,0.7649212235442361,1.0612800930948163,0.8904058289421792,0.5700246691801519,1.3163675795961138,0.811377619560578,0.7314353481346896,1.0129054691099773,0.867436056184984,0.5301940253110309,1.3561144210888845,0.5883558486801996,0,-0.779556194875416,0.3163195606839009,0.4371527779509107,1.146106597657408,0.5476314915822227,1.0231487537369752,0.7003240698060843,-0.021593785663774234,0.5646166482818362,-1.521313370590528,2025,3,256,6,256
2025-01-19,202504,552,552,552,552,4209102,0.46522292,89.323425,0,2,420910220250420500,2026-02-07,0.99476874,Joinville,617979,21.8294857142857,95.3848285714286,1,0,1,84.5307714285714,68.5937714285714,25.1677142857143,28.9716285714286,34,NA,NA,NA,NA,4209102,21.829485714285713,28.97162857142857,25.16771428571429,206.1985,68.59377142857143,95.38482857142856,84.53077142857143,0.7946017774748013,0.6482359946209495,0.9062256421575546,0.5261412048608742,1.0373920076636154,0.725133851859737,0.8247354021543268,0.6498632208151829,0.906290771775315,0.6610349713757956,1.021507546403623,0.6277789496085017,0.7063727477845397,1.161137582497332,0.8533903981654829,0.45582043262596794,1.6840477360152597,0.6378607569134322,0.1677142857142897,-0.779556194875416,-1.165948903887235,0.7332592051914928,0.44060948209128586,1.1486253731930445,0.5447493435196364,0.17107951054195047,0.7005505685000905,-0.025436597020038074,0.5658990249178598,2025,4,257,6,257
2025-01-26,202505,536,536,536,536,4209102,0.29563305,86.73434,0,2,420910220250520500,2026-02-11,0.9679987,Joinville,617979,20.9568142857143,97.5693714285714,1,0,1,89.7452142857143,79.8924714285714,23.0618714285714,25.6124428571429,25,NA,NA,NA,NA,4209102,20.956814285714287,25.61244285714286,23.06187142857143,270.2695,79.89247142857143,97.56937142857144,89.74521428571428,1.1405723861572787,0.36416528149849875,1.165739147739135,0.9697596045288581,0.7367717911325925,0.5102148687098407,0.9489735905947267,0.6003018754119559,1.0108544204530294,0.7950902435618658,1.0675880871924721,0.4114553649172904,0.8766880931449091,1.1019158087379475,0.9868432090356285,0.6703159156536247,1.6077780683038234,0.5860210931379308,0,0.7539131379221867,-1.1388266577661068,1.7880266500307536,0.7373995346355354,0.4422553874808734,1.1444283890465028,-0.049251879206886374,0.17126989010069452,0.6942015823558937,-0.024267642197584628,2025,5,258,6,258
2025-02-02,202506,549,549,549,549,4209102,0.5371848,88.83797,0,2,420910220250620500,2026-02-20,1.0056556,Joinville,617979,21.8577428571429,96.0542428571429,1,0,1,87.5055,75.5182,23.9656571428571,26.6384571428571,22,NA,NA,NA,NA,4209102,21.857742857142856,26.638457142857145,23.965657142857143,325.653,75.51820000000001,96.05424285714284,87.5055,1.13502634230532,0.9520684347719933,1.2130578836496377,0.8516878323093081,1.5749702941455284,0.6512782652456283,1.005437747118583,0.7206732309127992,1.0734218361799936,0.800518603475322,1.3210927145460687,0.5819362751249639,0.9322388992495121,0.9959712947070497,1.021664366835235,0.7386278152053868,1.5344219047121277,0.5952375984320389,0,0.7539131379221867,-0.5860342744262426,1.121053064878681,1.794602136730572,0.7394126409261532,0.43960377804488304,1.2604258595462259,-0.04907653651366985,0.16675775262019804,0.6955088681985881,2025,6,259,6,259
2025-02-09,202507,562,562,562,562,4209102,0.7188342,90.941605,0,2,420910220250720500,2026-02-24,1.0354668,Joinville,617979,21.5457285714286,96.2472285714286,1,0,1,84.1444714285714,65.0807714285714,24.8931285714286,29.2249571428571,24,NA,NA,NA,NA,4209102,21.545728571428572,29.224957142857143,24.89312857142857,325.9198,65.08077142857142,96.24722857142856,84.14447142857144,1.4044316419241833,0.950953012617035,1.4397125498193473,1.2038885924288627,1.3954098986438774,0.6660983960558936,1.197965253854399,0.5395946712017793,1.244601561126798,1.031803323284199,1.1410599252254048,0.40956132342581325,1.0664368855122817,1.3187695977778424,1.1638695623069029,0.870846090209367,1.7360547691614376,0.8942712389751744,0,0.052106546459035764,-0.5860342744262426,1.407304812496844,1.1260886997625936,1.797923257709462,0.7361109199143318,0.6978913718685588,1.2606905832761819,-0.052823970018004346,0.1679636516199231,2025,7,260,6,260
2025-02-16,202508,705,705,705,705,4209102,0.9999883,114.08154,0,2,420910220250820500,2026-02-24,1.2701116,Joinville,617979,22.1251857142857,96.4860714285714,1,1,1,87.4094285714286,74.2844,24.6669,27.8478285714286,31,NA,NA,NA,NA,4209102,22.125185714285713,27.847828571428572,24.6669,314.4779,74.2844,96.48607142857144,87.40942857142858,1.6731835788781122,0.8054414215227241,1.6444557476105615,1.626306571190135,0.9500441640052766,0.6168037259682579,1.2974168462239084,0.9575507666908141,1.3375533654933849,1.154526675500557,1.2905571135406335,0.8095928797215212,1.208890963344999,0.9204295349726836,1.2510605287092607,1.0975071051812075,1.2778924149232096,0.7362811053964602,0,-0.8670098989137689,-0.4902759956220446,1.7010584236659574,1.4130013210393073,1.12858270832885,1.7923057594546736,-0.1462763407535853,0.6981177045392316,1.252397652303434,-0.05166027967894979,2025,8,261,6,261
2025-02-23,202509,796,796,796,796,4209102,0.9999999,128.80696,0,3,420910220250920500,2026-02-24,1.3220985,Joinville,617979,21.7892,98.4964142857143,1,1,1,86.5325857142857,68.4389714285714,24.7246142857143,28.4526714285714,42,NA,NA,NA,NA,4209102,21.7892,28.452671428571428,24.724614285714285,63.0786,68.43897142857143,98.49641428571428,86.53258571428572,1.6291356270615942,1.1369521247048247,1.6691855995171285,1.5193719526310543,1.3161555029879708,0.8156617631782509,1.4561613852125705,0.9889468773245431,1.4867061954033969,1.3350444229985088,1.333209626984866,0.7998712784634981,1.28048602629331,1.053676817479495,1.3341643008236284,1.1522782749388885,1.5007553190477758,0.6652525250304444,0,-1.073134686813369,-0.4902759956220446,1.6294061249971639,1.7074331255307011,1.415850309741005,1.1244295729131997,0.6737617352463366,-0.14610761964879893,0.6917771615577987,1.2538122362774162,2025,9,262,6,262
2025-03-02,202510,748,748,748,748,4209102,0.95883197,121.03971,0,3,420910220251020500,2026-02-24,1.0962486,Joinville,617979,21.6240714285714,97.8891285714286,1,1,1,83.8216142857143,63.8002714285714,24.5717285714286,28.4952142857143,49,NA,NA,NA,NA,4209102,21.62407142857143,28.495214285714287,24.571728571428572,17.7081,63.80027142857143,97.88912857142856,83.82161428571429,1.7753782949404213,0.7669807443270517,1.7387993142395775,1.789632460645217,0.579285020508804,0.9830634600748325,1.5301366905117761,1.1331756186003317,1.548064906031999,1.4166425554945854,1.3992016973037609,0.9865834840578,1.3749430322207963,0.9560148778539023,1.4042277024843959,1.2596009421017458,1.3234179094547485,0.8664506617957015,0,-1.7515845440771909,-1.0454693298523794,1.6476856960139568,1.6356154021364384,1.710646397411617,1.4110686990286083,0.45353081089904934,0.6739864211516461,-0.1495183104329322,0.6930839813710188,2025,10,263,6,263
2025-03-09,202511,768,768,768,768,4209102,0.7361521,124.27607,0,3,420910220251120500,2026-02-24,1.0330145,Joinville,617979,20.3147571428571,95.2726428571429,1,0,1,86.3930142857143,73.6266571428571,22.2697428571429,24.9401142857143,73,NA,NA,NA,NA,4209102,20.314757142857143,24.940114285714284,22.269742857142855,329.7002,73.62665714285714,95.27264285714286,86.39301428571429,1.8286838931323866,0.34273864706456364,1.7192570084453014,1.9663112440837978,-0.17459769482581003,1.314399794545308,1.6998112463445985,0.8516710963243567,1.6567442958771126,1.7002087658609195,0.7912766328990372,1.196110067419697,1.5311639696136738,0.5936650610104125,1.5180055995647923,1.492342901936151,0.7978126703435605,0.8873108934922203,0,-2.2065475598745143,-0.9892523750054156,1.599262931404622,1.6539371754701608,1.6387398181661752,1.705219840809856,-0.22736627200448076,0.45374046679525204,0.6677296248805179,-0.14837320697148432,2025,11,264,6,264
2025-03-16,202512,818,818,818,818,4209102,0.92197275,132.36696,0,2,420910220251220500,2026-02-24,1.0739923,Joinville,617979,18.0369142857143,97.1013714285714,1,0,1,83.7439142857143,65.1154428571429,21.4132571428571,25.0307428571429,73,NA,NA,NA,NA,4209102,18.036914285714285,25.030742857142855,21.413257142857145,59.2386,65.11544285714285,97.10137142857144,83.74391428571428,1.5979501244776333,0.6016843938882628,1.6163089491629639,1.5585891969987538,0.37520899566159943,1.1384129983734113,1.719800394103475,0.9267425982037861,1.7101599081674148,1.7080881964495829,0.8592960698350445,1.0597484487457967,1.5156779488413175,1.0560344809859525,1.545530887287367,1.4238920777434814,1.195392049392767,1.104571454896566,0,-0.6050026767108198,-0.9892523750054156,0.8701659526732027,1.6054026165054354,1.6570842599539746,1.6334705765853463,0.4184755618582863,-0.2272030850108042,0.44824802581509804,0.6690318222037448,2025,12,265,6,265
2025-03-23,202513,770,770,770,770,4209102,0.4689038,124.5997,0,2,420910220251320500,2026-02-24,0.99603635,Joinville,617979,20.4545285714286,98.3324714285714,1,0,1,88.3178428571428,72.8408571428571,22.9604428571429,26.2628,65,NA,NA,NA,NA,4209102,20.454528571428572,26.2628,22.96044285714286,101.9033,72.84085714285715,98.33247142857142,88.31784285714285,1.3117835595698877,0.17955797935627976,1.2744004372169986,1.2905308358087049,-0.21468351524667958,1.2495214151060898,1.5461805943544642,0.8667724992404903,1.543724726884719,1.5070304329633097,0.7135537297008434,1.2473694195075007,1.5215457445955196,0.8614845304075349,1.5241370558695053,1.4501597615324586,0.9278738573099243,1.1471576271515596,0,0.03794022603785656,-1.1873485295968482,0.5988953089254863,0.8746223607572584,1.608489652029959,1.6517748849629053,-0.24688167625552754,0.41868282535335877,-0.23033233703614353,0.44950803372370945,2025,13,266,6,266
2025-03-30,202514,801,801,801,801,4209102,0.6492055,129.61606,0,2,420910220251420500,2026-02-24,1.0194203,Joinville,617979,19.8247,94.4471285714286,1,0,1,85.2468714285714,70.8731571428571,22.4356857142857,25.5367,103,NA,NA,NA,NA,4209102,19.8247,25.5367,22.43568571428571,104.6877,70.87315714285714,94.44712857142856,85.24687142857142,1.156619978381387,0.3851510115997866,1.1627797852978305,1.082154731601804,0.06851547633701656,1.2199172686868283,1.5414901670595988,0.7579857815931268,1.5216821588046383,1.540210626983191,0.4180903349642022,1.330777510480853,1.516158041221206,1.0813930312949305,1.526107738637579,1.4286529783589066,1.1240365169692341,1.2721017232504925,0,-0.07682734485343164,-0.7448086610415725,1.0889280762105558,0.6027254304478611,0.8768052447913075,1.6032865908399767,0.9019222502159415,-0.24671982112159996,0.4133120505976922,-0.22920276789050903,2025,14,267,6,267
2025-04-06,202515,743,743,743,743,4209102,0.14731327,120.23062,0,1,420910220251520500,2026-02-24,0.9477777,Joinville,617979,17.7991857142857,95.7874571428571,0,0,1,86.3156,72.7938714285714,19.9590714285714,22.8529857142857,88,NA,NA,NA,NA,4209102,17.799185714285713,22.852985714285715,19.95907142857143,323.4124,72.79387142857144,95.78745714285714,86.3156,0.9687493134796242,0.5492858752518409,1.0122955480523792,0.8006388064866168,0.523555482344417,0.5983746546873956,1.47073870474616,0.5858450312936889,1.4324630464274943,1.4840007180673134,0.22346254114838784,1.155117263399936,1.5663744875492611,0.9457573331489779,1.5471168303697251,1.5233361047840692,0.8799838952412289,1.1487145161196042,0,-1.2863801687021068,-0.7448086610415725,0.9227242439927721,1.0938895436563003,0.6045719123790059,0.8732029404312057,0.13060630591760855,0.9021625072978599,-0.24978134104919233,0.4145653430078303,2025,15,268,6,268
2025-04-13,202516,727,727,727,727,4209102,0.11953033,117.64154,0,1,420910220251620500,2026-02-24,0.9410084,Joinville,617979,18.0594857142857,97.5867857142857,1,0,1,88.5368142857143,74.035,20.4291,23.2891571428571,76,NA,NA,NA,NA,4209102,18.059485714285714,23.289157142857142,20.4291,81.3435,74.035,97.58678571428572,88.53681428571429,0.7655196000852622,0.5403707238392605,0.8019143884684645,0.602039146698868,0.4699775183083173,0.6913377624349486,1.2425698961814362,0.7513169933551074,1.2680478069637406,1.1589128019719817,0.546642258246653,1.1048634865145455,1.5048473267897393,1.0000271593188907,1.5068313052366042,1.4529434575207139,0.9059311484582889,1.0894290626394716,0,-0.1947584770802591,-0.7448086610415725,0.13831798899668407,0.927301994184118,1.0963437140978172,0.6015651918004756,0.39903191860834886,0.13079392331824113,0.8951138345119996,-0.24865551044973966,2025,16,269,6,269
2025-04-20,202517,908,908,908,908,4209102,0.99984986,146.93056,0,1,420910220251720500,2026-02-24,1.1939963,Joinville,617979,16.7472,93.6847428571429,0,1,1,83.7134142857143,69.0778714285714,19.0083571428571,21.8756714285714,95,NA,NA,NA,NA,4209102,16.7472,21.87567142857143,19.008357142857143,60.8803,69.07787142857143,93.68474285714284,83.7134142857143,0.6789603551814863,1.0923286578447229,0.8038020722219017,0.4363194420849803,1.0438246720480162,0.7789919355946112,1.0465985588134892,0.8372403829681488,1.0896265090962016,0.9263365872964775,0.5361923715027603,1.2251733768022497,1.349634770565148,1.239571751156647,1.3898580298217422,1.2459754006354993,1.0845138536647732,1.2675836245303145,0,-0.1947584770802591,-1.063090467951178,0.2871879012725511,0.14108476882420656,0.9295500556346421,1.0922611101704607,0.9569198814643378,0.39923785514111587,0.12642225615629316,0.896459740313468,2025,17,270,6,270
2025-04-27,202518,887,887,887,887,4209102,0.99407315,143.53238,0,3,420910220251820500,2026-02-24,1.1311113,Joinville,617979,15.7779285714286,96.5255714285714,0,1,1,84.7086571428571,65.9281,18.6841428571429,22.2872,109,NA,NA,NA,NA,4209102,15.777928571428571,22.2872,18.684142857142856,33.8131,65.9281,96.52557142857142,84.70865714285715,0.33136387863665523,0.562075391229225,0.4937524051931074,0.018864449777312862,0.8017298452397971,-0.060276328625488915,0.7822579676990448,0.6223780142387552,0.8683607531751737,0.5907884373829512,0.5629623500138767,0.6992497386837543,1.2168625557268644,0.8788953628672092,1.259244668751929,1.109873999807156,0.7295755344279811,0.9532885423138092,0,0.124997144417176,-0.6829682400971651,-0.16279722168835173,0.29029837927621566,0.1423600898776627,0.925832357786087,-0.25454216312369565,0.957163891946924,0.39393456342234773,0.12762040174529365,2025,18,271,6,271
2025-05-04,202519,923,923,923,923,4209102,0.9657831,149.35782,0,3,420910220251920500,2026-02-24,1.0905223,Joinville,617979,17.1591285714286,97.5161571428571,0,1,1,85.2466285714286,64.8524142857143,20.3682142857143,24.9773714285714,69,NA,NA,NA,NA,4209102,17.15912857142857,24.977371428571427,20.368214285714284,86.1287,64.85241428571429,97.51615714285714,85.24662857142857,0.0014056811117141126,0.5000937840195868,0.15531460293304872,-0.29034007327637246,0.48358546642596717,0.315040582030243,0.5099945181976535,0.6899837396368704,0.6118055729871451,0.27406535570313195,0.6521185953300093,0.5502106897795312,1.0438673964682241,0.7116558687978736,1.070603875406021,0.9513916832332472,0.41482566154199146,0.9914224975644308,0,-1.1379179886031525,-0.6829682400971651,-0.26548406926907164,-0.1607256310171801,0.2917583135663159,0.1403645822270023,-0.004573479917674648,-0.2543808307918574,0.9499243389267806,0.39518413103348615,2025,19,272,6,272
2025-05-11,202520,900,900,900,900,4209102,0.6103324,145.63602,0,3,420910220252020500,2026-02-24,1.013337,Joinville,617979,15.5428857142857,97.1207571428571,0,0,1,86.7557142857143,69.1532428571429,18.0852714285714,21.4685285714286,82,NA,NA,NA,NA,4209102,15.542885714285717,21.46852857142857,18.085271428571428,50.5507,69.15324285714286,97.12075714285714,86.75571428571429,0.03739088634961337,0.37698934594970046,0.10178562642105074,-0.08819522897177931,-0.027334807415633974,0.6272023242791736,0.42206089764306876,0.6026122702921354,0.4733223240257928,0.27596615627433063,0.28447687872801286,0.7954305084702721,0.8956545497083147,0.7775602518366237,0.934499108845057,0.7966853071802279,0.40733091365751783,1.094088171347851,0,-1.1379179886031525,-0.6829682400971651,0.26790385877909334,-0.26364955324708683,-0.1598237222456115,0.28943595703849523,0.13054530906666917,-0.004395088076159905,-0.2574157634738735,0.951280780568638,2025,20,273,6,273
2025-05-18,202521,862,862,862,862,4209102,0.18565592,139.48694,0,1,420910220252120500,2026-02-24,0.9582974,Joinville,617979,16.6121142857143,96.3665571428571,0,0,1,90.0034857142857,78.6546714285714,18.5573,21.4470428571429,91,NA,NA,NA,NA,4209102,16.612114285714288,21.447042857142858,18.5573,129.9085,78.65467142857143,96.36655714285716,90.00348571428572,-0.16875508617034862,0.1718750568434992,-0.10868155419466408,-0.26143621653493804,-0.3414067278943777,0.5430487459862797,0.2681626931100575,0.8321557721809558,0.36387307429437926,0.09422761086351118,0.45366113171310957,0.7975493990753378,0.6800743540861572,0.7384708742802293,0.7302674932579877,0.5643372273202363,0.23892484297292307,1.1454389234429698,0,-0.7340652552640511,-1.1244776120313102,-0.4551617664460416,0.2709698154276209,-0.2628749861995969,-0.16115812136867436,0.5095725647135513,0.1307329223044748,-0.008297586864764428,-0.2562914003861138,2025,21,274,6,274
2025-05-25,202522,809,809,809,809,4209102,0.029602828,130.9106,0,1,420910220252220500,2026-02-24,0.912416,Joinville,617979,13.9685,88.0160571428571,0,0,1,77.9657571428571,60.4939571428571,17.1107857142857,21.2920857142857,60,NA,NA,NA,NA,4209102,13.9685,21.292085714285715,17.110785714285715,19.2897,60.49395714285714,88.01605714285714,77.96575714285714,-0.2084267645984724,0.8962496172267843,-0.11997898303801469,-0.30222215067734615,0.2747246936454609,1.0273200595841585,0.06454529862791843,0.9606265751434526,0.1952505630904261,-0.1514647108209289,0.697260573716843,0.5826717191006321,0.4780649569060575,0.9460161635991472,0.5696360149811989,0.309176888915751,0.5742070899193983,0.9731177829490932,0,-0.7340652552640511,-0.5661077985255284,-0.30565840368939273,-0.45376516213890855,0.27240583562087056,-0.263983932910431,1.3252942164968875,0.5097860452682241,0.12636146684424804,-0.007125337530112148,2025,22,275,6,275
2025-06-01,202523,631,631,631,631,4209102,1.13116725e-8,102.10703,0,1,420910220252320500,2026-02-24,0.74641709999999994,Joinville,617979,15.0426428571429,95.9580714285714,0,0,1,90.6719142857143,81.8552,16.8281714285714,19.1734428571429,37,NA,NA,NA,NA,4209102,15.042642857142855,19.173442857142856,16.82817142857143,160.7113,81.8552,95.95807142857144,90.6719142857143,-0.34680772056481474,0.11972660335096406,-0.27130431481664224,-0.396911745414442,-0.074885422825802,-0.5092940464612746,-0.18169750998753753,0.40569846876335847,-0.06174596999658902,-0.36801822620301045,0.2623709807248838,-0.12025501497155143,0.23368296190090862,0.5958604215943285,0.3321035839009778,0.0468231678874126,0.4656928928672636,0.17431353710812403,0,-0.002542635120302169,1.105361262175588,-0.7638059885597752,-0.30391663874959035,-0.45322581396848866,0.270125817854051,-1.6981438701927236,1.325563367270859,0.5040991002184416,0.12755960074814374,2025,23,276,6,276
2025-06-08,202524,457,457,457,457,4209102,0,73.95073,0,1,420910220252420500,2026-02-24,0.60014474,Joinville,617979,12.0957571428571,95.8832571428571,0,0,1,87.4381285714286,73.7136857142857,14.2102142857143,16.9020571428571,33,NA,NA,NA,NA,4209102,12.095757142857144,16.902057142857142,14.210214285714285,136.70239999999998,73.71368571428572,95.88325714285716,87.43812857142858,-0.6581639291390888,0.7445110750166537,-0.4483093140613196,-0.9491816225543804,1.0190029879460707,-0.7906469423625853,-0.32648175185013256,0.7377137541313009,-0.18271553346632946,-0.5557426899770448,0.6420416195404912,-0.10160659161390756,0.05544515641977245,0.8517207282775205,0.16852361669633872,-0.16321163743794528,0.7357560640878562,0.2297697603350161,0,-1.1498001105006994,1.2710552034221603,-0.8533170661402716,-0.7631219557494312,-0.30319189180203854,-0.45391831694400464,1.493179078586684,-1.698081058751482,1.3170452977441185,0.5053698439889419,2025,24,277,6,277
2025-06-15,202525,410,410,410,410,4209102,3.1084024e-12,66.3453,0,1,420910220252520500,2026-02-24,0.649909,Joinville,617979,14.6266142857143,95.6049,0,0,1,86.4961714285714,68.5011428571429,17.6259142857143,22.0548571428571,18,NA,NA,NA,NA,4209102,14.626614285714286,22.05485714285714,17.625914285714288,62.5151,68.50114285714285,95.6049,86.49617142857143,-0.9989855374352204,0.8230989819787579,-0.7365980495172733,-1.383701893399037,1.3124028856595669,-1.0141097502720182,-0.6140657223931022,0.6539777270603185,-0.44443090642646016,-0.8816024418871384,0.6285785165135933,-0.28780507944176836,-0.1804893651602855,1.0726192769924554,-0.01581500684594427,-0.45927617704254675,1.017952896897585,0.1312153367812393,0,0.8154363629458559,1.2710552034221603,-1.6824901715423386,-0.8528396888833474,-0.7629653565706969,-0.3042126344164558,0.6809701278075336,1.4934596869296304,-1.6961056841565898,1.3184723084833925,2025,25,278,6,278
2025-06-22,202526,303,303,303,303,4209102,2.0401458e-12,49.030792,0,1,420910220252620500,2026-02-24,0.6082039,Joinville,617979,10.8328714285714,89.7569,0,0,1,80.3809714285714,68.4511857142857,13.7255571428571,17.3333571428571,20,NA,NA,NA,NA,4209102,10.832871428571428,17.333357142857142,13.725557142857143,140.8923,68.45118571428571,89.7569,80.38097142857143,-1.0809033944846385,0.4191911293111251,-0.9026485093092566,-1.3258656335684473,0.6591671500944901,-1.1516467553687049,-0.6779949251749819,0.866064791100952,-0.5374917951743307,-0.8724606698148398,0.6044135275264445,-0.07792873079206696,-0.35522099890408126,0.9636909518644295,-0.19663999964092269,-0.612538673400724,0.8755222111080662,-0.08946529474667535,0,0.11626785991844148,1.2710552034221603,-0.6006517679423189,-1.683927118541243,-0.8527940921865452,-0.7629802208219223,0.44438487130796367,0.6811953056610386,1.484358939547847,-1.6952578703824188,2025,26,279,6,279
2025-06-29,202527,224,224,224,224,4209102,1.2363444e-12,36.247185,0,1,420910220252720500,2026-02-24,0.56376535,Joinville,617979,10.9292,93.4109,0,0,1,86.2858285714286,76.0213285714286,12.7244,15.3596857142857,11,NA,NA,NA,NA,4209102,10.9292,15.359685714285714,12.7244,97.3186,76.02132857142857,93.4109,86.28582857142858,-1.3786432738283576,0.6973310210934127,-1.164886014231238,-1.7025564413319716,1.171102091957292,-0.837292304470734,-0.9072980243967874,0.5362314243663179,-0.7545032602252968,-1.1251979064997455,0.7101310895128772,-0.817755702726409,-0.6405198730268349,0.6727305026158472,-0.4756330075902448,-0.9113223896846934,0.7960324039865162,-0.46893935445818774,0,0.48008813744207,0.6723579138976575,-1.8359933216204825,-0.5995910585611431,-1.6849097775099835,-0.8526124318697547,-1.0915301875850902,0.4445939030249974,0.6749134912276795,1.4858181118197273,2025,27,280,6,280
2025-07-06,202528,257,257,257,257,4209102,0.0069741625,41.587173,0,1,420910220252820500,2026-02-24,0.8139491,Joinville,617979,9.99965714285714,97.9822714285714,0,0,1,86.6632428571429,67.5621,13.7945714285714,18.3967428571429,9,NA,NA,NA,NA,4209102,9.999657142857142,18.396742857142858,13.794571428571428,2.0327,67.5621,97.98227142857144,86.66324285714286,-1.7395809134044742,0.1922224627617173,-1.5088996519832496,-2.0654525663972816,0.7957751041987163,-1.2972503486366072,-1.2607758921969783,0.6154337642171872,-1.0279006927304852,-1.6158770380001741,1.1781097957596347,-1.2664670921124368,-0.8774903834266534,0.6709502958232796,-0.688790761185288,-1.1842447897622694,0.9019584866612822,-0.6612203431993641,0,1.2316323474619222,-0.12925159690123159,-2.1530850583600465,-1.837784663620414,-0.5992321322077645,-1.682907639876259,0.3915544222930025,-1.0914259768299202,0.43913320484998347,0.6762170694553521,2025,28,281,6,281
2025-07-13,202529,244,244,244,244,4209102,0.20796059,39.483543,0,1,420910220252920500,2026-02-24,0.9302759,Joinville,617979,11.7082571428571,94.4921571428571,0,0,1,82.8887285714286,63.9307571428571,15.6959714285714,20.648,9,NA,NA,NA,NA,4209102,11.708257142857144,20.648,15.69597142857143,1.9843,63.93075714285714,94.49215714285714,82.88872857142857,-1.7761378109741908,0.10298540003403599,-1.6841997621670701,-1.9232265059569462,0.4000077026797327,-0.9182187315636896,-1.4591935186174443,0.6083860799290777,-1.2711626245234617,-1.772594692456519,1.1114407394224504,-1.1723021570872627,-1.094803310123597,0.5589185679709928,-0.9388662379179914,-1.362437234884041,0.6895160249347373,-0.6292226340744556,0,1.2316323474619222,-0.3213347505899795,-1.8141347553872835,-2.1556084747591697,-1.8389576814933666,-0.5996052070134097,0.48634711670527503,0.39175984851216095,-1.091555975852528,0.44039146068023166,2025,29,282,6,282
2025-07-20,202530,230,230,230,230,4209102,0.22562945,37.218094,0,1,420910220253020500,2026-02-24,0.93334,Joinville,617979,11.9466857142857,96.1402714285714,0,0,1,87.8633285714286,72.1998,14.6636428571429,18.9360142857143,4,NA,NA,NA,NA,4209102,11.946685714285714,18.93601428571429,14.663642857142856,34.3572,72.1998,96.14027142857142,87.86332857142857,-1.9458814313240265,-0.3124534170644424,-1.9282665188573986,-2.057095283264783,0.1059681229528683,-1.1191533928471764,-1.591511793852702,0.06613683706436196,-1.486366047300737,-1.8133605967314006,0.4945071519626468,-1.3771771744119599,-1.2032999766419208,0.509605814746011,-1.0952115033366454,-1.4071517175275199,0.520586236177767,-0.563896867493363,0,-0.2171286091003688,-0.3213347505899795,-1.2119133833097953,-1.8158756321909064,-2.1571747173673135,-1.836618522553748,-0.46167311671890315,0.486559012202372,0.38648250893380554,-1.0905919537109678,2025,30,283,6,283
2025-07-27,202531,161,161,161,161,4209102,6.0993716e-5,26.052666,0,1,420910220253120500,2026-02-24,0.67827576,Joinville,617979,10.5536,91.3847857142857,0,0,1,77.3228142857143,57.3065,14.4368142857143,19.7689,4,NA,NA,NA,NA,4209102,10.5536,19.7689,14.436814285714286,49.3721,57.3065,91.38478571428573,77.32281428571429,-1.8633742914095046,0.5492266492967148,-1.835116494044638,-1.9045952563450326,0.34713835190843456,0.033530327037648223,-1.7046766101358457,0.8204774990967152,-1.5750923991969104,-1.9335636389879403,0.9849832229286821,-0.48918712824506205,-1.3349908138097117,0.698241959362382,-1.2140849850103312,-1.529209242015868,0.7264252553516097,-0.5950704772610304,0,-0.2171286091003688,-0.6454879093821888,-1.538877898256944,-1.2122639026929527,-1.817021543306026,-2.1541393729021867,0.7877648496549483,-0.46152592036786794,0.4809526756962034,0.3877306440885654,2025,31,284,6,284
2025-08-03,202532,178,178,178,178,4209102,0.03326932,28.803568,0,1,420910220253220500,2026-02-24,0.83070886,Joinville,617979,12.1697571428571,95.5789,0,0,1,85.9496142857143,71.2249714285714,14.8723571428571,18.2283142857143,3,NA,NA,NA,NA,4209102,12.169757142857142,18.228314285714287,14.872357142857142,124.3313,71.22497142857142,95.5789,85.94961428571429,-1.7127628889422633,-0.48296823221641216,-1.866528507491059,-1.4850387091052164,-0.8568957650814364,-0.33233729916934096,-1.8152616914068138,-0.19692045596805163,-1.7720918956561749,-1.9031843562391941,-0.04360993950018671,-0.9890548138751594,-1.5292728761345569,0.22443103757324,-1.419037322635386,-1.718913180603834,0.4787661525020956,-1.091143615737194,0,-1.0204801574659335,0.7342231234205775,-1.6107202320699712,-1.5399832854688826,-1.2126630004663042,-1.8147303755804842,-1.859627650983775,0.7879973158838105,-0.4638419638168018,0.4822189701912055,2025,32,285,6,285
2025-08-10,202533,205,205,205,205,4209102,0.799474,33.17265,0,1,420910220253320500,2026-02-24,1.0883119,Joinville,617979,9.2525,95.6696571428571,0,0,1,83.2045571428571,64.8584714285714,13.1652,17.6799285714286,5,NA,NA,NA,NA,4209102,9.2525,17.679928571428572,13.1652,28.4438,64.85847142857143,95.66965714285716,83.20455714285714,-1.6179687615269935,-0.5651508256218606,-1.6850396619636945,-1.501065444325154,-0.6212418744077929,-0.7663285136161214,-1.784641789277662,-0.31036715951888866,-1.7688444410869255,-1.8355208119796054,-0.1478873349437251,-1.0223215525199278,-1.6345113718525206,0.17622963225473667,-1.52369671186495,-1.836928882580639,0.5467608871254468,-1.2158912225083052,0,-1.5025961810652326,0.7342231234205775,-1.4727728159412659,-1.611991482744337,-1.5407878511870279,-1.2116940299279324,0.30710966424035474,-1.8595758602595516,0.7813448490957283,-0.46275728059555876,2025,33,286,6,286
2025-08-17,202534,204,204,204,204,4209102,0.84383434,33.01083,0,1,420910220253420500,2026-02-24,1.107966,Joinville,617979,15.1245285714286,96.1686142857143,0,0,1,83.4387857142857,61.4048142857143,18.5938714285714,23.9041714285714,2,NA,NA,NA,NA,4209102,15.124528571428572,23.90417142857143,18.59387142857143,17.5263,61.40481428571429,96.16861428571428,83.43878571428571,-1.8405568568033503,-0.5287795085099675,-1.890418459601002,-1.7834907745177058,-0.5615566014940901,-0.5537002660901666,-1.9909214967173092,-0.5612366296065809,-2.004684873422223,-2.058722756353436,-0.30051565841517686,-1.0152434897986524,-1.811128748569956,-0.23031783307580853,-1.7520463640638928,-1.974135436732169,0.09396558819116634,-1.2722755688542264,0,-1.1662935251924216,0.7342231234205775,-2.0134725723961475,-1.4737255853684668,-1.6128851399758077,-1.5391010191080134,-0.3823485060952411,0.3073093273929216,-1.857040024037302,0.7826688858798553,2025,34,287,6,287
2025-08-24,202535,188,188,188,188,4209102,0.37714857,30.421745,0,1,420910220253520500,2026-02-24,0.96851707,Joinville,617979,13.2608571428571,96.3035,0,0,1,90.4349571428571,80.479,14.7255285714286,17.3670571428571,2,NA,NA,NA,NA,4209102,13.260857142857144,17.367057142857142,14.72552857142857,226.0932,80.479,96.3035,90.43495714285714,-1.494882774253421,-1.0383168521531019,-1.6246505081654743,-1.3107483034258756,-1.256061017754746,-0.54858222613758,-1.7657928777879326,-0.32818616169087894,-1.8163475545273067,-1.723490191810817,-0.5957593768753289,-0.31443252342718553,-1.7625505122048573,0.09694636304273485,-1.7161778100922311,-1.8789975532427576,0.12386018469501328,-0.6126736093941076,0,1.627356336759198,0.25984055514978177,-0.2940753091837028,-2.015673663376663,-1.4744481743257047,-1.611040575647339,-0.323518837387733,-0.38219589611020516,0.302325070168027,-1.8562231455470908,2025,35,288,6,288
2025-08-31,202536,216,216,216,216,4209102,0.8053153,34.952644,0,1,420910220253620500,2026-02-24,1.088184,Joinville,617979,15.5060714285714,97.7080285714286,0,0,1,89.6006428571429,75.0195285714286,17.4888428571429,20.796,3,NA,NA,NA,NA,4209102,15.506071428571428,20.796,17.488842857142856,113.1256,75.01952857142857,97.70802857142856,89.60064285714286,-1.4694895829874313,0.47169822886528356,-1.3982383735159858,-1.5392944413217848,0.23476111131047728,0.3396195561573609,-1.6732533897545028,-0.011961478088819375,-1.7140238971962967,-1.621077272691703,-0.40898246600904214,0.0017334364071135407,-1.8314222441093522,0.08277731790445478,-1.771461977489422,-1.9447900778458977,0.07869290019686512,-0.5847258920613522,0,1.627356336759198,-0.0863071552364076,-1.5192771305230959,-0.2923068021816876,-2.0170667728612917,-1.4729064781683763,1.4336640923186028,-0.3233622124785485,-0.38478725142106013,0.3035570283262086,2025,36,289,6,289
2025-09-07,202537,217,217,217,217,4209102,0.7945315,35.11446,0,1,420910220253720500,2026-02-24,1.0837872,Joinville,617979,12.8079857142857,95.4902,0,0,1,83.8820714285714,67.1338285714286,15.9220285714286,20.1347285714286,1,NA,NA,NA,NA,4209102,12.807985714285715,20.13472857142857,15.922028571428571,48.3956,67.13382857142857,95.4902,83.88207142857142,-1.2393626877310673,0.8921564456610837,-1.1192172095001616,-1.2949676105362866,0.4788871123278032,0.7240890906799019,-1.5024167970749664,0.2119116484296176,-1.472377542705435,-1.4986709635154023,-0.09651540918431885,-0.02824176104717787,-1.724031287428922,0.21208661897473174,-1.6656488124512006,-1.8029641493048858,0.12155104279128782,-0.4370884344193509,0,1.627356336759198,-0.0863071552364076,-0.644065749107202,-1.5203372651516338,-0.2915676910652157,-2.0143379522838814,1.2241147929860918,1.4339406389668157,-0.3261577478729958,-0.38368737206468423,2025,37,290,6,290
2025-09-14,202538,220,220,220,220,4209102,0.7193522,35.599915,0,1,420910220253820500,2026-02-24,1.0577205,Joinville,617979,14.9516142857143,97.5312,0,0,1,84.8035142857143,64.9300428571429,18.2223,22.973,3,NA,NA,NA,NA,4209102,14.951614285714284,22.973,18.2223,58.7005,64.93004285714287,97.5312,84.80351428571429,-0.9968922639741058,0.9701800608840306,-0.8218663972911616,-1.0613823625928538,0.6252741133030105,0.6916834365043277,-1.4919630898194822,0.2876189988528883,-1.4241164808916518,-1.5248572609550588,0.03769362714753798,0.08084597243976895,-1.7798417926279084,0.055774382722302465,-1.722076117693389,-1.872899437918955,0.07667539002189838,-0.4463685097901003,0,0.45605579522870954,-0.14436908857000028,-1.1403153803964974,-0.6431052702287339,-1.5211175240026846,-0.2926138647514684,-0.21218164417024518,1.2243770386096569,1.4250464501997275,-0.325046598576705,2025,38,291,6,291
2025-09-21,202539,237,237,237,237,4209102,0.8389793,38.35082,0,1,420910220253920500,2026-02-24,1.0974882,Joinville,617979,13.6368142857143,93.1749,0,0,1,80.2747142857143,61.8696714285714,16.9497714285714,20.7100285714286,7,NA,NA,NA,NA,4209102,13.636814285714284,20.710028571428573,16.949771428571427,302.875,61.86967142857143,93.1749,80.27471428571428,-1.0295729618874356,1.1273443586502931,-0.8363274885263464,-1.1499875072159185,0.8520726358749714,0.9377337231561099,-1.3273977966202486,0.05441610149174075,-1.2922466292760548,-1.3188966272837939,-0.266909976695491,0.23287676371636326,-1.6325516965240832,0.32022393091182616,-1.594282260242045,-1.6674912914211792,-0.03888954326337929,0.1826296589530132,0,0.17712620086481165,-0.2542533159023579,-0.4117613592200328,-1.1405006004076021,-0.6428001814537881,-1.5194737260655418,0.019251172449843392,-0.21201742087753248,1.216210132426245,1.4264942212461038,2025,39,292,6,292
2025-09-28,202540,219,219,219,219,4209102,0.44373184,35.4381,0,1,420910220254020500,2026-02-24,0.98662484,Joinville,617979,16.2923428571429,97.8504142857143,0,0,1,89.5773571428571,74.0493857142857,18.758,22.5269,3,NA,NA,NA,NA,4209102,16.292342857142856,22.5269,18.758,221.4788,74.04938571428572,97.85041428571428,89.57735714285714,-0.833944871806247,-0.042725256076134095,-0.8048856066661055,-0.8318887578226188,-0.34517405055642264,0.37278362955976335,-1.2111894875839448,0.27939434148962106,-1.1569412465717535,-1.2708817343274885,-0.0757126045161305,0.42853921319293603,-1.4941503283426538,-0.039215538262637954,-1.5102720449741205,-1.4726200846352042,-0.5033510490704466,0.16353551956768347,0,-0.721057120009786,0.4331445900005182,-0.8148032769088521,-0.41026455574854637,-1.1408109096618162,-0.6430779394101125,-1.1182181038967793,0.019431190242586868,-0.2151993741784123,1.2176177603260667,2025,40,293,6,293
2025-10-05,202541,211,211,211,211,4209102,0.2530816,34.143555,0,1,420910220254120500,2026-02-24,0.93833935,Joinville,617979,15.4303285714286,95.7930142857143,0,0,1,86.4513714285714,72.3381,17.8088714285714,21.2130571428571,7,NA,NA,NA,NA,4209102,15.430328571428571,21.213057142857146,17.80887142857143,258.8347,72.3381,95.79301428571428,86.45137142857143,-0.7223191169689486,-0.045406875711213414,-0.7391285015361203,-0.6671858469275193,-0.4075890010271572,0.3984950732126809,-1.0315031816590547,0.555881757447096,-0.9760235463693214,-1.0515746819216374,0.042630656925499257,0.6768194781518545,-1.331574015994945,0.13503629628660524,-1.3150264059406158,-1.3221907143809615,-0.29043644401455515,0.1528673048868873,0,-0.31892021654758745,0.42737239243197844,-0.24209164794312663,-0.8142369822950706,-0.409671386832704,-1.1399991349362275,1.218266271395871,-1.118115714500832,0.015446003252283593,-0.2140668961290379,2025,41,294,6,294
2025-10-12,202542,242,242,242,242,4209102,0.82726794,39.159910000000004,0,1,420910220254220500,2026-02-24,1.0915358,Joinville,617979,16.4150857142857,95.4639714285714,0,0,1,82.9521857142857,63.5492857142857,19.9967571428571,24.5936428571429,6,NA,NA,NA,NA,4209102,16.415085714285716,24.593642857142857,19.996757142857145,193.8038,63.54928571428571,95.46397142857144,82.95218571428572,-0.5563662565423928,0.25047777029438323,-0.5198178809565214,-0.5645780390728544,-0.07276785478155769,0.4531760676052447,-0.8167628682524598,0.8033368079569294,-0.7049124974189694,-0.8713200437052051,0.35602789613079333,0.6903026177058326,-1.2623663130097869,0.3480674243875835,-1.1995402291957684,-1.3016100954801368,-0.014505004760046519,0.25811623542128503,0,-1.0904216728231557,0.42737239243197844,-0.5427046228898289,-0.2402031254908137,-0.8141436247366091,-0.4104591768555034,0.4331327463343895,1.2185281178777942,-1.1181530877938863,0.016622816651404942,2025,42,295,6,295
2025-10-19,202543,238,238,238,238,4209102,0.76697874,38.512634,0,1,420910220254320500,2026-02-24,1.0702622,Joinville,617979,13.7072,92.7586714285714,0,0,1,78.4576428571429,60.1231857142857,16.7352428571429,20.5084428571429,8,NA,NA,NA,NA,4209102,13.7072,20.508442857142857,16.735242857142858,75.6032,60.12318571428571,92.75867142857145,78.45764285714286,-0.40029801935628995,0.037275847982008385,-0.3974254842772384,-0.4103665906397974,-0.16160001805424254,0.07988418787833193,-0.751888313152418,0.7662507238812553,-0.6482770151156041,-0.8361443006193936,0.4458814789458791,0.6132839890433998,-1.0876810039693139,0.05440164168792513,-1.060897421804847,-1.0955468698703572,-0.29841740106738873,0.2033985809030667,0,-0.16051694709932826,0.42737239243197844,0.1502540059130948,-0.541510130074763,-0.23939954955530943,-0.8140465227336714,-0.44573499837304065,0.43334101013228865,1.2103815101535342,-1.1171941782293624,2025,43,296,6,296
2025-10-26,202544,253,253,253,253,4209102,0.8329829,40.939903,0,1,420910220254420500,2026-02-24,1.0916808,Joinville,617979,16.5154857142857,98.1071,0,0,1,91.7320285714286,80.8581,18.3513,20.7643285714286,7,NA,NA,NA,NA,4209102,16.515485714285713,20.76432857142857,18.3513,250.1503,80.85810000000001,98.1071,91.73202857142856,-0.419166379239584,-0.17198096765250395,-0.39153901728155477,-0.4295483769577388,-0.2739616342352117,0.004723294703744262,-0.6589517903578314,-0.14659696333763153,-0.6286894725361379,-0.6758757641143983,-0.40702932243903045,0.2258283685864611,-1.012396342175556,0.12225963937858522,-0.9630494320572851,-1.0686110990441986,-0.20597295621997083,0.3145560611068264,0,5.244107846634774e-4,0.8777985701805897,-0.8827498902650827,0.15304834260003805,-0.5410793435997595,-0.24055985511043618,-1.5746001306869355,-0.44558671429981295,0.427919364698318,1.2117880176580118,2025,44,297,6,297
2025-11-02,202545,254,254,254,254,4209102,0.72323644,41.10172,0,1,420910220254520500,2026-02-24,1.0546763,Joinville,617979,17.4053142857143,96.8748428571429,0,0,1,85.6192,68.0410571428571,19.9012285714286,23.5088714285714,7,NA,NA,NA,NA,4209102,17.405314285714287,23.508871428571428,19.90122857142857,225.252,68.04105714285714,96.87484285714288,85.61919999999999,-0.45493672867805346,0.07615439719443019,-0.3728772323266976,-0.5972649665621343,0.16408268241708748,0.051074575887198846,-0.6190686246331027,0.01584600788653302,-0.5843918099089945,-0.6774915903668327,-0.1623925534948044,0.2694475351690304,-0.8984441229699717,0.468023805989669,-0.8282127994143268,-0.9762439036178631,0.1101891269023641,0.5191060746406957,0,5.244107846634774e-4,1.4119109889964996,-0.37090380320972743,-0.8823404650060858,0.15433846548068605,-0.5415796433026691,1.759441097094041,-1.5745288878070332,-0.4479580741631965,0.42917546497040726,2025,45,298,6,298
2025-11-09,202546,268,268,268,268,4209102,0.80500054,43.36717,0,1,420910220254620500,2026-02-24,1.0785482,Joinville,617979,15.3122714285714,96.055857142857107,0,0,1,82.4446142857143,65.9973714285714,18.5485571428571,22.2612,0,NA,NA,NA,NA,4209102,15.312271428571428,22.2612,18.548557142857145,110.8069,65.99737142857143,96.05585714285716,82.44461428571428,-0.2709083388327689,-0.0196797788686332,-0.20770609863758036,-0.3788079235604037,-0.11237115644234615,0.24642685891596489,-0.4350558949963729,0.14824078028736937,-0.38264024672484437,-0.5053481521338654,-0.1243795790671732,0.42079128748746214,-0.6778065799386093,0.6124093401126782,-0.5752522182872495,-0.7639410364583377,0.2146425162330479,0.6166144814787504,0,5.244107846634774e-4,1.4119109889964996,0.11999769616326943,-0.3693126712922328,-0.8823313678869497,0.15231675190522023,0.22412165451017715,1.7597398769112016,-1.5729822963689017,-0.4468703376928011,2025,46,299,6,299
2025-11-16,202547,226,226,226,226,4209102,0.10391507,36.570824,0,1,420910220254720500,2026-02-24,0.89133954,Joinville,617979,16.1637714285714,93.8832285714286,0,0,1,82.1532,65.8496142857143,19.7216142857143,24.1069,8,NA,NA,NA,NA,4209102,16.16377142857143,24.1069,19.721614285714285,261.308,65.84961428571428,93.88322857142856,82.1532,-0.3982813903616386,-0.07813250625173462,-0.2999361763046799,-0.6007503396837554,0.045128481348378276,0.3533072174418472,-0.41996857407241234,-0.03154212913740252,-0.36681298069100743,-0.5416630636601618,-0.07965839747155334,0.2595338752931536,-0.6792908421501194,0.5529620507135481,-0.5694270466862559,-0.8237816548166847,0.3653715781756708,0.6074915975702445,0,-0.0711865541331154,1.4119109889964996,-0.308427487219659,0.12272217965879996,-0.36866883501492614,-0.8820850868192648,-0.5732184168396046,0.22431565401425468,1.74971501415718,-1.5721108154459658,2025,47,300,6,300
2025-11-23,202548,262,262,262,262,4209102,0.6712781,42.396263,0,1,420910220254820500,2026-02-24,1.0398669,Joinville,617979,16.8585142857143,97.2652142857143,0,0,1,87.0719285714286,72.3940714285714,19.6432714285714,23.1747,5,NA,NA,NA,NA,4209102,16.858514285714286,23.1747,19.643271428571428,611.2835,72.39407142857142,97.26521428571428,87.07192857142857,-0.13562206025821832,0.34745369115913044,-0.09448927868386167,-0.25834097683215634,0.4135430432125316,0.5563752552579814,-0.29178844483363875,0.11162613871081666,-0.25591867636845106,-0.3683600496186132,0.08710163502364135,0.3369553586174141,-0.5156448502893232,0.057747644570095215,-0.4793571813683261,-0.5783018143302315,-0.11476911837301272,0.41167380092840244,0,-1.2843211728498227,0.4958349050654432,0.06310931834293927,-0.30669211530410434,0.12397478175914771,-0.3695463291700202,-0.6464110499186746,-0.5730788330746837,0.21961942320759664,1.751225193973657,2025,48,301,6,301
2025-11-30,202549,301,301,301,301,4209102,0.985996,48.707157,0,1,420910220254920500,2026-02-24,1.2062973,Joinville,617979,18.6102285714286,96.4711857142857,1,1,1,83.0432,64.0464571428572,21.5913857142857,25.8177142857143,10,NA,NA,NA,NA,4209102,18.61022857142857,25.817714285714285,21.59138571428571,62.6018,64.04645714285715,96.47118571428572,83.0432,-0.02198972815957441,-0.1892107850992597,-0.06580126457784195,-0.028983307051064583,-0.1309972996648459,0.40435089513423217,-0.25085026327934606,-0.07932440515598578,-0.2310725143050342,-0.3353103169876296,0.017743788948020787,0.27299203161228847,-0.44507688556114616,-0.0934588834294026,-0.4373944039647623,-0.4916643497866348,-0.2009373858553016,0.3758468615502534,0,-1.4323972912264773,-0.659337642321177,0.038296158081530765,0.06570246279620384,-0.30597080229068496,0.12201949692483957,0.5889940526887074,-0.6462764613012106,-0.5750077363407243,0.22083548343699738,2025,49,302,6,302
2025-12-07,202550,315,315,315,315,4209102,0.9818213,50.972607000000004,0,3,420910220255020500,2026-02-24,1.190125,Joinville,617979,19.6795714285714,92.6239571428571,1,1,1,78.6383571428571,61.5136428571429,22.8418428571429,26.9170285714286,10,NA,NA,NA,NA,4209102,19.67957142857143,26.91702857142857,22.841842857142854,369.4297,61.513642857142855,92.62395714285714,78.63835714285715,0.1266640992461905,-0.4858670136869777,0.03496759523217329,0.19071346305164902,-0.3879932248677343,0.3314601003257019,-0.07593299885327864,-0.3390772455676055,-0.0915241253218375,-0.10038798381569533,-0.32967693590336944,0.3471172893895419,-0.2593779952872849,-0.14361988298116804,-0.2573659286988499,-0.2846775614891639,-0.30226581461982827,0.4552158359722352,0,-0.16363761268795154,-0.659337642321177,0.6553131235315207,0.040832016023398976,0.06688451774974209,-0.30698546528949155,-0.42287553147041146,0.5892129534889297,-0.6479513349548337,-0.5739444217393931,2025,50,303,6,303
2025-12-14,202551,276,276,276,276,4209102,0.30618367,44.661713,0,3,420910220255120500,2026-02-24,0.9582525,Joinville,617979,18.8116571428571,95.9256428571429,1,0,1,82.7166285714286,65.9842571428571,22.0039428571429,25.6292428571429,19,NA,NA,NA,NA,4209102,18.811657142857143,25.629242857142856,22.003942857142857,135.8612,65.98425714285715,95.92564285714286,82.71662857142857,0.5042700255781024,-0.9242015979397149,0.4002117015275789,0.6337364674671879,-0.6764576449781117,-0.2882586960091832,0.055634147391238106,-0.667854494001683,0.05173626723366197,0.018147484933596962,-0.4149705899055909,0.03669903502116853,-0.10806560474142504,-0.5122704701230782,-0.11066973956858664,-0.14102740152108284,-0.41439305685168104,0.05818372109108009,0,-0.046725254450531196,0.21194193900741848,1.051364462700304,0.6592734976998841,0.041983300233828715,0.06505413325378834,-1.529211297486766,-0.4227256873165696,0.5832503603450806,-0.6469020417919219,2025,51,304,6,304
2025-12-21,202552,172,172,173,172,4209102,1.740143e-8,27.83266,0,2,420910220255220500,2026-02-24,0.5936073,Joinville,617979,22.2383857142857,96.8516142857143,1,0,1,82.0190571428571,60.1561857142857,26.0236285714286,31.0420428571429,31,NA,NA,NA,NA,4209102,22.238385714285712,31.042042857142857,26.02362857142857,146.8333,60.15618571428571,96.85161428571428,82.01905714285714,0.7050069091124099,-0.8593162737632468,0.6216585110635988,0.7785942292973289,-0.6677952843804571,0.08055231910198714,0.2992780629112019,-0.34325707871793204,0.27574292496487607,0.2794026112947323,-0.16939106854862246,0.382854245379349,0.05748297543967369,-0.36625421874142544,0.049892148695924655,0.03814115830610259,-0.27935115629277607,0.28073909197027336,1.0236285714285707,-0.046725254450531196,0.21194193900741848,0.7859803837775493,1.056239206473982,0.6611899432334759,0.04020739386207248,-0.5048983557356966,-1.5291369569738753,-0.4251763855132397,0.5845363188094097,2025,52,305,6,305
2025-12-28,202553,256,256,257,256,4209102,0.4436788,41.425354,0,2,420910220255320500,2026-02-24,0.9876064,Joinville,617979,22.2727714285714,97.1375428571429,1,0,1,85.4168857142857,67.1298285714286,25.2246,29.1781285714286,28,NA,NA,NA,NA,4209102,22.272771428571428,29.178128571428573,25.2246,701.6326,67.12982857142858,97.13754285714286,85.41688571428571,1.2661763326241724,-1.4412129280872488,1.071585544222016,1.527207245405245,-1.4551298764973333,0.005866082858470581,0.6540745353424564,-1.0835285029361255,0.5268896513751218,0.8037553578222134,-1.036803497046846,0.24562758219902234,0.2954674821233328,-0.8182089164449589,0.23438236322036685,0.348281313588135,-0.7353300234557495,0.1999288105377753,0.2245999999999988,0.8793617497971903,-0.7867226060852658,2.059116307926818,0.7902424313891321,1.0586467943645714,0.6580593554538846,-0.680102839938406,-0.5047541093597295,-1.5277478965224138,-0.424084269877975,2025,53,306,6,306
2026-01-04,202601,330,330,331,330,4209102,0.9999771,53.39987,0,2,420910220260120500,2026-02-24,1.4130338,Joinville,617979,19.0031428571429,94.6380428571428,1,1,1,83.6884714285714,68.7803857142857,21.8557285714286,25.4710428571429,7,NA,NA,NA,NA,4209102,19.00314285714286,25.47104285714286,21.85572857142857,159.5266,68.78038571428571,94.63804285714284,83.68847142857143,1.5857272167767147,-1.167855532181759,1.3778897121577571,1.8469657610159793,-1.2567586020193222,0.12619419454604877,0.9002466572367084,-1.0989478301241795,0.7404956775804965,1.092991901180852,-1.074984071903405,0.27434112629377044,0.538368490401045,-0.8800668313568527,0.4466855337346984,0.6383866625098445,-0.9062670074390807,0.3087110815141195,0,0.569665180953089,-0.19831965909557356,1.80604379156265,2.0663176633435953,0.7923209170923503,1.0546466626084563,0.17330768962632143,-0.6799705506706466,-0.5069201310065753,-1.5268677205067769,2026,1,307,7,307
2026-01-11,202602,327,327,329,327,4209102,0.9979871,52.91442,0,3,420910220260220500,2026-02-24,1.2694504,Joinville,617979,20.9708714285714,96.0631,1,1,1,85.5348571428571,69.0062,24.2966142857143,28.3407428571429,8,NA,NA,NA,NA,4209102,20.970871428571428,28.340742857142857,24.296614285714288,281.3634,69.0062,96.0631,85.53485714285715,1.4989958359400626,-0.5862763947838814,1.3213189363823108,1.7093737243555218,-0.7892466349180042,0.4898897493618615,1.0531823332389278,-1.004147602877734,0.9024678030565347,1.2567530129685112,-0.9583754749012162,0.11937168201885276,0.5992588034714527,-0.8360400280514305,0.5269862024245742,0.6703434924550046,-0.7345807830979497,0.24188737276333575,0,0.6809260245334595,-1.0363471329587841,0.7390371785054646,1.812660874704551,2.0699749619852503,0.7889034449676277,-0.26080689852033656,0.1734982212506849,-0.6815284902559035,-0.5058437284004917,2026,2,308,7,308
2026-01-18,202603,249,248,253,248,4209102,0.02040509,40.292633,0,3,420910220260320500,2026-02-24,0.83918667,Joinville,617979,17.4315571428571,94.0700285714286,0,0,1,80.4403571428571,65.8831142857143,20.5994285714286,23.5305428571429,8,NA,NA,NA,NA,4209102,17.43155714285714,23.53054285714286,20.59942857142857,115.7335,65.88311428571429,94.07002857142857,80.44035714285714,1.7006424013386232,-0.2617247413296335,1.5018973926564358,1.9673851304980263,-0.5948274188558985,0.5147112112689887,1.2647470291798317,-0.7464155413999517,1.1134250849462564,1.4727569870811577,-0.8261141949827302,0.35763523125817254,0.8469303203388066,-0.4128522420303567,0.7523589977925723,0.9556130151122583,-0.4430376691290685,0.5092399987452282,0,0.6809260245334595,-1.0071036927618557,1.5121272931270506,0.7431908476422595,1.8160043386993157,2.063762277309388,0.20293780698339822,-0.2606459937353124,0.1689783504308428,-0.6804856513950044,2026,3,309,7,309
2026-01-25,202604,248,246,252,246,4209102,0.015150988,40.130814,0,1,420910220260420500,2026-02-24,0.83063626,Joinville,617979,19.7215,97.5848285714286,1,0,1,86.1253,70.3660571428571,22.7614285714286,26.2861428571429,12,NA,NA,NA,NA,4209102,19.7215,26.286142857142856,22.76142857142857,200.8906,70.36605714285714,97.58482857142856,86.12530000000001,1.2235695480705004,-0.4435303267610844,1.0998948268407949,1.2526321608356898,-0.22638068907440714,0.012423571547717149,1.3089632248520269,-1.251838919027993,1.138572796362532,1.4909115275060072,-1.098923997457414,0.008396152849127217,0.9205674136436833,-1.088046921663012,0.7807823069474712,1.0563645987918149,-0.9345210582533621,0.18261116583980644,0,1.024188515344455,-0.6157664037424656,0.34113525900354613,1.5180658068864212,0.7452111191843269,1.8103472832070084,-1.076614663505004,0.20313036076216634,-0.26365918340525524,0.17018467628057318,2026,4,310,7,310
2026-02-01,202605,221,218,227,218,4209102,0.014325882,35.761734,0,1,420910220260520500,2026-02-24,0.82041216,Joinville,617979,20.7008428571429,97.5533571428571,1,0,1,85.8060142857143,67.6561142857143,23.582,27.4413142857143,31,NA,NA,NA,NA,4209102,20.700842857142856,27.441314285714284,23.582,253.852,67.65611428571428,97.55335714285714,85.80601428571428,1.0069270530450425,-0.3619482187340409,0.8865280206114146,0.9774467281648835,-0.01817522272425726,0.09319263954938864,1.3630702765043234,-1.0169375221319414,1.18734041093538,1.5148100132152202,-0.8341320797882333,0.1301191573575896,1.0142528091087544,-1.0577842604154093,0.8526475137032048,1.157518907834905,-0.8582138816379046,0.2400542429167723,0,0.32757230925893455,-0.46940401251224406,1.0258952287266598,0.3443702860727429,1.521044785705842,0.7418967124386249,0.3512355038210422,-1.0765094348162108,0.19850765271798262,-0.262536020446496,2026,5,311,7,311
2026-02-08,202606,188,179,220,177,4209102,0.0045461184,30.421745,0,2,420910220260620500,2026-02-24,0.7769677,Joinville,617979,21.0066571428571,97.3220142857143,1,0,1,86.3534571428571,69.8269,23.6904571428571,27.0505428571429,134,NA,NA,NA,NA,4209102,21.006657142857144,27.050542857142855,23.69045714285714,230.4702,69.8269,97.32201428571427,86.35345714285714,1.1587572281757186,-0.11808863881445641,1.0285093178105327,1.1649269058407505,-0.09050616348550722,0.6196284506396635,1.3972978439091446,-0.470656520435332,1.232158418599681,1.5415582421120817,-0.5767618682559171,0.6689107228720683,1.1791224282340822,-0.8567866126823667,1.0198408425644632,1.3461900171636776,-0.8037734583434395,0.3612130299063168,0,0.32757230925893455,-0.46940401251224406,1.2857909116980868,1.0307111713018242,0.34589712035738773,1.516033033727347,0.2710425850839817,0.3514381784115926,-1.0766912011361773,0.19971965477921685,2026,6,312,7,312
2026-02-15,202607,174.5,106,437,93,4209102,0.013851959,28.237206,0,2,420910220260720500,2026-02-24,0.80036910000000006,Joinville,617979,22.100975,97.4181,1,0,1,85.974475,69.958525,25.1163,28.8399,93,NA,NA,NA,NA,4209102,21.8997,27.57918571428571,24.375942857142856,212.9058,71.91955714285714,96.55077142857142,86.51947142857144,1.105444091183772,-0.023817369900673426,1.031502132875317,1.0421585797463162,-0.03770574396565344,0.8469581647431184,1.4752884192221787,-0.1934766392828504,1.3284849426470147,1.6140707227981232,-0.41575472048380685,0.8215364274283441,1.309121243914857,-0.605628819623472,1.1701029657633613,1.4534039380720416,-0.6732377837412252,0.6394361389946837,0,-0.12745505015877479,-0.41284710001707814,1.3201420263415238,1.2912068792941493,1.0330871748537998,0.34345632059929593,0.4085402512550226,0.27123978678146554,0.3463007736709614,-1.0757243216428103,2026,7,313,7,313
