data_iniSE,epiweek,casos_est,casos_est_min,casos_est_max,casos,municipio_geocodigo,p_rt1,p_inc100k,Localidade_id,nivel,id,versao_modelo,Rt,municipio_nome,pop,tempmin,umidmax,receptivo,transmissao,nivel_inc,umidmed,umidmin,tempmed,tempmax,casprov,casprov_est,casprov_est_min,casprov_est_max,casconf,geocodigo,temp_min_avg,temp_max_avg,temp_med_avg,precip_total,umid_min_avg,umid_max_avg,umid_med_avg
2019-12-01,201949,3,3,3,3,4209102,0.56152505,0.5019593,0,2,420910220194919600,2023-08-21,1.1285723,Joinville,597658,19.5714285714286,90.9839951428571,1,0,0,84.6527385714286,78.733221,20.8285714285714,21.5714285714286,0,NA,NA,NA,NA,4209102,17.923857142857145,24.20792857142857,20.494914285714284,204.6082,68.39875714285714,92.49448571428572,82.62368571428571
2019-12-08,201950,1,1,1,1,4209102,0.123132035,0.16731977,0,2,420910220195019600,2023-08-21,0.33093715,Joinville,597658,21,93.3658442857143,1,0,0,88.9623257142857,82.9549714285714,21.974603,23,1,NA,NA,NA,NA,4209102,18.90442857142857,25.52418571428571,21.814457142857144,49.9011,65.17918571428571,96.36291428571428,82.33465714285714
2019-12-15,201951,1,1,1,1,4209102,0.167015,0.16731977,0,2,420910220195119600,2023-08-21,0.3873041,Joinville,597658,21,97.48004,1,0,0,94.5735242857143,90.9435457142857,21.6428571428571,22.1428571428571,0,NA,NA,NA,NA,4209102,19.674457142857143,25.059685714285713,21.949142857142856,253.5268,74.7885,96.4517,88.15148571428571
2019-12-22,201952,0,0,0,0,4209102,0,0,0,1,420910220195219600,2023-08-21,0,Joinville,597658,21.5714285714286,94.1301471428571,0,0,0,87.3726128571429,81.3843681428571,23.3571428571429,24.5714285714286,0,NA,NA,NA,NA,4209102,20.1781,27.297171428571428,23.330514285714287,111.5834,60.92597142857143,97.33828571428572,81.81541428571428
2019-12-29,202001,2,2,2,2,4209102,0.7692239,0.33463955,0,1,420910220200119600,2023-08-21,2.1531599,Joinville,597658,22.1666666666667,98.042255,1,0,0,86.1531108333333,74.6016748333333,24.449074,27,2,NA,NA,NA,NA,4209102,20.8607,27.08504285714286,23.440914285714285,244.9063,67.92304285714286,96.86992857142856,85.03909999999999
2020-01-05,202002,4,4,4,4,4209102,0.93654877,0.6692791,0,1,420910220200219600,2023-08-21,3.9615693,Joinville,597658,22.2857142857143,100,1,0,0,83.45987,67.167763,26.9047625714286,31.1428571428571,2,NA,NA,NA,NA,4209102,21.552642857142857,28.4436,24.48961428571429,241.4422,67.98438571428571,97.59331428571429,85.74665714285715
2020-01-12,202003,4,4,4,4,4209102,0.806532,0.6692791,0,2,420910220200319600,2023-08-21,1.9602447,Joinville,597658,20.4285714285714,97.4421842857143,1,0,0,76.3131028571429,57.5086964285714,25.2297408571429,28.7142857142857,0,NA,NA,NA,NA,4209102,19.722242857142856,26.012514285714285,22.50598571428571,175.5208,64.51394285714287,94.73907142857142,81.62161428571429
2020-01-19,202004,5,5,5,5,4209102,0.73050994,0.8365989,0,2,420910220200419600,2023-08-21,1.5050638,Joinville,597658,19.8571428571429,99.1328242857143,1,0,0,80.768472,66.3933861428571,23.968254,27.1428571428571,3,NA,NA,NA,NA,4209102,18.63848571428571,23.734342857142856,21.12654285714286,157.5171,72.66418571428571,96.25321428571428,85.77065714285715
2020-01-26,202005,5,5,5,5,4209102,0.6155774,0.8365989,0,2,420910220200519600,2023-08-21,1.2043614,Joinville,597658,22.2857142857143,97.5103678571429,1,0,0,82.9873758571429,66.1869675714286,26.634503,30.5714285714286,4,NA,NA,NA,NA,4209102,20.940628571428572,28.533342857142856,24.42342857142857,164.1944,66.19894285714285,97.4999,84.65774285714285
2020-02-02,202006,17,17,17,17,4209102,0.99521196,2.8444362,0,2,420910220200619600,2023-08-21,3.1984205,Joinville,597658,23,96.6624185714286,1,0,0,91.1640542857143,86.1125021428571,24.3594104285714,25.5714285714286,12,NA,NA,NA,NA,4209102,20.769642857142856,24.88881428571429,22.49802857142857,343.0014,81.72665714285714,97.2613,90.70498571428573
2020-02-09,202007,56,56,56,56,4209102,1,9.369907,0,2,420910220200719600,2023-08-21,5.2952476,Joinville,597658,20.4285714285714,94.1091085714286,1,1,1,91.8221114285714,89.3000228571429,21.4833334285714,22,46,NA,NA,NA,NA,4209102,18.733285714285714,24.90002857142857,21.277371428571428,219.3677,69.75325714285714,95.41604285714286,86.13077142857144
2020-02-16,202008,80,80,80,80,4209102,0.99999994,13.385582,0,3,420910220200819600,2023-08-21,3.059305,Joinville,597658,22.8571428571429,96.6431921428571,1,1,1,89.7591465714286,84.2635048571429,24.5714285714286,25.7142857142857,60,NA,NA,NA,NA,4209102,21.53142857142857,26.642542857142857,23.7912,133.6037,72.26414285714286,96.2231,86.54501428571429
2020-02-23,202009,81,81,81,81,4209102,0.996349,13.552901,0,3,420910220200919600,2023-08-21,1.6046642,Joinville,597658,18,93.9698971428571,0,1,1,87.4897957142857,79.8549757142857,20.5619048571429,22.4285714285714,67,NA,NA,NA,NA,4209102,17.015657142857144,23.950242857142857,20.480542857142854,136.26420000000002,68.3204,93.76268571428572,82.09451428571428
2020-03-01,202010,226,226,226,226,4209102,1,37.81427,0,3,420910220201019600,2023-08-21,2.8897295,Joinville,597658,18.2857142857143,100,1,1,1,90.226088,79.3515857142857,21.0827662857143,23.5714285714286,199,NA,NA,NA,NA,4209102,17.51942857142857,23.02304285714286,20.00604285714286,178.9817,71.47545714285714,96.75262857142856,85.70562857142858
2020-03-08,202011,254,254,254,254,4209102,1,42.49922,0,3,420910220201119600,2023-08-21,2.0621808,Joinville,597658,19,100,1,1,1,89.4558842857143,79.7335871428571,21.8785714285714,24.2857142857143,226,NA,NA,NA,NA,4209102,18.613885714285715,27.189014285714286,22.45547142857143,6.1208,58.7899,98.44645714285714,82.93341428571429
2020-03-15,202012,228,228,228,228,4209102,0.9749701,38.148907,0,3,420910220201219600,2023-08-21,1.2121159,Joinville,597658,21.7142857142857,100,1,1,1,81.9252898571429,65.3983635714286,25.7413548571429,29.1428571428571,207,NA,NA,NA,NA,4209102,20.8825,27.075214285714285,23.544885714285716,103.2151,66.77158571428572,96.98814285714286,85.19034285714285
2020-03-22,202013,384,384,384,384,4209102,1,64.25079,0,3,420910220201319600,2023-08-21,1.6226226,Joinville,597658,19.1428571428571,100,1,1,1,77.0885178571429,57.2084242857143,24,28,346,NA,NA,NA,NA,4209102,17.426142857142857,24.0099,20.547842857142857,47.2334,65.36801428571428,96.66658571428572,82.87661428571428
2020-03-29,202014,536,536,536,536,4209102,1,89.683395,0,3,420910220201419600,2023-08-21,1.8685917,Joinville,597658,21.1428571428571,88.8159615714286,1,1,2,70.7228918571429,56.345476,25.6984127142857,28.8571428571429,497,NA,NA,NA,NA,4209102,18.794228571428572,26.129785714285713,22.207885714285716,26.9935,61.33257142857143,92.16414285714286,78.19125714285714
2020-04-05,202015,809,809,809,809,4209102,1,135.3617,0,3,420910220201519600,2023-08-21,2.0405362,Joinville,597658,19.5714285714286,85.5430685714286,1,1,2,68.5118241428572,57.0563544285714,22.9285714285714,25.2857142857143,726,NA,NA,NA,NA,4209102,15.538414285714286,22.705085714285715,18.833571428571428,54.6576,62.66152857142857,93.9581,79.87212857142858
2020-04-12,202016,973,973,973,973,4209102,1,162.80214,0,4,420910220201619600,2023-08-21,1.7115115,Joinville,597658,18.4285714285714,83.3614238571429,1,1,2,60.7913091428571,46.241628,23.0238097142857,26.2857142857143,799,NA,NA,NA,NA,4209102,13.766214285714286,23.302,18.334457142857143,14.7231,51.17455714285715,88.51328571428571,71.24761428571429
2020-04-19,202017,1122,1122,1122,1122,4209102,1,187.73279,0,4,420910220201719600,2023-08-21,1.4567015,Joinville,597658,19.4285714285714,90.1545248571429,1,1,2,72.7307071428571,60.7139848571429,23.7499997142857,26.4285714285714,828,NA,NA,NA,NA,4209102,15.411585714285714,24.2,19.150357142857143,14.2344,55.75891428571428,98.17047142857145,81.80394285714286
2020-04-26,202018,1098,1098,1098,1098,4209102,0.99963593,183.7171,0,4,420910220201819600,2023-08-21,1.1614497,Joinville,597658,20.7142857142857,95.7853528571429,1,1,2,79.6282115714286,67.1997757142857,24.0119048571429,26.7142857142857,783,NA,NA,NA,NA,4209102,17.728885714285713,25.12211428571429,20.839042857142857,41.1658,57.43777142857143,94.59087142857145,81.20354285714286
2020-05-03,202019,1265,1265,1265,1265,4209102,0.9999859,211.65952,0,4,420910220201919600,2023-08-21,1.1898725000000001,Joinville,597658,15.5714285714286,94.7938971428571,0,1,2,72.1975124285714,56.5086892857143,20.7009802857143,24,853,NA,NA,NA,NA,4209102,12.6742,21.4938,16.750557142857144,33.408699999999996,56.58978571428571,93.57172857142858,78.24762857142858
2020-05-10,202020,1068,1068,1068,1068,4209102,0.09480072,178.69751,0,4,420910220202019600,2023-08-21,0.94557124,Joinville,597658,17.2857142857143,95.0016662857143,0,0,2,76.3358537142857,62.9525068571429,21.4761908571429,24.2857142857143,688,NA,NA,NA,NA,4209102,14.489528571428572,23.272885714285714,18.17974285714286,79.039,57.330085714285715,92.6049,80.0636
2020-05-17,202021,977,977,977,977,4209102,1.1600345e-4,163.47142,0,4,420910220202119600,2023-08-21,0.8521447,Joinville,597658,17.8571428571429,94.9850742857143,0,0,2,71.358245,54.2431015714286,22.654762,26,647,NA,NA,NA,NA,4209102,14.929385714285717,23.17705714285714,18.5159,146.56230000000002,56.59594285714286,96.25982857142856,81.47292857142857
2020-05-24,202022,768,768,768,768,4209102,4.1233683e-13,128.50159,0,4,420910220202219600,2023-08-21,0.7148044,Joinville,597658,14.7142857142857,83.1327228571429,0,0,2,58.3568525714286,42.6390261428571,20.5119048571429,24.4285714285714,548,NA,NA,NA,NA,4209102,10.257742857142857,20.865142857142857,15.005042857142858,17.1283,49.6802,84.5452,70.58577142857143
2020-05-31,202023,559,559,559,559,4209102,0,93.53175,0,4,420910220202319600,2023-08-21,0.59625256,Joinville,597658,15.7142857142857,98.21977,0,0,2,88.0370177142857,77.7355421428571,18.6547618571429,20.5714285714286,345,NA,NA,NA,NA,4209102,14.40837142857143,18.86744285714286,16.164814285714286,262.7565,74.52621428571429,94.81021428571428,87.3949142857143
2020-06-07,202024,454,454,454,454,4209102,0,75.96317,0,4,420910220202419600,2023-08-21,0.5927018,Joinville,597658,17.8571428571429,98.252440000000007,0,0,2,85.0831551428571,70.6346491428571,21.3690474285714,23.8571428571429,224,NA,NA,NA,NA,4209102,15.804428571428572,24.398914285714287,19.320642857142857,135.7489,67.96505714285715,93.27475714285714,83.96431428571428
2020-06-14,202025,431,431,431,431,4209102,6.955627e-8,72.11482,0,4,420910220202519600,2023-08-21,0.7187881,Joinville,597658,17.1428571428571,96.4914471428571,0,0,1,80.5999878571428,68.8984758571429,20.9801588571429,23.4285714285714,230,NA,NA,NA,NA,4209102,15.172914285714286,21.982685714285715,17.812571428571427,29.9288,68.05828571428572,92.2685,83.3849
2020-06-21,202026,374,374,374,374,4209102,5.8536472e-5,62.577595,0,1,420910220202619600,2023-08-21,0.7682776,Joinville,597658,16.2857142857143,96.5113405714286,0,0,1,79.2284341428571,66.1365491428571,20.3051951428571,23.2857142857143,181,NA,NA,NA,NA,4209102,14.390857142857143,23.3137,18.017857142857142,238.6156,62.97222857142857,90.18841428571427,79.26644285714286
2020-06-28,202027,242,242,242,242,4209102,2.0465851e-12,40.491386,0,1,420910220202719600,2023-08-21,0.57745725,Joinville,597658,13,85.945646,0,0,1,69.3920125714286,54.6896615714286,16.8556787142857,20.1428571428571,125,NA,NA,NA,NA,4209102,10.875614285714285,18.237885714285714,13.906757142857144,60.489799999999995,62.02151428571428,89.11552857142857,78.0222
2020-07-05,202028,209,209,209,209,4209102,8.9012975e-10,34.969833,0,1,420910220202819600,2023-08-21,0.5964129,Joinville,597658,14.7142857142857,95.8206285714286,0,0,1,80.6456228571429,68.5116552857143,18.2205628571429,20.4285714285714,55,NA,NA,NA,NA,4209102,11.9021,21.511485714285715,15.900242857142858,80.8222,65.38665714285715,93.32471428571428,82.08335714285714
2020-07-12,202029,152,152,152,152,4209102,2.6296412e-9,25.432606,0,1,420910220202919600,2023-08-21,0.560518,Joinville,597658,15,93.9293257142857,0,0,1,84.0707494285714,76.6243114285714,17.6612554285714,19.2857142857143,17,NA,NA,NA,NA,4209102,13.510885714285717,19.590271428571427,15.878485714285716,128.1571,73.47512857142857,95.69637142857142,87.20312857142858
2020-07-19,202030,129,129,129,129,4209102,7.752294e-6,21.584251,0,1,420910220203019600,2023-08-21,0.6206561,Joinville,597658,17.1428571428571,95.7886922857143,0,0,1,75.0078635714286,59.7033075714286,22.0480517142857,25.4285714285714,15,NA,NA,NA,NA,4209102,14.352314285714286,24.101971428571428,18.358471428571427,1.9584,58.72904285714286,94.48755714285714,81.87088571428572
2020-07-26,202031,71,71,71,71,4209102,9.812767e-10,11.8797035,0,1,420910220203119600,2023-08-21,0.44088322,Joinville,597658,13.8571428571429,96.409652,0,0,1,82.4820541428571,73.1077395714286,16.7920248571429,18.8571428571429,8,NA,NA,NA,NA,4209102,11.854542857142857,17.985085714285713,14.217357142857145,129.1209,72.70395714285715,94.35267142857144,86.1509
2020-08-02,202032,54,54,54,54,4209102,1.4720612000000001e-07,9.035268,0,1,420910220203219600,2023-08-21,0.44722033,Joinville,597658,15.2857142857143,97.3461334285714,0,0,1,75.9553944285714,58.8265017142857,20.4314017142857,23.4285714285714,4,NA,NA,NA,NA,4209102,12.434971428571428,21.1005,15.950928571428571,1.6057,63.154471428571426,99.13867142857144,86.22217142857143
2020-08-09,202033,45,45,45,45,4209102,2.4351676e-4,7.52939,0,1,420910220203319600,2023-08-21,0.5344357,Joinville,597658,16.5714285714286,95.7927928571429,0,0,1,83.0256574285714,71.4915304285714,19.6953338571429,22.2857142857143,1,NA,NA,NA,NA,4209102,14.454414285714286,22.790085714285716,17.708685714285714,96.6195,65.45047142857143,94.90057142857142,84.37737142857144
2020-08-16,202034,27,27,27,27,4209102,2.446703e-4,4.517634,0,1,420910220203419600,2023-08-21,0.4596836,Joinville,597658,12.7142857142857,97.3552028571429,0,0,1,84.5268541428571,71.646078,15.2929567142857,17,3,NA,NA,NA,NA,4209102,11.957471428571427,16.423957142857144,13.901328571428571,344.5753,71.51347142857142,94.33822857142856,85.05487142857143
2020-08-23,202035,25,25,25,25,4209102,0.01238705,4.1829944,0,1,420910220203519600,2023-08-21,0.5770004,Joinville,597658,12.1428571428571,99.0997914285714,0,0,0,76.2327472857143,63.064347,18.829456,22.2857142857143,3,NA,NA,NA,NA,4209102,10.610228571428571,21.131285714285713,15.330414285714289,3.1648,63.33244285714286,96.88991428571428,83.58258571428571
2020-08-30,202036,12,12,12,12,4209102,0.0011266951,2.0078373,0,1,420910220203619600,2023-08-21,0.37968737,Joinville,597658,17.4285714285714,95.8420971428571,0,0,0,88.4593814285714,79.6604757142857,19.1865907142857,21.1428571428571,0,NA,NA,NA,NA,4209102,15.471057142857145,20.9936,17.628985714285715,163.9522,76.79341428571429,95.48854285714286,88.81308571428572
2020-09-06,202037,24,24,24,24,4209102,0.5359209,4.0156746,0,1,420910220203719600,2023-08-21,1.0263075,Joinville,597658,17.7142857142857,100,0,0,0,87.0537608571429,76.6725802857143,21.1568552857143,23.8571428571429,1,NA,NA,NA,NA,4209102,17.0007,23.680585714285716,19.621585714285715,94.6415,76.25971428571428,97.95292857142856,89.79204285714286
2020-09-13,202038,16,16,16,16,4209102,0.29402167,2.6771164,0,1,420910220203819600,2023-08-21,0.8345395,Joinville,597658,17.1428571428571,98.2499085714286,0,0,0,82.9608578571429,65.963009,20.6607602857143,24.5714285714286,0,NA,NA,NA,NA,4209102,16.04367142857143,24.80341428571429,19.519042857142857,36.3025,63.17135714285714,93.27864285714286,82.03662857142857
2020-09-20,202039,28,28,28,28,4209102,0.8986679,4.6849537,0,1,420910220203919600,2023-08-21,1.4479953,Joinville,597658,14.8571428571429,95.0164728571429,0,0,1,79.0574218571429,62.3212127142857,18.3953661428571,22.1428571428571,2,NA,NA,NA,NA,4209102,13.621,20.34298571428571,16.385728571428572,29.7487,67.43672857142857,91.99525714285714,81.63812857142857
2020-09-27,202040,18,18,18,18,4209102,0.33037493,3.011756,0,1,420910220204019600,2023-08-21,0.8695753,Joinville,597658,19.1428571428571,98.2719005714286,1,0,0,85.6414055714286,71.3291927142857,22.1266337142857,26.1428571428571,1,NA,NA,NA,NA,4209102,17.976514285714288,28.07372857142857,21.93082857142857,77.6899,61.61781428571429,93.82284285714286,81.17101428571428
2020-10-04,202041,13,13,13,13,4209102,0.071410015,2.175157,0,1,420910220204119600,2023-08-21,0.6060148,Joinville,597658,17.7142857142857,100,0,0,0,90.9676074285714,79.1126547142857,20.1324111428571,22.1428571428571,0,NA,NA,NA,NA,4209102,16.6996,22.829214285714286,19.18492857142857,246.0937,74.12664285714285,96.53344285714286,88.80345714285714
2020-10-11,202042,16,16,16,16,4209102,0.30739036,2.6771164,0,1,420910220204219600,2023-08-21,0.8448854,Joinville,597658,16,98.21977,0,0,0,77.9847042857143,63.0055314285714,20.7688488571429,23.8571428571429,2,NA,NA,NA,NA,4209102,14.990071428571428,22.07212857142857,18.12997142857143,40.4465,66.90495714285714,94.20807142857144,82.9128
2020-10-18,202043,19,19,19,19,4209102,0.694641,3.1790757,0,1,420910220204319600,2023-08-21,1.1856498,Joinville,597658,19.2857142857143,98.2910742857143,1,0,0,82.3629534285714,69.6456655714286,23.1210315714286,26,1,NA,NA,NA,NA,4209102,17.21194285714286,23.726285714285712,20.19814285714286,73.0033,67.94347142857143,98.53838571428572,86.3812
2020-10-25,202044,16,16,16,16,4209102,0.4937142,2.6771164,0,1,420910220204419600,2023-08-21,0.9945238,Joinville,597658,18.2857142857143,98.3242914285714,1,0,0,75.7056545714286,57.5155108571429,23.1051585714286,26.7142857142857,1,NA,NA,NA,NA,4209102,17.013714285714286,24.478957142857144,20.340642857142857,225.7951,60.66867142857143,95.14497142857142,80.70394285714285
2020-11-01,202045,20,20,20,20,4209102,0.6795807,3.3463955,0,1,420910220204519600,2023-08-21,1.163588,Joinville,597658,14,98.1858442857143,0,0,0,71.2323467142857,54.1049867142857,19.8640871428571,23.5714285714286,1,NA,NA,NA,NA,4209102,13.332071428571428,21.077771428571427,16.9004,132.0593,60.415057142857144,93.75861428571427,78.60985714285714
2020-11-08,202046,20,20,20,20,4209102,0.63979185,3.3463955,0,1,420910220204619600,2023-08-21,1.1221031,Joinville,597658,19.7142857142857,99.1517885714286,1,0,0,84.889899285714307,71.3425887142857,23.4207264285714,26.4285714285714,0,NA,NA,NA,NA,4209102,18.175457142857145,24.2578,20.733957142857143,207.36139999999995,75.49884285714286,98.71162857142858,89.04778571428571
2020-11-15,202047,36,36,36,36,4209102,0.986522,6.023512,0,1,420910220204719600,2023-08-21,1.8244503,Joinville,597658,19,98.31222,1,1,1,83.2209737142857,65.8640961428571,21.9660947142857,25.2857142857143,3,NA,NA,NA,NA,4209102,17.5673,23.168157142857144,19.90822857142857,228.3017,68.96531428571429,96.63008571428573,85.3
2020-11-22,202048,33,33,33,33,4209102,0.8781221,5.5215526,0,2,420910220204819600,2023-08-21,1.3602005,Joinville,597658,21.2857142857143,97.4489785714286,1,0,1,80.8408528571428,67.8779225714286,24.6948877142857,27.1428571428571,0,NA,NA,NA,NA,4209102,18.820942857142857,25.60892857142857,21.775042857142857,144.5055,65.85045714285714,97.63365714285716,84.52234285714286
2020-11-29,202049,49,49,49,49,4209102,0.9790121,8.1986685,0,2,420910220204919600,2023-08-21,1.581399,Joinville,597658,21.1285714285714,NA,1,1,1,NA,NA,NA,NA,0,NA,NA,NA,NA,4209102,19.8169,25.86097142857143,22.496871428571428,252.6325,71.44395714285714,96.23738571428572,85.3608
2020-12-06,202050,43,43,43,43,4209102,0.74164504,7.1947503,0,2,420910220205019600,2023-08-21,1.1551425,Joinville,597658,20.9714285714286,NA,1,0,1,NA,NA,NA,NA,2,NA,NA,NA,NA,4209102,18.955085714285715,24.821314285714287,21.455957142857145,237.4814,73.02308571428571,97.4297,87.21348571428571
2020-12-13,202051,26,26,26,26,4209102,0.029144447,4.350314,0,2,420910220205119600,2023-08-21,0.6283726,Joinville,597658,20.8142857142857,NA,1,0,1,NA,NA,NA,NA,2,NA,NA,NA,NA,4209102,20.582857142857144,27.060442857142856,23.229157142857144,397.7587,71.60838571428572,96.71591428571428,87.4282857142857
2020-12-20,202052,10,10,10,10,4209102,1.3826133e-5,1.6731977,0,2,420910220205219600,2023-08-21,0.26464698,Joinville,597658,20.6571428571429,NA,1,0,0,NA,NA,NA,NA,1,NA,NA,NA,NA,4209102,19.56912857142857,24.739542857142855,21.889185714285713,276.2264,74.78305714285715,96.55178571428571,86.99715714285715
2020-12-27,202053,23,23,23,23,4209102,0.27327806,3.8483548,0,2,420910220205319600,2023-08-21,0.8444893,Joinville,597658,20.5,100,1,0,0,90.621012,78.9369275,22.3888895,25,0,NA,NA,NA,NA,4209102,20.2602,26.043757142857142,22.575185714285716,287.087,72.62265714285714,95.85501428571428,86.68968571428572
2021-01-03,202101,30,30,30,30,4209102,0.98412377,5.0195932,0,2,420910220210119700,2023-11-24,1.9066924,Joinville,597658,21.5714285714286,100,1,0,0,81.8423958571429,61.110328,26.1690012857143,30.8571428571429,1,NA,NA,NA,NA,4209102,20.17897142857143,27.47848571428571,23.293642857142856,372.4276,67.00112857142858,96.48924285714286,84.33851428571428
2021-01-10,202102,60,60,60,60,4209102,0.99999964,10.0391865,0,2,420910220210219700,2023-11-24,3.3784502,Joinville,597658,23,100,1,1,1,88.6393685714286,76.0780821428571,25.9057534285714,28.7142857142857,8,NA,NA,NA,NA,4209102,21.111685714285713,25.386314285714285,22.96567142857143,267.4568,81.24141428571428,97.34775714285716,90.259
2021-01-17,202103,60,60,60,60,4209102,0.99810016,10.0391865,0,3,420910220210319700,2023-11-24,1.8460507,Joinville,597658,21.1428571428571,100,1,1,1,92.3925378571429,80.591204,23.6309527142857,26,19,NA,NA,NA,NA,4209102,20.04248571428571,23.608028571428573,21.62292857142857,787.1114,86.24977142857144,96.71395714285714,92.635
2021-01-24,202104,71,71,71,71,4209102,0.9721251,11.8797035,0,3,420910220210419700,2023-11-24,1.4178352,Joinville,597658,22.5714285714286,100,1,1,1,92.41349,79.2283395714286,25.2222221428571,28.4285714285714,24,NA,NA,NA,NA,4209102,21.288457142857144,27.4649,24.11987142857143,193.282,71.70607142857142,95.91458571428572,86.15824285714285
2021-01-31,202105,84,84,84,84,4209102,0.9674578,14.054861,0,3,420910220210519700,2023-11-24,1.3585463,Joinville,597658,22.7142857142857,99.1517885714286,1,1,1,79.0556685714286,61.5701401428571,27.2511671428571,30.7142857142857,28,NA,NA,NA,NA,4209102,21.0666,28.879685714285714,24.57737142857143,157.0459,60.74008571428571,94.67527142857142,80.27751428571429
2021-02-07,202106,105,105,105,105,4209102,0.9933584,17.568577,0,3,420910220210619700,2023-11-24,1.4540646,Joinville,597658,19.8571428571429,98.3362385714286,1,1,1,81.5972108571429,64.4509712857143,23.8818855714286,27.2857142857143,31,NA,NA,NA,NA,4209102,18.40347142857143,24.953914285714287,21.3943,143.3501,66.2007,96.7208,83.32267142857143
2021-02-14,202107,118,118,118,118,4209102,0.98781890000000006,19.743732,0,3,420910220210719700,2023-11-24,1.3724388,Joinville,597658,20.4285714285714,99.1579742857143,1,1,1,79.739583,60.1009575714286,25.3255135714286,29.7142857142857,41,NA,NA,NA,NA,4209102,19.183085714285713,27.618671428571428,23.041471428571427,108.8165,60.7899,96.24878571428572,82.06142857142858
2021-02-21,202108,196,196,196,196,4209102,0.99999994,32.794674,0,3,420910220210819700,2023-11-24,1.8585845,Joinville,597658,22,98.3713357142857,1,1,1,86.7019532857143,75.7315911428571,24.3529307142857,26.5714285714286,88,NA,NA,NA,NA,4209102,20.1237,24.836728571428573,22.10985714285714,449.273,77.375,97.19404285714286,88.88744285714286
2021-02-28,202109,279,279,279,279,4209102,1,46.682217,0,3,420910220210919700,2023-11-24,1.9952817,Joinville,597658,21.4285714285714,100,1,1,1,93.4892255714286,82.7703902857143,23.4197881428571,25.8571428571429,137,NA,NA,NA,NA,4209102,20.0047,25.019542857142856,22.230428571428572,446.0851,78.59147142857142,97.25405714285714,90.24915714285714
2021-03-07,202110,454,454,454,454,4209102,1,75.96317,0,3,420910220211019700,2023-11-24,2.2166033,Joinville,597658,20,100,1,1,2,84.2848571428571,70.5069168571429,23.8888891428571,27.1428571428571,249,NA,NA,NA,NA,4209102,19.01844285714286,24.787842857142856,21.64602857142857,169.3699,72.26792857142857,96.19712857142858,86.49285714285715
2021-03-14,202111,745,745,745,745,4209102,1,124.65323,0,3,420910220211119700,2023-11-24,2.3601584,Joinville,597658,21.7142857142857,100,1,1,2,89.0695371428571,75.8549731428571,25.0809994285714,27.8571428571429,427,NA,NA,NA,NA,4209102,20.67551428571429,25.883142857142857,22.936985714285715,154.2551,75.47134285714286,96.91687142857144,88.56368571428571
2021-03-21,202112,1014,1014,1014,1014,4209102,1,169.66225,0,4,420910220211219700,2023-11-24,2.0494618,Joinville,597658,22,100,1,1,2,87.7994477142857,70.90999,25.4841271428571,29.1428571428571,550,NA,NA,NA,NA,4209102,21.056628571428572,27.25138571428571,23.613,165.34470000000002,73.63655714285714,97.37665714285714,88.72041428571428
2021-03-28,202113,1412,1412,1412,1412,4209102,1,236.25552,0,4,420910220211319700,2023-11-24,1.8962989,Joinville,597658,19,99.1328242857143,1,1,2,81.8484792857143,61.8734761428571,23.303258,27,1004,NA,NA,NA,NA,4209102,17.6688,24.56132857142857,21.0312,117.8726,64.46701428571428,95.32882857142856,82.22202857142857
2021-04-04,202114,1577,1577,1577,1577,4209102,1,263.86328,0,4,420910220211419700,2023-11-24,1.5201805,Joinville,597658,18.7142857142857,100,1,1,2,87.2494105714286,70.4707591428571,22.9240365714286,26.7142857142857,1200,NA,NA,NA,NA,4209102,17.7813,23.75677142857143,20.392485714285716,107.9019,70.32054285714285,97.86224285714286,87.41342857142857
2021-04-11,202115,1614,1614,1614,1614,4209102,1,270.0541,0,4,420910220211519700,2023-11-24,1.2230358,Joinville,597658,19.5714285714286,99.1517885714286,1,1,2,82.9826894285714,65.5418267142857,23.0665447142857,26.4285714285714,1236,NA,NA,NA,NA,4209102,17.385428571428573,23.241085714285713,20.346642857142857,62.5141,69.02577142857143,94.04908571428572,83.11994285714286
2021-04-18,202116,2287,2287,2287,2287,4209102,1,382.6603,0,4,420910220211619700,2023-11-24,1.482252,Joinville,597658,17.4285714285714,100,0,1,2,89.567513,72.9976521428571,20.730159,23.7142857142857,1837,NA,NA,NA,NA,4209102,16.29734285714286,21.586414285714287,18.50192857142857,131.7666,71.18145714285714,96.43077142857145,86.93618571428571
2021-04-25,202117,2059,2059,2059,2059,4209102,0.9999984,344.5114,0,4,420910220211719700,2023-11-24,1.1627089,Joinville,597658,16.4285714285714,100,0,1,2,80.2946495714286,58.2114651428571,21.0985061428571,24.7142857142857,1796,NA,NA,NA,NA,4209102,15.218985714285717,21.29108571428571,18.026285714285713,69.6905,65.55481428571429,95.14937142857144,82.93058571428571
2021-05-02,202118,2064,2064,2064,2064,4209102,0.8261385,345.34802,0,4,420910220211819700,2023-11-24,1.0298809,Joinville,597658,16.7142857142857,99.11983,0,0,2,83.6654128571429,67.3760687142857,20.6819448571429,24.2857142857143,1673,NA,NA,NA,NA,4209102,15.137685714285714,21.583114285714284,18.104685714285715,93.4268,70.72064285714286,95.62994285714286,86.10071428571429
2021-05-09,202119,1869,1869,1869,1869,4209102,6.983014e-4,312.72064,0,4,420910220211919700,2023-11-24,0.9031312,Joinville,597658,15,100,0,0,2,87.9540171428571,72.5964968571429,18.5752094285714,21.5714285714286,1538,NA,NA,NA,NA,4209102,13.736671428571428,19.268,16.001328571428573,123.292,74.24108571428572,95.3149,87.21121428571429
2021-05-16,202120,1470,1470,1470,1470,4209102,0,245.96007,0,4,420910220212019700,2023-11-24,0.7408945,Joinville,597658,16.5714285714286,95.7291557142857,0,0,2,81.0318328571429,64.2700818571429,20.6112155714286,23.7142857142857,1155,NA,NA,NA,NA,4209102,14.298642857142855,21.723214285714285,17.552685714285715,39.6969,66.40288571428572,97.09961428571428,86.18084285714285
2021-05-23,202121,1467,1467,1467,1467,4209102,2.3660554e-9,245.4581,0,4,420910220212119700,2023-11-24,0.81433326,Joinville,597658,13.1428571428571,97.3568628571429,0,0,2,74.0890958571429,56.4186041428571,19.1904761428571,23.2857142857143,1195,NA,NA,NA,NA,4209102,12.500528571428571,22.150114285714285,16.732742857142856,7.4888,52.93262857142857,86.47872857142858,73.19862857142857
2021-05-30,202122,982,982,982,982,4209102,0,164.30801,0,4,420910220212219700,2023-11-24,0.6264554,Joinville,597658,15.8571428571429,100,0,0,2,88.949025,74.9452042857143,19.3707487142857,22.4285714285714,669,NA,NA,NA,NA,4209102,14.856814285714286,21.65657142857143,17.5705,67.8057,72.49675714285715,96.86294285714284,88.41611428571429
2021-06-06,202123,894,894,894,894,4209102,0,149.58388,0,4,420910220212319700,2023-11-24,0.6685792,Joinville,597658,16.2857142857143,99.1263634285714,0,0,2,84.6287584285714,65.6575602857143,19.7910712857143,22.8571428571429,576,NA,NA,NA,NA,4209102,15.0072,19.0873,16.835185714285714,190.9124,78.3009,96.8237,89.85858571428571
2021-06-13,202124,612,612,612,612,4209102,0,102.3997,0,4,420910220212419700,2023-11-24,0.5645622,Joinville,597658,12.8571428571429,98.2499085714286,0,0,2,87.8083168571429,77.9909671428571,15.5081635714286,17.5714285714286,383,NA,NA,NA,NA,4209102,10.729228571428571,16.1742,13.104185714285714,152.1586,76.00135714285715,95.36652857142856,87.69377142857142
2021-06-20,202125,452,452,452,452,4209102,0,75.62854,0,4,420910220212519700,2023-11-24,0.53006077,Joinville,597658,14.7142857142857,100,0,0,2,89.246487,73.2028357142857,18.265986,21,193,NA,NA,NA,NA,4209102,13.8501,19.21961428571429,15.896728571428572,104.438,74.07285714285715,96.58498571428572,89.22277142857143
2021-06-27,202126,326,326,326,326,4209102,0,54.546246,0,4,420910220212619700,2023-11-24,0.50373435,Joinville,597658,9.71428571428571,97.2816677142857,0,0,2,77.4123437142857,60.5140478571429,15.3233908571429,19.8571428571429,101,NA,NA,NA,NA,4209102,9.2291,17.772100000000002,12.885542857142855,121.3546,62.723142857142854,91.40997142857142,79.4031
2021-07-04,202127,284,284,284,284,4209102,1.3894441e-12,47.518814,0,4,420910220212719700,2023-11-24,0.5973384,Joinville,597658,13,100,0,0,1,87.0613965714286,69.9672621428571,17.0680274285714,20.2857142857143,45,NA,NA,NA,NA,4209102,12.323414285714286,18.556057142857146,14.7994,22.9589,69.40565714285714,97.62644285714286,88.1375857142857
2021-07-11,202128,235,235,235,235,4209102,1.9686176e-7,39.320145,0,1,420910220212819700,2023-11-24,0.65647656,Joinville,597658,14.7142857142857,99.1065457142857,0,0,1,88.557472,75.7669825714286,18.3108511428571,21.4285714285714,34,NA,NA,NA,NA,4209102,12.990428571428572,21.422614285714285,16.492085714285714,31.760299999999997,65.84457142857143,95.17034285714286,84.43851428571429
2021-07-18,202129,213,213,213,213,4209102,4.028406e-4,35.63911,0,1,420910220212919700,2023-11-24,0.7401421,Joinville,597658,9.71428571428571,96.3556542857143,0,0,1,63.1788467142857,40.8973537142857,16.2557821428571,20.7142857142857,14,NA,NA,NA,NA,4209102,7.4111714285714285,18.371614285714287,12.4957,0.86,50.871228571428574,87.8644,72.98017142857142
2021-07-25,202130,154,154,154,154,4209102,4.373243e-6,25.767244,0,1,420910220213019700,2023-11-24,0.6363295,Joinville,597658,8.85714285714286,95.4668642857143,0,0,1,69.3827028571429,51.183505,14.9234432857143,19.4285714285714,9,NA,NA,NA,NA,4209102,8.041442857142858,18.086114285714284,12.77137142857143,18.2049,52.77921428571429,86.80605714285714,70.10751428571429
2021-08-01,202131,149,149,149,149,4209102,0.0016617599,24.930647,0,1,420910220213119700,2023-11-24,0.7304437,Joinville,597658,14.2857142857143,97.3459848571429,0,0,1,83.34379,70.4717652857143,17.4747251428571,19.8571428571429,11,NA,NA,NA,NA,4209102,12.287585714285717,17.65732857142857,14.428185714285714,52.407300000000006,73.5926,97.4738,88.78714285714285
2021-08-08,202132,126,126,126,126,4209102,0.0052894005,21.08229,0,1,420910220213219700,2023-11-24,0.7419437,Joinville,597658,14.4285714285714,98.2499085714286,0,0,1,87.1884334285714,72.9947432857143,16.7346938571429,19,8,NA,NA,NA,NA,4209102,12.457142857142856,18.496242857142857,14.76382857142857,258.7027,71.61168571428571,95.54448571428571,86.99468571428572
2021-08-15,202133,116,116,116,116,4209102,0.031401288,19.409094,0,1,420910220213319700,2023-11-24,0.7943181,Joinville,597658,16.8571428571429,99.11983,0,0,1,84.2718538571429,71.0996888571429,20.1993201428571,23.5714285714286,9,NA,NA,NA,NA,4209102,15.501671428571427,24.563585714285715,19.018328571428572,29.5096,65.57038571428572,97.62437142857142,85.67534285714285
2021-08-22,202134,112,112,112,112,4209102,0.12659676,18.739815,0,1,420910220213419700,2023-11-24,0.86335534,Joinville,597658,17.1428571428571,96.5597314285714,0,0,1,84.9261971428571,70.6409932857143,19.4456828571429,22.2857142857143,6,NA,NA,NA,NA,4209102,15.561542857142856,23.55277142857143,18.72105714285714,52.9249,64.02308571428571,94.57907142857142,83.07277142857143
2021-08-29,202135,122,122,122,122,4209102,0.57142484,20.413012,0,1,420910220213519700,2023-11-24,1.0234106,Joinville,597658,16.2857142857143,98.2591877142857,0,0,1,85.170963,73.301448,19.6560635714286,22.4285714285714,7,NA,NA,NA,NA,4209102,14.977942857142857,21.0173,17.345542857142856,70.85,71.93865714285714,97.49751428571427,88.30367142857142
2021-09-05,202136,97,97,97,97,4209102,0.10769283,16.230019,0,1,420910220213619700,2023-11-24,0.8435382,Joinville,597658,17.1428571428571,98.2461934285714,0,0,1,81.8644758571429,66.1687118571429,20.750691,23.8571428571429,5,NA,NA,NA,NA,4209102,15.39092857142857,22.48337142857143,18.4352,171.3975,65.91692857142857,95.57511428571428,84.50895714285714
2021-09-12,202137,82,82,82,82,4209102,0.019546824,13.7202215,0,1,420910220213719700,2023-11-24,0.7420033,Joinville,597658,17.1428571428571,98.2973257142857,0,0,1,89.7621608571429,81.2277237142857,19.1019492857143,21.1428571428571,4,NA,NA,NA,NA,4209102,15.617971428571428,21.640857142857143,18.03567142857143,170.3988,76.62301428571429,97.44988571428571,88.96077142857143
2021-09-19,202138,88,88,88,88,4209102,0.20211801,14.72414,0,1,420910220213819700,2023-11-24,0.8854116,Joinville,597658,17,96.5112062857143,0,0,1,81.6315165714286,66.2577838571429,20.1801587142857,23.1428571428571,0,NA,NA,NA,NA,4209102,14.782471428571428,21.58417142857143,17.849514285714285,43.3685,70.48415714285714,94.85187142857144,84.68307142857142
2021-09-26,202139,76,76,76,76,4209102,0.16081673,12.716303,0,1,420910220213919700,2023-11-24,0.8570126,Joinville,597658,18,99.1328242857143,0,0,1,85.442085,72.9139865714286,21.3145357142857,24.1428571428571,3,NA,NA,NA,NA,4209102,16.4676,22.637485714285713,19.064385714285716,225.524,73.88425714285714,97.83578571428572,88.56718571428571
2021-10-03,202140,43,43,43,43,4209102,2.4387348e-4,7.1947503,0,1,420910220214019700,2023-11-24,0.5279126,Joinville,597658,16.4285714285714,100,0,0,1,89.5521557142857,77.2499871428571,18.359524,20.2857142857143,1,NA,NA,NA,NA,4209102,15.212314285714283,18.881,16.757128571428574,335.7275,80.61934285714285,96.1349,89.86095714285715
2021-10-10,202141,69,69,69,69,4209102,0.44541952,11.545064,0,1,420910220214119700,2023-11-24,0.9771046,Joinville,597658,18.7142857142857,99.1392157142857,1,0,1,89.227005,79.8330164285714,20.9082422857143,23,1,NA,NA,NA,NA,4209102,16.816685714285715,21.851042857142858,18.78805714285714,225.7695,75.56195714285714,98.0515,89.83341428571428
2021-10-17,202142,72,72,72,72,4209102,0.82490295,12.047024,0,1,420910220214219700,2023-11-24,1.1754066,Joinville,597658,15.4285714285714,99.1263634285714,0,0,1,84.6624548571429,67.7343264285714,18.8381188571429,21.7142857142857,3,NA,NA,NA,NA,4209102,13.8652,19.10467142857143,16.2661,199.8482,72.93887142857143,95.90108571428571,86.46405714285714
2021-10-24,202143,78,78,78,78,4209102,0.8796294,13.050942,0,1,420910220214319700,2023-11-24,1.2174302,Joinville,597658,18,98.2527268571429,0,0,1,82.2152487142857,66.4928482857143,21.7361108571429,24.7142857142857,8,NA,NA,NA,NA,4209102,16.345342857142857,22.166,18.8639,147.8714,73.82402857142857,96.72928571428572,87.73028571428571
2021-10-31,202144,95,95,95,95,4209102,0.9624098,15.895378,0,1,420910220214419700,2023-11-24,1.3177421,Joinville,597658,20.2857142857143,98.2910742857143,1,1,1,83.1237512857143,68.2001601428571,23.15873,26,5,NA,NA,NA,NA,4209102,18.28612857142857,23.319,20.24807142857143,256.8463,74.14764285714286,98.40378571428572,89.25958571428572
2021-11-07,202145,86,86,86,86,4209102,0.67699087,14.389501,0,1,420910220214519700,2023-11-24,1.0737104,Joinville,597658,18.2857142857143,98.2783614285714,1,0,1,88.3441092857143,74.682598,19.7785257142857,21.5714285714286,3,NA,NA,NA,NA,4209102,16.244600000000002,19.3664,17.5431,210.7914,77.25792857142856,95.4398,88.0616
2021-11-14,202146,100,100,100,100,4209102,0.82624716,16.731977,0,2,420910220214619700,2023-11-24,1.1470412,Joinville,597658,19,96.55012,1,0,1,79.6996344285714,66.5286434285714,22.2152778571429,24.7142857142857,4,NA,NA,NA,NA,4209102,16.818085714285715,22.4717,19.25604285714286,190.3363,72.20628571428571,96.24365714285716,85.81981428571429
2021-11-21,202147,104,104,104,104,4209102,0.81199026,17.401257,0,2,420910220214719700,2023-11-24,1.1347756,Joinville,597658,18.5714285714286,97.4364057142857,1,0,1,75.6100592857143,56.0687141428571,24.0714285714286,28.4285714285714,3,NA,NA,NA,NA,4209102,17.185014285714285,26.444242857142857,21.176614285714287,48.0325,57.551585714285714,93.30101428571427,78.69387142857143
2021-11-28,202148,114,114,114,114,4209102,0.8721884,19.074453,0,2,420910220214819700,2023-11-24,1.1691325,Joinville,597658,20.5714285714286,94.9665771428571,1,0,1,79.8099871428571,69.1092547142857,23.697479,26,14,NA,NA,NA,NA,4209102,18.75445714285714,24.837357142857144,21.4538,106.5851,66.15491428571428,93.69422857142855,82.01075714285714
2021-12-05,202149,104,104,104,104,4209102,0.5010648,17.401257,0,2,420910220214919700,2023-11-24,1.0003694,Joinville,597658,19.2857142857143,93.4163162857143,1,0,1,76.8571271428571,61.720436428571396,22.2675068571429,24.5714285714286,37,NA,NA,NA,NA,4209102,16.935114285714285,23.0395,19.672657142857144,211.0472,64.68005714285714,94.7334,81.64934285714286
2021-12-12,202150,115,115,115,115,4209102,0.685287,19.241774,0,2,420910220215019700,2023-11-24,1.0666779,Joinville,597658,23,95.9357757142857,1,0,1,83.4355205714286,73.2594077142857,25.6518965714286,28,78,NA,NA,NA,NA,4209102,20.870557142857145,25.68792857142857,22.92497142857143,142.5066,75.76757142857143,98.15554285714286,88.62831428571428
2021-12-19,202151,52,52,52,52,4209102,7.232878e-6,8.700628,0,2,420910220215119700,2023-11-24,0.49159226,Joinville,597658,19.8571428571429,95.7361185714286,1,0,1,75.067077,59.8997584285714,23.784197,26.7142857142857,36,NA,NA,NA,NA,4209102,17.667042857142857,25.50677142857143,21.146328571428572,131.4065,59.94282857142857,94.79754285714286,79.00584285714285
2021-12-26,202152,52,52,52,52,4209102,2.87676e-4,8.700628,0,2,420910220215219700,2023-11-24,0.55876297,Joinville,597658,20.7142857142857,95.7976557142857,1,0,1,81.5674092857143,68.8065821428571,24.4467791428571,27.2857142857143,26,NA,NA,NA,NA,4209102,18.68057142857143,25.964014285714285,21.9493,145.3299,70.14642857142857,97.40917142857144,85.9197
2022-01-02,202201,104,104,104,104,4209102,0.9906051,17.401257,0,2,420910220220119700,2023-11-24,1.4265428,Joinville,597658,22.4285714285714,96.6375428571429,1,1,1,80.8168631428571,66.1867845714286,25.4426777142857,28.2857142857143,0,NA,NA,NA,NA,4209102,20.025,25.9314,22.634657142857144,233.4601,69.25655714285715,95.90677142857145,84.52345714285714
2022-01-09,202202,132,132,132,132,4209102,0.99998754,22.08621,0,3,420910220220219700,2023-11-24,1.825612,Joinville,597658,20.7142857142857,100,1,1,1,86.5485871428571,72.114284,24.1349205714286,27.1428571428571,3,NA,NA,NA,NA,4209102,19.331914285714287,25.018128571428573,21.718557142857144,244.27,73.88528571428571,97.66128571428573,88.17362857142857
2022-01-16,202203,117,117,117,117,4209102,0.9288688,19.576414,0,3,420910220220319700,2023-11-24,1.2230711,Joinville,597658,23.5714285714286,96.8261108571429,1,0,1,77.0225512857143,62.847556,28.316739,31.5714285714286,3,NA,NA,NA,NA,4209102,21.98634285714286,29.653714285714287,25.562414285714286,91.9582,64.76497142857143,98.4335,84.12025714285714
2022-01-23,202204,76,76,76,76,4209102,0.0032099509,12.716303,0,2,420910220220419700,2023-11-24,0.6708284,Joinville,597658,22.2857142857143,97.5103678571429,1,0,1,82.991718,71.2441264285714,25.7738094285714,28.4285714285714,2,NA,NA,NA,NA,4209102,20.70832857142857,26.676514285714283,23.286914285714285,385.0201,70.42292857142857,96.84902857142858,85.78555714285714
2022-01-30,202205,62,62,62,62,4209102,2.937138e-4,10.373826,0,2,420910220220519700,2023-11-24,0.5837698,Joinville,597658,22.1428571428571,98.3827942857143,1,0,1,82.7723142857143,64.5578184285714,26.0680277142857,30.1428571428571,4,NA,NA,NA,NA,4209102,20.3372,26.864071428571428,23.043857142857146,140.203,68.07351428571428,96.25565714285716,85.14692857142857
2022-02-06,202206,118,118,118,118,4209102,0.9833527,19.743732,0,2,420910220220619700,2023-11-24,1.3470618,Joinville,597658,21.2857142857143,95.8151242857143,1,1,1,78.8598627142857,64.8747028571429,24.9920631428571,27.8571428571429,13,NA,NA,NA,NA,4209102,19.456585714285715,25.16712857142857,22.213228571428573,158.2223,66.23141428571428,95.50214285714286,82.91831428571429
2022-02-13,202207,86,86,86,86,4209102,0.5843377,14.389501,0,2,420910220220719700,2023-11-24,1.0332079,Joinville,597658,19.5714285714286,98.3033071428571,1,0,1,80.3922937142857,61.7937332857143,24.4285715714286,28.2857142857143,19,NA,NA,NA,NA,4209102,18.511542857142857,26.174785714285715,22.067657142857144,430.3226,64.28005714285715,96.26712857142856,82.01661428571428
2022-02-20,202208,109,109,109,109,4209102,0.8640054,18.237856,0,2,420910220220819700,2023-11-24,1.1668795,Joinville,597658,22.4285714285714,97.4920771428571,1,0,1,83.096657,69.4736895714286,26.6111108571429,30.2857142857143,31,NA,NA,NA,NA,4209102,21.37782857142857,27.943157142857142,24.240042857142857,171.3804,71.17875714285715,96.83237142857143,86.22208571428571
2022-02-27,202209,177,177,177,177,4209102,0.9999964,29.615599,0,2,420910220220919700,2023-11-24,1.7269487,Joinville,597658,23.4285714285714,98.3402885714286,1,1,1,86.0765714285714,70.541544,26.566666,29.7142857142857,87,NA,NA,NA,NA,4209102,21.896585714285713,27.399471428571427,24.255085714285713,317.9647,73.83261428571429,97.56738571428572,88.27928571428572
2022-03-06,202210,275,275,275,275,4209102,1,46.012936,0,3,420910220221019700,2023-11-24,2.1379719,Joinville,597658,23.2857142857143,96.6864357142857,1,1,1,85.1635928571429,71.9275114285714,26.6290728571429,30.2857142857143,138,NA,NA,NA,NA,4209102,21.921342857142857,27.858,24.453842857142856,276.6282,71.47571428571429,97.08025714285714,86.97695714285715
2022-03-13,202211,563,563,563,563,4209102,1,94.201035,0,3,420910220221119700,2023-11-24,2.82771,Joinville,597658,21.7142857142857,98.3035114285714,1,1,2,90.9496092857143,83.2245994285714,23.1412905714286,25,374,NA,NA,NA,NA,4209102,19.92452857142857,25.108271428571427,22.06384285714286,282.1566,76.10437142857143,95.61752857142858,88.26358571428571
2022-03-20,202212,843,843,843,843,4209102,1,141.05057,0,3,420910220221219700,2023-11-24,2.4753065,Joinville,597658,20.5714285714286,95.8094771428571,1,1,2,84.2707521428571,69.1988614285714,23.3650798571429,26.1428571428571,626,NA,NA,NA,NA,4209102,18.6001,24.341214285714287,21.102785714285716,187.0055,71.1263,95.08085714285714,85.64442857142856
2022-03-27,202213,1046,1046,1046,1046,4209102,1,175.01648,0,4,420910220221319700,2023-11-24,1.8623582,Joinville,597658,18.8571428571429,99.1579742857143,1,1,2,87.8594827142857,76.3672405714286,21.7586994285714,25,794,NA,NA,NA,NA,4209102,17.174685714285715,23.03841428571429,19.62592857142857,253.9707,74.73605714285715,96.42797142857142,87.9026
2022-04-03,202214,1475,1475,1475,1475,4209102,1,246.79666,0,4,420910220221419700,2023-11-24,1.796759,Joinville,597658,20.4285714285714,98.3097628571429,1,1,2,91.7022714285714,83.1774457142857,22.611111,25,1105,NA,NA,NA,NA,4209102,18.9601,23.943214285714287,21.0163,118.2769,76.20988571428572,97.6577,89.80137142857143
2022-04-10,202215,2161,2161,2161,2161,4209102,1,361.57803,0,4,420910220221519700,2023-11-24,1.9183383,Joinville,597658,18.2857142857143,99.1132242857143,1,1,2,86.0136508571428,70.807552,21.6825394285714,24.5714285714286,1695,NA,NA,NA,NA,4209102,17.338157142857142,22.5058,19.684114285714287,249.7365,71.63542857142858,95.52657142857144,86.37808571428572
2022-04-17,202216,2968,2968,2968,2968,4209102,1,496.60507,0,4,420910220221619700,2023-11-24,1.8871622,Joinville,597658,16.4285714285714,97.4109042857143,0,1,2,82.4089091428571,65.0283894285714,20.9943488571429,25,2011,NA,NA,NA,NA,4209102,15.140028571428571,22.612828571428572,18.640885714285716,166.7899,65.54648571428571,95.71415714285716,83.92958571428571
2022-04-24,202217,2913,2913,2913,2913,4209102,1,487.4025,0,4,420910220221719700,2023-11-24,1.3518956,Joinville,597658,20.5714285714286,94.91179,1,1,2,84.71878,72.703155,23.3158728571429,26.2857142857143,1952,NA,NA,NA,NA,4209102,17.854485714285715,24.83757142857143,20.757414285714283,64.6186,68.73785714285714,96.38422857142857,85.67681428571429
2022-05-01,202218,3332,3332,3332,3332,4209102,1,557.50946,0,4,420910220221819700,2023-11-24,1.2450936,Joinville,597658,17.2857142857143,98.278152,0,1,2,90.3931057142857,78.8404812857143,19.3630325714286,22.1428571428571,2562,NA,NA,NA,NA,4209102,16.317714285714285,20.784542857142856,18.2738,502.667,71.10992857142857,95.14022857142857,86.20372857142857
2022-05-08,202219,3188,3188,3188,3188,4209102,0.99564004,533.4154,0,4,420910220221919700,2023-11-24,1.0690775,Joinville,597658,16.5714285714286,98.2591877142857,0,1,2,86.0850812857143,70.7546592857143,19.831767,23.4285714285714,2365,NA,NA,NA,NA,4209102,15.066457142857145,20.506714285714285,17.558028571428572,72.1904,70.543,95.28107142857144,86.10948571428571
2022-05-15,202220,3159,3159,3159,3159,4209102,0.5644432,528.5632,0,4,420910220222019700,2023-11-24,1.0040946,Joinville,597658,11.8571428571429,90.3792735714286,0,0,2,65.9488241428571,41.5813124285714,17.6917292857143,22.7142857142857,2177,NA,NA,NA,NA,4209102,10.8441,18.99551428571429,14.746414285714286,3.7665,49.99392857142857,81.73942857142858,68.73582857142857
2022-05-22,202221,2638,2638,2638,2638,4209102,5.0415228e-12,441.38956,0,4,420910220222119700,2023-11-24,0.8359718,Joinville,597658,14.4285714285714,100,0,0,2,86.370388,66.1027907142857,19.1105925714286,23.8571428571429,1703,NA,NA,NA,NA,4209102,13.565442857142855,22.245857142857144,16.957642857142858,13.2162,63.42811428571429,97.41778571428571,86.20145714285714
2022-05-29,202222,1949,1949,1949,1949,4209102,0,326.10623,0,4,420910220222219700,2023-11-24,0.65657896,Joinville,597658,14.2857142857143,100,0,0,2,92.7625531428571,82.2797164285714,15.9078531428571,17.7142857142857,1240,NA,NA,NA,NA,4209102,13.207342857142857,16.57497142857143,14.578914285714283,599.3948,81.57152857142857,96.04052857142857,90.07834285714286
2022-06-05,202223,1271,1271,1271,1271,4209102,0,212.66344,0,4,420910220222319700,2023-11-24,0.4995474,Joinville,597658,15.7142857142857,100,0,0,2,92.4529661428571,82.8464988571429,17.3474637142857,19.1428571428571,620,NA,NA,NA,NA,4209102,14.173942857142857,18.647671428571428,16.062385714285714,210.2071,74.79185714285714,96.76907142857142,88.78594285714286
2022-06-12,202224,942,942,942,942,4209102,0,157.61522,0,4,420910220222419700,2023-11-24,0.4807599,Joinville,597658,10.5714285714286,99.0720014285714,0,0,2,80.8746687142857,58.2781107142857,15.6052631428571,20,448,NA,NA,NA,NA,4209102,10.332342857142857,19.66634285714286,14.253357142857142,9.9355,59.361157142857145,88.97208571428571,77.57821428571428
2022-06-19,202225,930,930,930,930,4209102,0,155.60739,0,4,420910220222519700,2023-11-24,0.6578647,Joinville,597658,14.5714285714286,100,0,0,2,87.6045337142857,74.0308498571429,17.6791984285714,20.8571428571429,458,NA,NA,NA,NA,4209102,13.967657142857142,21.35762857142857,16.855414285714286,14.9431,70.26055714285714,95.64492857142857,86.64001428571429
2022-06-26,202226,655,655,655,655,4209102,0,109.59445,0,4,420910220222619700,2023-11-24,0.61728835,Joinville,597658,12.8571428571429,99.1065457142857,0,0,2,82.595604,64.219479,17.0225562857143,21,283,NA,NA,NA,NA,4209102,12.365285714285712,18.904457142857144,14.953228571428571,9.6686,67.49552857142858,92.6299,84.06385714285715
2022-07-03,202227,452,452,452,452,4209102,0,75.62854,0,4,420910220222719700,2023-11-24,0.5259083,Joinville,597658,14.1428571428571,100,0,0,2,87.5187851428571,66.6762138571429,18.6365914285714,23.7142857142857,161,NA,NA,NA,NA,4209102,14.700042857142858,23.61265714285714,18.31492857142857,5.274,59.953671428571425,92.00231428571428,80.40335714285715
2022-07-10,202228,324,324,324,324,4209102,0,54.211605,0,4,420910220222819700,2023-11-24,0.48361027,Joinville,597658,15.8571428571429,99.1328242857143,0,0,2,90.2326462857143,77.8361692857143,18.066792,21.1428571428571,119,NA,NA,NA,NA,4209102,14.9057,22.39511428571429,17.8031,47.1664,64.1636,93.25604285714286,81.90165714285715
2022-07-17,202229,290,290,290,290,4209102,5.255796e-13,48.522736,0,4,420910220222919700,2023-11-24,0.5949596,Joinville,597658,16,96.4883214285714,0,0,1,86.0740292857143,76.3072698571429,18.2951128571429,21.4285714285714,89,NA,NA,NA,NA,4209102,14.680842857142856,21.478042857142857,17.530571428571427,12.4364,68.49815714285714,93.64255714285714,84.33688571428571
2022-07-24,202230,217,217,217,217,4209102,1.0265857e-9,36.30839,0,1,420910220223019700,2023-11-24,0.60256135,Joinville,597658,15,96.5338848571429,0,0,1,79.400408,57.9671915714286,18.6981618571429,23.2857142857143,73,NA,NA,NA,NA,4209102,14.096457142857142,22.39722857142857,17.540285714285716,6.022,55.87098571428571,92.55374285714286,78.04835714285714
2022-07-31,202231,165,165,165,165,4209102,1.0062764e-8,27.607761,0,1,420910220223119700,2023-11-24,0.5831613,Joinville,597658,14.5714285714286,97.39187,0,0,1,86.7249827142857,73.0328757142857,16.9743107142857,19.7142857142857,53,NA,NA,NA,NA,4209102,13.180057142857144,21.5463,16.683185714285713,36.9165,62.29871428571428,95.18017142857144,82.79735714285714
2022-08-07,202232,128,128,128,128,4209102,1.5568526e-7,21.416931,0,1,420910220223219700,2023-11-24,0.57357097,Joinville,597658,14,100,0,0,1,90.8749057142857,77.3489585714286,16.7037591428571,19.2857142857143,27,NA,NA,NA,NA,4209102,13.257642857142857,17.15882857142857,14.860857142857142,1003.0567,80.94468571428571,95.67282857142855,90.2386
2022-08-14,202233,97,97,97,97,4209102,2.169265e-6,16.230019,0,1,420910220223319700,2023-11-24,0.56494784,Joinville,597658,13.1428571428571,100,0,0,1,85.5714137142857,72.3456012857143,16.6647242857143,19.5714285714286,22,NA,NA,NA,NA,4209102,13.171614285714286,19.554957142857145,15.9216,245.7966,66.42492857142857,93.82865714285714,80.68787142857143
2022-08-21,202234,89,89,89,89,4209102,0.001714537,14.891459,0,1,420910220223419700,2023-11-24,0.6726553,Joinville,597658,14.8571428571429,99.1132242857143,0,0,1,88.8768678571429,75.72244,17.8261281428571,21,15,NA,NA,NA,NA,4209102,13.062114285714284,20.596442857142858,16.19702857142857,21.6668,67.77267142857143,98.20152857142855,87.06415714285714
2022-08-28,202235,89,89,89,89,4209102,0.11213247,14.891459,0,1,420910220223519700,2023-11-24,0.8402587,Joinville,597658,12.1428571428571,97.3118385714286,0,0,1,88.5265314285714,75.9863371428571,15.0924812857143,18.7142857142857,21,NA,NA,NA,NA,4209102,11.211314285714286,18.606985714285713,14.57077142857143,104.4792,68.24771428571428,93.04461428571427,82.35237142857143
2022-09-04,202236,69,69,69,69,4209102,0.034852557,11.545064,0,1,420910220223619700,2023-11-24,0.7507396,Joinville,597658,14.8571428571429,100,0,0,1,85.2624485714286,64.3076698571429,18.4887218571429,23.8571428571429,10,NA,NA,NA,NA,4209102,13.293114285714283,21.8281,17.041757142857143,200.2007,67.27567142857143,95.10815714285714,83.64552857142857
2022-09-11,202237,123,123,123,123,4209102,0.99470127,20.580332,0,1,420910220223719700,2023-11-24,1.4268326,Joinville,597658,14.2857142857143,97.3195614285714,0,1,1,89.2817514285714,78.1974912857143,16.2293232857143,18,15,NA,NA,NA,NA,4209102,13.018657142857142,17.521,14.930557142857143,374.2104,76.08888571428571,96.77674285714286,88.52199999999999
2022-09-18,202238,91,91,91,91,4209102,0.5596713,15.226099,0,1,420910220223819700,2023-11-24,1.0225816,Joinville,597658,13.8571428571429,99.11983,0,0,1,80.0423385714286,66.9436057142857,17.5669172857143,20.4285714285714,8,NA,NA,NA,NA,4209102,12.1914,20.403457142857143,15.967171428571428,77.2671,58.9386,89.20075714285714,77.27987142857143
2022-09-25,202239,66,66,66,66,4209102,0.007967732,11.043105,0,1,420910220223919700,2023-11-24,0.6835028,Joinville,597658,14.8571428571429,98.2263757142857,0,0,1,88.8584941428571,77.7037332857143,16.9650914285714,18.8571428571429,4,NA,NA,NA,NA,4209102,13.6052,18.541485714285713,15.7202,191.9293,74.82351428571428,95.03117142857144,86.55048571428571
2022-10-02,202240,65,65,65,65,4209102,0.023082806,10.875785,0,1,420910220224019700,2023-11-24,0.72481954,Joinville,597658,16.4285714285714,97.3855511428571,0,0,1,80.2921728571429,64.3261872857143,19.795322,22.5714285714286,5,NA,NA,NA,NA,4209102,14.838871428571428,20.933442857142857,17.437271428571428,151.8199,66.43707142857143,95.36241428571428,83.238
2022-10-09,202241,70,70,70,70,4209102,0.344074,11.712384,0,1,420910220224119700,2023-11-24,0.9356322,Joinville,597658,17,98.2876914285714,0,0,1,89.2842234285714,79.034635,19.3251884285714,21.4285714285714,10,NA,NA,NA,NA,4209102,15.404885714285712,20.93062857142857,17.645414285714285,269.6105,78.22914285714286,97.06914285714286,90.28064285714284
2022-10-16,202242,88,88,88,88,4209102,0.93540853,14.72414,0,1,420910220224219700,2023-11-24,1.2742887,Joinville,597658,18.4285714285714,100,1,0,1,88.722639,74.6932807142857,21.3809522857143,24.4285714285714,8,NA,NA,NA,NA,4209102,16.81622857142857,22.178685714285713,19.219471428571428,319.2113,77.98754285714286,98.0297,90.39535714285716
2022-10-23,202243,87,87,87,87,4209102,0.85507387,14.55682,0,1,420910220224319700,2023-11-24,1.1816163,Joinville,597658,19.2857142857143,98.2843377142857,1,0,1,81.8476048571429,67.7208532857143,22.6270678571429,25.8571428571429,3,NA,NA,NA,NA,4209102,17.384685714285713,24.756485714285713,20.518542857142855,92.3362,67.1806,97.22371428571428,84.56755714285714
2022-10-30,202244,82,82,82,82,4209102,0.5207124,13.7202215,0,1,420910220224419700,2023-11-24,1.0081406,Joinville,597658,15.1428571428571,97.3259462857143,0,0,1,75.96146,54.73534,19.9030608571429,24,2,NA,NA,NA,NA,4209102,13.803228571428573,20.2601,16.817557142857144,233.5199,64.6983,91.96185714285714,79.97062857142858
2022-11-06,202245,118,118,118,118,4209102,0.98704696,19.743732,0,1,420910220224519700,2023-11-24,1.3674763,Joinville,597658,15.4285714285714,99.1263634285714,0,1,1,81.2680444285714,65.466064,19.9407895714286,23.4285714285714,2,NA,NA,NA,NA,4209102,13.8868,21.69732857142857,17.422857142857143,80.639,65.243,96.45685714285716,83.44458571428571
2022-11-13,202246,124,124,124,124,4209102,0.97897387,20.747652,0,3,420910220224619700,2023-11-24,1.3179939,Joinville,597658,17.5714285714286,96.5699857142857,0,1,1,74.181029,55.759434,22.5852125714286,26.8571428571429,1,NA,NA,NA,NA,4209102,16.263957142857144,25.493342857142856,20.8052,102.3873,51.63601428571429,91.71104285714286,72.36147142857143
2022-11-20,202247,82,82,82,82,4209102,0.036950804,13.7202215,0,3,420910220224719700,2023-11-24,0.77035016,Joinville,597658,20.2857142857143,97.4365414285714,1,0,1,85.9328128571429,75.4097774285714,22.7330825714286,25,1,NA,NA,NA,NA,4209102,17.95172857142857,23.462514285714285,20.31492857142857,213.3444,68.44434285714286,96.08722857142855,84.96025714285715
2022-11-27,202248,96,96,96,96,4209102,0.20233007,16.062698,0,1,420910220224819700,2023-11-24,0.88995326,Joinville,597658,21.5714285714286,100,1,0,1,91.7869142857143,81.6331257142857,23.5049767142857,25.5714285714286,4,NA,NA,NA,NA,4209102,19.2863,23.4515,21.0328,775.3428,82.14377142857143,98.66744285714286,92.49364285714286
2022-12-04,202249,139,139,139,139,4209102,0.9942549,23.257448,0,2,420910220224919700,2023-12-17,1.3889406,Joinville,597658,22.5714285714286,99.1579742857143,1,1,1,84.6739521428571,71.9761215714286,25.7729321428571,28.7142857142857,6,NA,NA,NA,NA,4209102,20.507,26.879185714285715,23.197314285714285,266.3025,72.88058571428571,98.40095714285714,88.64025714285714
2022-12-11,202250,93,93,93,93,4209102,0.21575408,15.560739,0,2,420910220225019700,2023-12-27,0.89410335,Joinville,597658,20.6666666666667,97.97659,1,0,1,80.9022593333333,65.3785265,24.2534806666667,27.6666666666667,12,NA,NA,NA,NA,4209102,18.804142857142857,25.169857142857143,21.653557142857142,308.2712,65.9174,94.25962857142856,81.09078571428572
2022-12-18,202251,65,65,65,65,4209102,3.268675e-4,10.875785,0,2,420910220225119740,2023-12-27,0.5925936,Joinville,597658,19.5,100,1,0,1,92.71364,83.825815,21.125,23,27,NA,NA,NA,NA,4209102,17.274028571428573,21.769185714285715,19.282485714285716,280.8214,75.66282857142858,95.81485714285716,87.1362
2022-12-25,202252,82,82,82,82,4209102,0.13892937,13.7202215,0,2,420910220225219700,2024-01-12,0.85014415,Joinville,597658,21.3333333333333,98.02084,1,0,1,89.7775846666667,82.1353266666667,23.2643273333333,24.6666666666667,7,NA,NA,NA,NA,4209102,18.973385714285715,25.866585714285716,22.178542857142855,143.6183,67.02622857142858,97.45222857142858,84.28737142857143
2023-01-01,202301,105,105,105,105,4209102,0.9774083,17.568577,0,2,420910220230119740,2024-01-19,1.3458949,Joinville,597658,19.7142857142857,99.1579742857143,1,1,1,80.2703285714286,65.2102897142857,24.5406017142857,28,11,NA,NA,NA,NA,4209102,18.054742857142855,24.996114285714285,21.19658571428571,308.27459999999996,64.6646142857143,96.72347142857144,83.72588571428572
2023-01-08,202302,119,119,119,119,4209102,0.9977662,19.911053,0,3,420910220230219800,2024-01-26,1.5026135,Joinville,597658,21.2857142857143,97.5407685714286,1,1,1,84.6712942857143,71.3524112857143,24.5075185714286,27.7142857142857,10,NA,NA,NA,NA,4209102,18.90742857142857,26.063728571428573,22.1943,157.374,68.1546,96.87247142857144,85.20992857142858
2023-01-15,202303,106,106,106,106,4209102,0.75786793,17.735895,0,3,420910220230319740,2024-01-26,1.1032548,Joinville,597658,24.8571428571429,93.4514542857143,1,0,1,93.4514542857143,93.4514542857143,24.8571428571429,24.8571428571429,13,NA,NA,NA,NA,4209102,21.193471428571428,26.323128571428573,23.171185714285716,514.6742,77.28067142857142,98.09571428571428,90.06565714285715
2023-01-22,202304,160,160,160,160,4209102,0.9986088,26.771164,0,2,420910220230419800,2024-01-30,1.441717,Joinville,597658,24.8571428571429,87.5084917142857,1,1,1,87.138526,86.7685602857143,24.9285714285714,25,19,NA,NA,NA,NA,4209102,20.208414285714287,28.83172857142857,24.1093,93.6129,57.21974285714286,97.55878571428572,80.91245714285715
2023-01-29,202305,175,175,175,175,4209102,0.9980379,29.28096,0,3,420910220230519740,2024-02-07,1.3976285,Joinville,597658,24.8571428571429,94.2993385714286,1,1,1,91.0092687142857,86.0790535714286,25.6917294285714,27,41,NA,NA,NA,NA,4209102,21.64485714285714,27.624057142857144,24.2874,840.4594,68.97401428571429,96.45145714285714,84.72317142857143
2023-02-05,202306,226,226,226,226,4209102,0.9999487,36.570824,0,3,420910220230619800,2024-02-15,1.4974269,Joinville,617979,25,88.8785352857143,1,1,1,88.4909452857143,88.1033552857143,25.1428571428571,25.2857142857143,63,NA,NA,NA,NA,4209102,20.17037142857143,27.50164285714286,23.562328571428573,91.2986,64.83907142857143,97.01081428571428,83.67361428571428
2023-02-12,202307,273,273,273,273,4209102,0.9999847,44.176258,0,3,420910220230719740,2024-02-21,1.4819261,Joinville,617979,24.8095238095238,95.5782728571429,1,1,1,92.6715855238095,89.4882798095238,25.3333334285714,25.9047619047619,108,NA,NA,NA,NA,4209102,20.78798571428571,27.536657142857145,23.73712857142857,330.3589,64.81024285714285,95.89165714285714,83.82667142857143
2023-02-19,202308,468,468,468,468,4209102,1,75.73073,0,3,420910220230819800,2024-02-27,2.0089629,Joinville,617979,20.8571428571429,96.82372,1,1,2,86.7682278571429,75.1423838571429,23.4774435714286,26.1428571428571,199,NA,NA,NA,NA,4209102,19.193942857142854,24.502771428571428,21.529885714285715,234.0566,74.12717142857143,95.1294,85.54605714285714
2023-02-26,202309,1132,1132,1132,1132,4209102,1,183.17775,0,3,420910220230919800,2024-03-05,3.251672,Joinville,617979,23.4074074074074,95.7213674074074,1,1,2,94.1641205555556,92.6047575555556,23.7098764444444,23.962962962963,543,NA,NA,NA,NA,4209102,20.267857142857142,26.62204285714286,23.10508571428571,186.4355,70.10211428571428,95.88805714285716,85.4207
2023-03-05,202310,1344,1344,1344,1344,4209102,1,217.48312,0,4,420910220231019800,2024-03-13,2.195229,Joinville,617979,23.4074074074074,95.9332703703704,1,1,2,94.6737235555556,93.4333259259259,23.5555555555556,23.7037037037037,526,NA,NA,NA,NA,4209102,20.67701428571429,26.627514285714284,23.22907142857143,454.9466,73.26378571428572,96.254,87.28831428571428
2023-03-12,202311,2294,2294,2294,2294,4209102,1,371.21002,0,4,420910220231119800,2024-03-19,2.2278903,Joinville,617979,22.6296296296296,98.25992,1,1,2,95.7778666296296,93.297922962963,23.0308642962963,23.4814814814815,945,NA,NA,NA,NA,4209102,19.8796,25.265685714285713,22.244957142857142,198.0941,75.21945714285715,98.33495714285716,88.96344285714285
2023-03-19,202312,3745,3745,3745,3745,4209102,1,606.0076,0,4,420910220231219840,2024-03-27,2.3496203,Joinville,617979,22.5714285714286,98.31588,1,1,2,84.2599571428571,71.3337724285714,25.9075188571429,28.7142857142857,1853,NA,NA,NA,NA,4209102,20.44867142857143,28.116128571428572,23.728285714285715,58.2914,62.34841428571429,97.46442857142856,84.05332857142857
2023-03-26,202313,4894,4894,4894,4894,4209102,1,791.9363,0,4,420910220231319800,2024-04-02,1.9781545,Joinville,617979,22.0769230769231,94.5033005384615,1,1,2,85.3305309230769,75.4699684615385,23.9561404230769,25.8461538461538,2990,NA,NA,NA,NA,4209102,19.844942857142858,26.514757142857142,22.721614285714285,131.0493,65.88694285714286,96.10744285714286,84.09325714285714
2023-04-02,202314,5383,5383,5383,5383,4209102,1,871.0652,0,4,420910220231419840,2024-04-08,1.4946128,Joinville,617979,18.4285714285714,100,1,1,2,84.168222,68.1148818571429,22.3909775714286,25.7142857142857,4158,NA,NA,NA,NA,4209102,17.384571428571427,22.83017142857143,19.811785714285715,175.9433,71.22124285714285,95.63998571428571,85.6417
2023-04-09,202315,5649,5649,5649,5649,4209102,1,914.1087,0,4,420910220231519800,2024-04-15,1.229088,Joinville,617979,18.7142857142857,100,1,1,2,86.5265162857143,68.8062148571429,22.7894741428571,26.8571428571429,4176,NA,NA,NA,NA,4209102,17.742,23.849442857142854,20.36487142857143,128.0941,70.14177142857143,96.90481428571428,86.8068
2023-04-16,202316,5648,5648,5648,5648,4209102,0.99998295,913.9469,0,4,420910220231619840,2024-04-22,1.0828036,Joinville,617979,16.5714285714286,99.0997914285714,0,1,2,82.4042524285714,64.138911,20.7744361428571,24.7142857142857,4458,NA,NA,NA,NA,4209102,15.299557142857145,22.164614285714286,18.485185714285716,334.35269999999997,65.00057142857143,93.98604285714286,81.51528571428571
2023-04-23,202317,5879,5879,5879,5879,4209102,0.99959594,951.32684,0,4,420910220231719900,2024-04-29,1.0647749,Joinville,617979,17.7142857142857,100,0,1,2,87.9393574285714,70.491297,21.1616541428571,24.4285714285714,4282,NA,NA,NA,NA,4209102,16.3967,22.27888571428571,19.03348571428571,53.0419,70.68608571428571,97.18237142857144,86.88341428571428
2023-04-30,202318,6184,6184,6184,6184,4209102,0.9999972,1000.6813,0,4,420910220231819840,2024-05-06,1.086939,Joinville,617979,21.1851851851852,96.7561925925926,1,1,2,95.2856148148148,94.1039940740741,21.4320986666667,21.6296296296296,4776,NA,NA,NA,NA,4209102,17.986671428571427,24.502514285714287,20.76087142857143,11.7472,69.18065714285714,98.52025714285716,88.08251428571428
2023-05-07,202319,5552,5552,5552,5552,4209102,0.0037164018,898.4124,0,4,420910220231919900,2024-05-13,0.95106775,Joinville,617979,19.4615384615385,96.6440080769231,1,0,2,92.0160261538462,86.9442338461538,20.4291498846154,21.3846153846154,4646,NA,NA,NA,NA,4209102,15.792157142857144,21.549614285714284,18.590257142857144,85.5429,66.2467,96.24657142857144,84.20147142857142
2023-05-14,202320,4058,4058,4058,4058,4209102,0,656.6566,0,4,420910220232019840,2024-05-20,0.70173305,Joinville,617979,14,100,0,0,2,89.0722714285714,78.5434418571429,16.4661655714286,19,3412,NA,NA,NA,NA,4209102,11.839985714285714,21.99332857142857,16.409871428571428,1.5645,57.62037142857143,95.66205714285717,81.02764285714285
2023-05-21,202321,3160,3160,3160,3160,4209102,0,511.34424,0,4,420910220232119900,2024-05-27,0.60687405,Joinville,617979,17.7142857142857,98.3597585714286,0,0,2,88.7775614285714,75.4164818571429,20.7894738571429,23.8571428571429,2451,NA,NA,NA,NA,4209102,15.28657142857143,23.7621,18.8609,4.2915,63.78754285714285,98.23837142857144,86.00561428571429
2023-05-28,202322,2912,2912,2912,2912,4209102,0,471.2134,0,4,420910220232219900,2024-06-03,0.68600327,Joinville,617979,16.6923076923077,100,0,0,2,97.1567712307692,94.7910348461538,16.8653846153846,17.1153846153846,2222,NA,NA,NA,NA,4209102,13.351742857142858,20.143642857142854,16.314514285714285,126.1556,68.7268,94.66701428571427,85.59598571428572
2023-06-04,202323,2718,2718,2718,2718,4209102,0,439.82077,0,4,420910220232319900,2024-06-10,0.79429543,Joinville,617979,14.5990142857143,94.5437857142857,0,0,2,82.8905714285714,59.6117,18.7070428571429,25.1512714285714,2062,NA,NA,NA,NA,4209102,13.663457142857142,23.79992857142857,17.918071428571427,18.3061,58.21371428571429,94.40127142857142,81.45612857142856
2023-06-11,202324,2565,2565,2565,2565,4209102,3.181637e-8,415.06265,0,4,420910220232419900,2024-06-10,0.86449564,Joinville,617979,14.0040428571429,89.4049142857143,0,0,2,82.7138142857143,74.938,15.9394714285714,18.522,1800,NA,NA,NA,NA,4209102,12.509614285714283,17.262785714285716,14.543214285714289,479.8216,76.22262857142857,92.17661428571428,84.6928
2023-06-18,202325,1834,1834,1834,1834,4209102,0,296.77383,0,4,420910220232519900,2024-06-24,0.67977124,Joinville,617979,15.7142857142857,93.1309962857143,0,0,2,91.8036805714286,90.1873077142857,15.904762,16.1428571428571,1201,NA,NA,NA,NA,4209102,11.687642857142857,20.986757142857144,15.533171428571428,23.4957,63.763,94.5423,83.64628571428571
2023-06-25,202326,1519,1519,1519,1519,4209102,0,245.80124,0,4,420910220232619900,2024-07-01,0.6386304,Joinville,617979,17.2857142857143,96.5049491428571,0,0,2,94.6728728571429,93.1178968571429,17.8095238571429,18.2857142857143,972,NA,NA,NA,NA,4209102,13.642557142857145,22.676571428571428,17.456214285714285,16.625700000000002,62.499385714285715,91.3804,80.87164285714286
2023-07-02,202327,1236,1236,1236,1236,4209102,0,200.00679,0,4,420910220232719940,2024-07-09,0.6349261,Joinville,617979,15.8888888888889,97.2752441481481,0,0,2,95.9132201481481,94.5511961481482,16.0925925925926,16.4074074074074,824,NA,NA,NA,NA,4209102,13.124185714285714,20.904471428571423,16.41292857142857,22.3985,65.71185714285714,94.86914285714283,84.1931
2023-07-09,202328,936,936,936,936,4209102,0,151.46146,0,4,420910220232819900,2024-07-15,0.6037518,Joinville,617979,14.6671,93.2428571428571,0,0,2,84.1566714285714,74.4175571428571,16.6975,19.0946428571429,588,NA,NA,NA,NA,4209102,13.653242857142857,18.851514285714284,15.934057142857142,250.6055,72.47422857142857,91.72448571428572,83.37378571428572
2023-07-16,202329,708,708,708,708,4209102,0,114.567,0,4,420910220232919940,2024-07-25,0.5727638,Joinville,617979,13.7184714285714,93.0274571428571,0,0,2,87.5119714285714,77.2356714285714,15.4481714285714,18.1656285714286,442,NA,NA,NA,NA,4209102,12.305528571428573,17.080757142857145,14.159357142857145,114.2927,77.67317142857144,96.38111428571428,89.62931428571429
2023-07-23,202330,570,570,570,570,4209102,0,92.236145,0,4,420910220233019900,2024-07-30,0.5906347,Joinville,617979,15.4170285714286,93.2794571428571,0,0,2,85.342,70.3347285714286,17.9577285714286,21.8828,256,NA,NA,NA,NA,4209102,14.272042857142855,21.7384,17.320685714285716,87.5175,67.78057142857143,94.32728571428572,84.17692857142858
2023-07-30,202331,592,592,592,592,4209102,5.8074506e-6,95.796135,0,4,420910220233119940,2024-08-06,0.78667355,Joinville,617979,13.2267571428571,92.7811,0,0,2,82.6872,60.4168571428571,17.2666857142857,23.6800285714286,228,NA,NA,NA,NA,4209102,12.199385714285714,22.6835,16.658871428571427,9.5522,59.912885714285714,94.24955714285714,81.87901428571429
2023-08-06,202332,419,419,419,419,4209102,1.6859447e-10,67.80166,0,4,4.2091022023321997e+17,2024-08-14,0.6749349,Joinville,617979,15.8855428571429,95.5080571428571,0,0,2,88.7592,76.6968,17.9072285714286,20.9351428571429,157,NA,NA,NA,NA,4209102,15.0593,21.927942857142856,17.623585714285714,297.06780000000003,72.24015714285714,96.94242857142856,87.56221428571429
2023-08-13,202333,433,433,433,433,4209102,2.5276112e-4,70.06711,0,4,420910220233319940,2024-08-21,0.7997747,Joinville,617979,15.3896142857143,92.3822285714286,0,0,2,83.3640714285714,67.071271428571393,18.1577857142857,22.4247285714286,164,NA,NA,NA,NA,4209102,14.522614285714283,22.10674285714286,17.6544,54.394,65.64158571428571,95.0429857142857,83.51577142857143
2023-08-20,202334,360,360,360,360,4209102,7.7840356e-5,58.254406,0,4,4.2091022023341997e+17,2024-08-27,0.7681585,Joinville,617979,15.7258428571429,90.8419571428571,0,0,2,77.8673142857143,59.7560428571429,19.2818857142857,23.8376714285714,126,NA,NA,NA,NA,4209102,15.029828571428572,23.236485714285713,18.55842857142857,98.2785,58.02137142857143,90.72692857142856,76.7915
2023-08-27,202335,347,347,347,347,4209102,0.007123016,56.150776,0,4,42091022023352e4,2024-09-03,0.83703804,Joinville,617979,13.3601142857143,89.3831857142857,0,0,2,81.5047428571429,67.9870571428571,15.7680285714286,19.1906285714286,144,NA,NA,NA,NA,4209102,12.161957142857142,18.35851428571429,14.841,40.8561,69.93768571428572,91.94865714285714,83.0289
2023-09-03,202336,314,314,314,314,4209102,0.010349216,50.810787,0,1,4.2091022023361997e+17,2024-09-12,0.83815414,Joinville,617979,17.1857857142857,92.6655714285714,0,0,1,84.5218571428571,74.4371857142857,19.8531285714286,23.1583571428571,142,NA,NA,NA,NA,4209102,16.2768,23.936642857142857,19.60324285714286,127.067,70.06648571428572,92.37284285714286,83.28045714285714
2023-09-10,202337,327,327,327,327,4209102,0.24969237,52.91442,0,1,42091022023372e4,2024-09-17,0.9492254,Joinville,617979,16.5976571428571,93.6283714285714,0,0,1,81.4494857142857,63.6815857142857,19.5618142857143,23.8634,146,NA,NA,NA,NA,4209102,15.714942857142857,23.922057142857145,19.02347142857143,37.727,61.17212857142857,94.96767142857144,81.82358571428571
2023-09-17,202338,316,316,316,316,4209102,0.33453068,51.134422,0,1,4.2091022023381997e+17,2024-09-24,0.9668636,Joinville,617979,18.4934142857143,94.6955,1,0,1,82.4683,63.8331142857143,22.3726285714286,27.8567857142857,128,NA,NA,NA,NA,4209102,17.6843,28.464528571428573,22.227642857142857,43.801300000000005,60.352514285714285,95.47265714285714,81.53758571428571
2023-09-24,202339,320,320,320,320,4209102,0.4911411,51.781696,0,1,42091022023392e4,2024-10-02,0.99824774,Joinville,617979,18.0605285714286,92.9321571428571,1,0,1,86.9188,77.5357,20.0562714285714,23.0224285714286,92,NA,NA,NA,NA,4209102,17.4542,23.3553,19.832857142857144,107.6239,72.34422857142857,93.7076,85.7111
2023-10-01,202340,300,300,300,300,4209102,0.2422385,48.545338,0,1,4.2091022023402003e+17,2024-10-09,0.9453048,Joinville,617979,17.0379142857143,94.3685857142857,0,0,1,89.4761857142857,82.2518571428571,18.4044,20.3711857142857,57,NA,NA,NA,NA,4209102,16.426157142857143,21.45248571428571,18.402842857142858,504.682,80.38284285714286,95.63907142857144,90.02487142857143
2023-10-08,202341,250,250,250,250,4209102,0.0060030874,40.45445,0,1,42091022023412e4,2024-10-16,0.80825883,Joinville,617979,16.7335857142857,94.9489857142857,0,0,1,88.5354714285714,80.3523857142857,18.4995857142857,20.8751285714286,39,NA,NA,NA,NA,4209102,15.677014285714286,20.2107,17.52617142857143,473.2913,78.52958571428572,96.52537142857145,89.56377142857143
2023-10-15,202342,364,364,364,364,4209102,0.9960775,58.901676,0,1,4.2091022023422003e+17,2024-10-23,1.2305129,Joinville,617979,16.9135142857143,94.2753571428571,0,1,1,87.1909857142857,78.7002142857143,18.4586142857143,20.6108142857143,62,NA,NA,NA,NA,4209102,16.047485714285713,20.903042857142857,17.997685714285716,141.986,76.85525714285714,96.54977142857145,88.65317142857143
2023-10-22,202343,339,339,339,339,4209102,0.9504789,54.85623,0,3,42091022023432e4,2024-10-30,1.1397682,Joinville,617979,18.2728714285714,93.6706571428571,1,1,1,85.9178142857143,74.9213714285714,20.2933714285714,23.0077571428571,72,NA,NA,NA,NA,4209102,17.401385714285716,23.353214285714287,19.717542857142856,125.0906,74.21182857142857,97.4177,88.03105714285714
2023-10-29,202344,239,239,239,239,4209102,3.7953362e-4,38.674454,0,3,4.2091022023442003e+17,2024-11-05,0.75086904,Joinville,617979,18.9569142857143,93.2822857142857,1,0,1,85.5429571428571,74.2179714285714,21.0674428571429,24.0474857142857,89,NA,NA,NA,NA,4209102,18.216628571428572,24.240928571428572,20.844842857142854,279.6627,73.52504285714285,94.08385714285714,85.64801428571428
2023-11-05,202345,368,368,368,368,4209102,0.9769708,59.54895,0,1,420910220234520060,2024-11-12,1.164966,Joinville,617979,17.0517,90.2206,0,1,1,76.5591857142857,61.3762285714286,20.9582857142857,25.9575714285714,141,NA,NA,NA,NA,4209102,15.593714285714285,25.55201428571429,20.0568,10.7966,62.42017142857143,95.23154285714286,80.21932857142856
2023-11-12,202346,220,220,220,220,4209102,2.4944157e-4,35.599915,0,1,4.2091022023462003e+17,2024-11-19,0.7355404,Joinville,617979,21.4065,96.1966142857143,1,0,1,87.8505857142857,73.3044714285714,23.7472857142857,27.7795714285714,82,NA,NA,NA,NA,4209102,21.406014285714285,29.734328571428573,24.742385714285714,99.2213,64.68035714285715,96.63321428571427,85.39261428571429
2023-11-19,202347,378,378,378,378,4209102,0.99893993,61.167126,0,1,420910220234720060,2024-11-29,1.2674614,Joinville,617979,18.9378714285714,95.7586,1,1,1,84.8686285714286,71.0364,21.4852857142857,24.6421142857143,249,NA,NA,NA,NA,4209102,18.93787142857143,24.642114285714285,21.485285714285716,141.052,71.0364,95.7586,84.86862857142857
2023-11-26,202348,474,474,474,474,4209102,1,76.70164,0,3,4.2091022023482003e+17,2024-12-03,1.5373414,Joinville,617979,19.7058571428571,96.7064428571429,1,1,2,88.2172285714286,73.6535714285714,22.2281285714286,25.8461142857143,396,NA,NA,NA,NA,4209102,19.70585714285714,25.84611428571429,22.22812857142857,170.8938,73.65357142857142,96.70644285714286,88.21722857142858
2023-12-03,202349,494,494,494,494,4209102,0.99999356,79.93799,0,3,420910220234920060,2024-12-10,1.348352,Joinville,617979,20.7029714285714,96.7134571428572,1,1,2,88.6206285714286,76.8768428571429,22.8524142857143,25.4452571428571,486,NA,NA,NA,NA,4209102,20.70297142857143,25.445257142857145,22.85241428571429,284.5741,76.87684285714286,96.71345714285717,88.62062857142857
2023-12-10,202350,522,522,522,522,4209102,0.9951341,84.46889,0,4,420910220235020100,2024-12-17,1.1814717,Joinville,617979,19.212,97.4911857142857,1,1,2,83.4301285714286,65.0977285714286,22.4216428571429,26.7507,510,NA,NA,NA,NA,4209102,19.212,26.7507,22.421642857142857,43.3269,65.09772857142858,97.49118571428572,83.43012857142857
2023-12-17,202351,358,358,358,358,4209102,1.4150198e-5,57.93077,0,4,420910220235120060,2024-12-23,0.74763656,Joinville,617979,21.4516714285714,97.6794285714286,1,0,1,81.8122285714286,60.2907857142857,24.5932,28.7173428571429,344,NA,NA,NA,NA,4209102,21.451671428571427,28.717342857142857,24.5932,33.387,60.29078571428572,97.67942857142856,81.81222857142858
2023-12-24,202352,229,229,229,229,4209102,0,37.056274,0,2,420910220235220100,2024-12-31,0.50433,Joinville,617979,21.0738428571429,90.4563571428571,1,0,1,72.9880428571429,53.9103,24.7751142857143,29.3639,105,NA,NA,NA,NA,4209102,21.073842857142857,29.3639,24.775114285714285,50.8487,53.9103,90.45635714285714,72.98804285714286
2023-12-31,202401,823,823,823,823,4209102,1,133.17604,0,2,420910220240120060,2025-01-08,2.0688837,Joinville,617979,19.7022571428571,95.6807428571429,1,1,2,86.9951714285714,76.1337428571429,21.6228428571429,24.6289714285714,260,NA,NA,NA,NA,4209102,19.702257142857142,24.62897142857143,21.622842857142857,194.0286,76.13374285714286,95.68074285714286,86.99517142857142
2024-01-07,202402,991,991,991,991,4209102,1,160.36143,0,4,420910220240220100,2025-01-08,2.1493628,Joinville,617979,21.7821714285714,96.7059,1,1,2,83.6830857142857,65.1277571428571,24.9606428571429,28.8984571428571,251,NA,NA,NA,NA,4209102,21.782171428571427,28.898457142857144,24.960642857142854,265.8635,65.12775714285715,96.7059,83.68308571428571
2024-01-14,202403,1259,1259,1259,1259,4209102,1,203.7286,0,4,420910220240320100,2025-01-21,1.7652401,Joinville,617979,22.2639428571429,95.8802428571429,1,1,2,84.5099857142857,66.3555571428572,25.4792285714286,29.8895714285714,336,NA,NA,NA,NA,4209102,22.263942857142855,29.88957142857143,25.47922857142857,241.8241,66.35555714285715,95.88024285714286,84.50998571428572
2024-01-21,202404,1875,1875,1875,1875,4209102,1,303.40836,0,4,420910220240420100,2025-01-29,1.8484032,Joinville,617979,18.1925142857143,96.3547428571429,1,1,2,91.1205428571429,83.1973714285714,19.5720714285714,21.5200142857143,422,NA,NA,NA,NA,4209102,18.192514285714285,21.52001428571429,19.57207142857143,636.7511,83.19737142857143,96.35474285714284,91.12054285714284
2024-01-28,202405,2500,2500,2500,2500,4209102,1,404.5445,0,4,420910220240520100,2025-02-04,1.8165542,Joinville,617979,19.6909857142857,97.4317428571429,1,1,2,87.0112142857143,73.1812857142857,22.4891857142857,26.2310428571429,587,NA,NA,NA,NA,4209102,19.690985714285716,26.231042857142857,22.48918571428571,146.6085,73.18128571428572,97.43174285714286,87.01121428571429
2024-02-04,202406,3671,3671,3671,3671,4209102,1,594.03314,0,4,420910220240620160,2025-02-11,1.9187636,Joinville,617979,21.7694428571429,97.5704142857143,1,1,2,84.0676285714286,64.8585,25.0866428571429,29.2712142857143,1472,NA,NA,NA,NA,4209102,21.769442857142856,29.271214285714287,25.086642857142856,70.2565,64.85849999999999,97.57041428571428,84.06762857142857
2024-02-11,202407,4676,4676,4676,4676,4209102,1,756.66003,0,4,420910220240720100,2025-02-18,1.7548184,Joinville,617979,20.9573142857143,95.2830571428571,1,1,2,84.6754285714286,68.5442571428571,23.6093142857143,27.3219285714286,2210,NA,NA,NA,NA,4209102,20.957314285714286,27.321928571428572,23.609314285714287,338.7207,68.54425714285715,95.28305714285716,84.67542857142857
2024-02-18,202408,5488,5488,5488,5488,4209102,1,888.0561,0,4,420910220240820160,2025-02-26,1.5225878,Joinville,617979,20.7274571428571,96.9680571428571,1,1,2,89.0330571428571,76.3322714285714,22.9696142857143,26.1228285714286,3474,NA,NA,NA,NA,4209102,20.72745714285714,26.12282857142857,22.96961428571429,222.0121,76.33227142857143,96.96805714285716,89.03305714285715
2024-02-25,202409,6475,6475,6475,6475,4209102,1,1047.7703,0,4,420910220240920100,2025-03-07,1.4153727,Joinville,617979,22.2281,96.6971142857143,1,1,2,89.1867,76.5773857142857,24.0887714285714,27.0319142857143,4471,NA,NA,NA,NA,4209102,22.2281,27.031914285714286,24.08877142857143,255.2267,76.57738571428571,96.69711428571428,89.1867
2024-03-03,202410,6397,6397,6397,6397,4209102,1,1035.1484,0,4,420910220241020160,2025-03-11,1.1753727,Joinville,617979,20.6363285714286,97.1968571428571,1,1,2,89.3345142857143,77.4298428571429,22.5786142857143,25.3458857142857,4917,NA,NA,NA,NA,4209102,20.63632857142857,25.34588571428571,22.578614285714288,378.2531,77.42984285714286,97.19685714285714,89.33451428571429
2024-03-10,202411,7112,7112,7112,7112,4209102,1,1150.8481,0,4,420910220241120200,2025-03-18,1.1636077,Joinville,617979,21.4025428571429,97.3295428571429,1,1,2,84.2346714285714,62.2785571428571,24.5521428571429,29.4120857142857,6145,NA,NA,NA,NA,4209102,21.40254285714286,29.412085714285713,24.552142857142854,50.97,62.278557142857146,97.32954285714284,84.23467142857143
2024-03-17,202412,8304,8304,8304,8304,4209102,1,1343.735,0,4,420910220241220160,2025-03-25,1.2571243,Joinville,617979,22.1682285714286,94.5031285714286,1,1,2,84.5893142857143,69.2264428571429,24.3132142857143,27.8345285714286,7464,NA,NA,NA,NA,4209102,22.16822857142857,27.83452857142857,24.313214285714285,304.0657,69.22644285714286,94.50312857142858,84.58931428571428
2024-03-24,202413,8263,8263,8263,8263,4209102,1,1337.1005,0,4,420910220241320200,2025-04-01,1.1452273,Joinville,617979,18.3938714285714,95.4568428571429,1,1,2,83.4336714285714,67.3775714285714,21.5538714285714,25.0774571428571,7624,NA,NA,NA,NA,4209102,18.39387142857143,25.077457142857146,21.55387142857143,19.3856,67.37757142857143,95.45684285714286,83.43367142857143
2024-03-31,202414,8568,8568,8568,8568,4209102,1,1386.4548,0,4,420910220241420160,2025-04-10,1.088618,Joinville,617979,20.4365142857143,97.0234714285714,1,1,2,86.1548857142857,68.8119714285714,23.0693571428571,26.5339571428571,7782,NA,NA,NA,NA,4209102,20.436514285714285,26.533957142857144,23.069357142857143,81.0929,68.81197142857143,97.02347142857144,86.15488571428571
2024-04-07,202415,8588,8588,8588,8588,4209102,0.9947546,1389.6913,0,4,420910220241520200,2025-04-15,1.0402291,Joinville,617979,19.7135428571429,97.5980428571429,1,1,2,89.7030285714286,77.2582285714286,21.9161857142857,24.8149285714286,7980,NA,NA,NA,NA,4209102,19.71354285714286,24.81492857142857,21.916185714285714,152.0682,77.25822857142857,97.59804285714286,89.70302857142858
2024-04-14,202416,8226,8226,8226,8226,4209102,0.065891236,1331.1132,0,4,420910220241620200,2025-04-23,0.9769083,Joinville,617979,17.9820285714286,96.1947285714286,0,0,2,85.9178428571429,69.5821714285714,20.6179571428571,23.8558714285714,7631,NA,NA,NA,NA,4209102,17.98202857142857,23.85587142857143,20.617957142857144,440.6176,69.58217142857143,96.19472857142856,85.91784285714286
2024-04-21,202417,7491,7491,7491,7491,4209102,9.332535e-13,1212.1771,0,4,420910220241720200,2025-04-29,0.89411575,Joinville,617979,18.0713285714286,96.9167571428571,1,0,2,86.9533142857143,69.8228571428571,21.1352,25.7507,6940,NA,NA,NA,NA,4209102,18.071328571428573,25.7507,21.1352,78.0141,69.82285714285715,96.91675714285714,86.95331428571428
2024-04-28,202418,6579,6579,6579,6579,4209102,0,1064.5992,0,4,420910220241820200,2025-05-06,0.81951797,Joinville,617979,20.7484571428571,94.7102714285714,1,0,2,82.9850857142857,65.9582857142857,23.7540857142857,28.1891857142857,5937,NA,NA,NA,NA,4209102,20.74845714285714,28.189185714285713,23.754085714285715,21.8299,65.95828571428571,94.71027142857145,82.98508571428572
2024-05-05,202419,6164,6164,6164,6164,4209102,0,997.4449,0,4,420910220241920260,2025-05-16,0.83225113,Joinville,617979,19.8013285714286,93.4603428571429,1,0,2,81.9021285714286,62.1374142857143,23.1256571428571,27.7133571428571,5479,NA,NA,NA,NA,4209102,19.80132857142857,27.71335714285714,23.125657142857143,23.0637,62.137414285714286,93.46034285714286,81.90212857142858
2024-05-12,202420,5174,5174,5174,5174,4209102,0,837.2453,0,4,420910220242020200,2025-05-20,0.7732255,Joinville,617979,17.0473285714286,92.6185,0,0,2,83.1207285714286,71.2718142857143,19.1371428571429,22.4963285714286,4659,NA,NA,NA,NA,4209102,17.047328571428572,22.49632857142857,19.137142857142855,226.5013,71.27181428571429,92.6185,83.12072857142857
2024-05-19,202421,3146,3146,3146,3146,4209102,0,509.0788,0,4,420910220242120260,2025-05-28,0.5318787,Joinville,617979,15.1377428571429,94.3146285714286,0,0,2,84.1991857142857,70.1381714285714,18.0764857142857,21.9332142857143,2717,NA,NA,NA,NA,4209102,15.137742857142856,21.93321428571429,18.076485714285717,305.4809,70.13817142857143,94.31462857142856,84.19918571428572
2024-05-26,202422,2168,2168,2168,2168,4209102,0,350.82098,0,4,420910220242220200,2025-06-03,0.44947115,Joinville,617979,11.4738,93.4448714285714,0,0,2,81.4512571428571,66.8196285714286,14.5011142857143,18.0455714285714,1938,NA,NA,NA,NA,4209102,11.4738,18.045571428571428,14.501114285714284,173.59390000000002,66.81962857142857,93.44487142857145,81.45125714285714
2024-06-02,202423,2161,2161,2161,2161,4209102,0,349.68826,0,4,420910220242320260,2025-06-10,0.61544716,Joinville,617979,13.3378142857143,95.7044571428571,0,0,2,85.3207857142857,66.6911,17.1881714285714,22.5770142857143,1880,NA,NA,NA,NA,4209102,13.337814285714286,22.577014285714284,17.18817142857143,12.218,66.6911,95.70445714285714,85.32078571428572
2024-06-09,202424,1869,1869,1869,1869,4209102,0,302.43747,0,4,420910220242420200,2025-06-17,0.73078793,Joinville,617979,15.9950857142857,93.2084571428571,0,0,2,81.5294285714286,60.3309714285714,19.9506714285714,25.6861285714286,1631,NA,NA,NA,NA,4209102,15.995085714285716,25.686128571428572,19.95067142857143,4.5451,60.33097142857143,93.20845714285714,81.52942857142857
2024-06-16,202425,1543,1543,1543,1543,4209102,0,249.68486,0,4,420910220242520260,2025-06-24,0.7292478,Joinville,617979,16.5478428571429,93.4343571428571,0,0,2,81.9096714285714,63.4386428571429,19.7424142857143,24.3862142857143,1324,NA,NA,NA,NA,4209102,16.547842857142857,24.386214285714285,19.74241428571429,7.172499999999999,63.43864285714286,93.43435714285714,81.90967142857143
2024-06-23,202426,1083,1083,1083,1083,4209102,0,175.24867,0,4,420910220242620300,2025-07-01,0.59114057,Joinville,617979,14.6580142857143,92.2737857142857,0,0,2,80.4665428571429,64.0993571428571,17.6900714285714,21.8823714285714,947,NA,NA,NA,NA,4209102,14.658014285714286,21.882371428571428,17.69007142857143,215.3175,64.09935714285714,92.27378571428572,80.46654285714285
2024-06-30,202427,707,707,707,707,4209102,0,114.40518,0,4,420910220242720260,2025-07-09,0.47298923,Joinville,617979,9.65708571428571,91.7440428571429,0,0,2,80.4590714285714,64.1138428571429,13.9058571428571,19.4965857142857,593,NA,NA,NA,NA,4209102,9.657085714285714,19.496585714285715,13.905857142857142,12.6149,64.11384285714286,91.74404285714286,80.45907142857143
2024-07-07,202428,384,384,384,384,4209102,0,62.138035,0,4,420910220242820300,2025-07-15,0.34656966,Joinville,617979,11.1704285714286,95.9810857142857,0,0,1,92.1901,85.0827571428571,12.5054142857143,14.6389571428571,309,NA,NA,NA,NA,4209102,11.170428571428571,14.638957142857144,12.505414285714286,475.1366,85.08275714285715,95.98108571428573,92.1901
2024-07-14,202429,281,281,281,281,4209102,0,45.470802,0,1,420910220242920300,2025-07-23,0.3776484,Joinville,617979,13.0679,97.8909,0,0,1,92.0084571428571,80.1575428571429,15.1923857142857,18.4338285714286,222,NA,NA,NA,NA,4209102,13.0679,18.43382857142857,15.192385714285717,195.3679,80.15754285714286,97.8909,92.00845714285714
2024-07-21,202430,337,337,337,337,4209102,5.0388144e-7,54.532597,0,1,420910220243020300,2025-07-29,0.70795375,Joinville,617979,12.4157857142857,95.8306571428571,0,0,1,82.4733571428571,59.3089571428571,16.8866857142857,22.9578428571429,244,NA,NA,NA,NA,4209102,12.415785714285716,22.957842857142857,16.886685714285715,1.2279,59.30895714285714,95.83065714285716,82.47335714285714
2024-07-28,202431,273,273,273,273,4209102,0.0019765242,44.176258,0,1,420910220243120300,2025-08-05,0.79249007,Joinville,617979,14.2939428571429,95.8988285714286,0,0,1,88.6181857142857,74.1393428571429,16.6836428571429,20.2098714285714,173,NA,NA,NA,NA,4209102,14.293942857142858,20.20987142857143,16.683642857142857,144.0135,74.13934285714286,95.89882857142857,88.61818571428572
2024-08-04,202432,286,286,286,286,4209102,0.18369159,46.27989,0,1,420910220243220300,2025-08-12,0.9287227,Joinville,617979,14.9690714285714,96.3160857142857,0,0,1,83.4189428571429,61.9933142857143,18.189,22.5679571428571,151,NA,NA,NA,NA,4209102,14.969071428571429,22.567957142857143,18.189,53.0233,61.99331428571429,96.31608571428572,83.41894285714285
2024-08-11,202433,358,358,358,358,4209102,0.9924406,57.93077,0,1,420910220243320300,2025-08-21,1.209634,Joinville,617979,8.2813,90.2911857142857,0,1,1,73.3309714285714,50.5255428571429,14.0680714285714,21.190342857142898,127,NA,NA,NA,NA,4209102,8.2813,21.190342857142856,14.068071428571429,0.2782,50.52554285714286,90.29118571428572,73.33097142857143
2024-08-18,202434,408,408,408,408,4209102,0.9999055,66.02166,0,3,420910220243420350,2025-08-28,1.3233774,Joinville,617979,15.8524571428571,95.1690571428571,0,1,1,83.5967428571429,65.5077285714286,19.0127857142857,23.4972571428571,92,NA,NA,NA,NA,4209102,15.852457142857142,23.497257142857144,19.012785714285712,110.0986,65.50772857142857,95.16905714285714,83.59674285714286
2024-08-25,202435,414,414,414,414,4209102,0.99040407,66.99257,0,3,420910220243520300,2025-09-02,1.1849816,Joinville,617979,9.36595714285714,93.6506,0,1,1,79.2142142857143,58.5972285714286,13.9735857142857,19.5875428571429,37,NA,NA,NA,NA,4209102,9.365957142857145,19.587542857142857,13.973585714285717,26.426399999999997,58.59722857142857,93.6506,79.21421428571429
2024-09-01,202436,483,483,483,483,4209102,0.9989237,78.158,0,3,420910220243620350,2025-09-09,1.2310616,Joinville,617979,14.1889857142857,96.4011142857143,0,1,2,86.1030571428571,70.5413571428572,17.7435142857143,22.4217,14,NA,NA,NA,NA,4209102,14.188985714285714,22.4217,17.743514285714287,56.0555,70.54135714285715,96.40111428571429,86.10305714285714
2024-09-08,202437,536,536,536,536,4209102,0.9996682,86.73434,0,3,420910220243720300,2025-09-16,1.2455543,Joinville,617979,17.9448571428571,92.8823714285714,0,1,2,76.5899285714286,54.8141714285714,22.5901428571429,28.8870285714286,20,NA,NA,NA,NA,4209102,17.944857142857142,28.887028571428573,22.590142857142855,16.0676,54.81417142857143,92.88237142857145,76.58992857142857
2024-09-15,202438,527,527,527,527,4209102,0.95099366,85.27798,0,4,420910220243820350,2025-09-23,1.1102494,Joinville,617979,14.3032,97.2201142857143,0,1,2,89.5220285714286,76.6433428571429,16.6806285714286,19.7235428571429,24,NA,NA,NA,NA,4209102,14.3032,19.723542857142856,16.68062857142857,354.1973,76.643342857142855,97.22011428571427,89.52202857142858
2024-09-22,202439,597,597,597,597,4209102,0.99327254,96.605225,0,4,420910220243920400,2025-10-02,1.159978,Joinville,617979,17.8833428571429,98.1239714285714,0,1,2,86.2202285714286,65.5385142857143,21.0343857142857,26.2867714285714,16,NA,NA,NA,NA,4209102,17.883342857142857,26.286771428571427,21.034385714285715,63.6403,65.53851428571429,98.12397142857142,86.22022857142858
2024-09-29,202440,561,561,561,561,4209102,0.70970434,90.779785,0,4,420910220244020350,2025-10-07,1.0338119,Joinville,617979,15.5200714285714,94.1818714285714,0,0,2,81.7451571428571,64.4548571428571,19.0318714285714,23.9211142857143,14,NA,NA,NA,NA,4209102,15.520071428571429,23.921114285714285,19.031871428571428,117.783,64.45485714285714,94.18187142857144,81.74515714285714
2024-10-06,202441,546,546,546,546,4209102,0.31480345,88.352516,0,4,420910220244120400,2025-10-15,0.9714481,Joinville,617979,16.5932571428571,98.3911,0,0,2,89.2496857142857,74.1761,19.1373142857143,22.4952714285714,14,NA,NA,NA,NA,4209102,16.593257142857144,22.495271428571428,19.13731428571429,409.8918,74.1761,98.3911,89.24968571428572
2024-10-13,202442,655,655,655,655,4209102,0.9942984,105.990654,0,4,420910220244220350,2025-10-20,1.1559424,Joinville,617979,17.1488285714286,96.6515285714286,0,1,2,86.6536571428571,72.3710142857143,19.4293,22.6052571428571,22,NA,NA,NA,NA,4209102,17.14882857142857,22.60525714285714,19.4293,107.6169,72.37101428571428,96.65152857142856,86.65365714285714
2024-10-20,202443,639,639,639,639,4209102,0.95109415,103.40157,0,4,420910220244320400,2025-10-29,1.0994499,Joinville,617979,19.5502571428571,95.9083428571429,1,1,2,82.9290428571429,62.0115,22.6026428571429,26.8276571428571,9,NA,NA,NA,NA,4209102,19.55025714285714,26.82765714285714,22.602642857142857,75.5724,62.0115,95.90834285714286,82.92904285714286
2024-10-27,202444,712,712,712,712,4209102,0.9944106,115.21427,0,4,420910220244420400,2025-11-04,1.1493323,Joinville,617979,17.5283571428571,96.0255571428571,0,1,2,85.5211714285714,70.9176285714286,19.9680142857143,23.0824857142857,31,NA,NA,NA,NA,4209102,17.528357142857143,23.082485714285713,19.96801428571429,90.2181,70.91762857142857,96.02555714285714,85.52117142857144
2024-11-03,202445,809,809,809,809,4209102,0.99994165,130.9106,0,4,420910220244520400,2025-11-12,1.2231208,Joinville,617979,19.8345428571429,97.4554571428571,1,1,2,91.5169857142857,82.1275571428571,21.3659142857143,23.7368857142857,13,NA,NA,NA,NA,4209102,19.834542857142857,23.736885714285716,21.36591428571429,465.8111,82.12755714285714,97.45545714285714,91.51698571428572
2024-11-10,202446,722,722,722,722,4209102,0.611689,116.83245,0,4,420910220244620400,2025-11-18,1.0150974,Joinville,617979,17.2745285714286,92.3582428571429,0,0,2,82.1071571428571,69.3746571428571,19.8686142857143,23.0083,16,NA,NA,NA,NA,4209102,17.274528571428572,23.0083,19.868614285714287,87.99849999999999,69.37465714285715,92.35824285714286,82.10715714285715
2024-11-17,202447,728,728,728,728,4209102,0.3148131,117.80335,0,4,420910220244720450,2025-11-26,0.975201,Joinville,617979,18.7356,98.1999571428571,1,0,2,90.8061428571429,79.0405,20.5440285714286,23.0018,23,NA,NA,NA,NA,4209102,18.7356,23.0018,20.544028571428573,237.191,79.04050000000001,98.19995714285714,90.80614285714286
2024-11-24,202448,669,669,669,669,4209102,0.033961754,108.2561,0,4,420910220244820400,2025-12-03,0.9072081,Joinville,617979,19.4467857142857,97.3639714285714,1,0,2,85.1810571428571,67.494,22.4811142857143,26.3440428571429,11,NA,NA,NA,NA,4209102,19.446785714285713,26.344042857142856,22.481114285714284,84.2029,67.494,97.36397142857145,85.18105714285714
2024-12-01,202449,676,676,676,676,4209102,0.17748468,109.38883,0,4,420910220244920450,2025-12-10,0.95153666,Joinville,617979,19.5310857142857,96.0096428571429,1,0,2,88.1658428571428,73.8422571428571,21.8408571428571,25.5060428571429,7,NA,NA,NA,NA,4209102,19.531085714285716,25.50604285714286,21.840857142857143,570.7465,73.84225714285714,96.00964285714284,88.16584285714285
2024-12-08,202450,589,589,589,589,4209102,0.0048574954,95.310684,0,4,420910220245020400,2025-12-16,0.8647991,Joinville,617979,17.9570571428571,97.6313,0,0,2,89.8814,79.8149142857143,19.8023285714286,22.1051,12,NA,NA,NA,NA,4209102,17.957057142857142,22.1051,19.80232857142857,973.5145,79.81491428571428,97.6313,89.8814
2024-12-15,202451,667,667,667,667,4209102,0.6530145,107.93247,0,4,420910220245120450,2025-12-16,1.0218923,Joinville,617979,19.4276285714286,92.5873428571429,1,0,2,78.6605428571429,61.5128285714286,22.7425285714286,26.8194857142857,11,NA,NA,NA,NA,4209102,19.42762857142857,26.819485714285715,22.742528571428572,166.5705,61.51282857142857,92.58734285714286,78.66054285714286
2024-12-22,202452,519,519,519,519,4209102,6.744279e-4,83.98344,0,4,420910220245220400,2025-12-16,0.8272114,Joinville,617979,18.7264285714286,96.5750142857143,1,0,2,86.9974857142857,73.2664428571429,21.2341142857143,24.3095428571429,16,NA,NA,NA,NA,4209102,18.72642857142857,24.30954285714286,21.234114285714284,171.8638,73.26644285714286,96.57501428571427,86.99748571428572
2024-12-29,202501,519,519,519,519,4209102,0.006666801,83.98344,0,4,420910220250120450,2026-01-07,0.86244047,Joinville,617979,20.3910142857143,96.7881857142857,1,0,2,84.6401857142857,66.8639857142857,23.1249285714286,26.8532857142857,17,NA,NA,NA,NA,4209102,20.391014285714284,26.853285714285715,23.124928571428573,404.0758,66.86398571428572,96.78818571428572,84.64018571428572
2025-01-05,202502,589,589,589,589,4209102,0.79799765,95.310684,0,4,420910220250220500,2026-01-07,1.0504422,Joinville,617979,19.1475857142857,95.9721714285714,1,0,2,87.5151857142857,78.3091857142857,20.9025857142857,22.9371,15,NA,NA,NA,NA,4209102,19.14758571428571,22.9371,20.902585714285713,380.6455,78.30918571428572,95.97217142857144,87.5151857142857
2025-01-12,202503,548,548,548,548,4209102,0.43021512,88.676155,0,2,420910220250320500,2026-02-03,0.9894659,Joinville,617979,19.0975714285714,96.5202142857143,1,0,1,85.4080142857143,72.0032857142857,21.8374857142857,24.7856714285714,20,NA,NA,NA,NA,4209102,19.097571428571428,24.78567142857143,21.837485714285712,128.5679,72.00328571428571,96.52021428571427,85.40801428571429
2025-01-19,202504,552,552,552,552,4209102,0.46522292,89.323425,0,2,420910220250420500,2026-02-07,0.99476874,Joinville,617979,21.8294857142857,95.3848285714286,1,0,1,84.5307714285714,68.5937714285714,25.1677142857143,28.9716285714286,34,NA,NA,NA,NA,4209102,21.829485714285713,28.97162857142857,25.16771428571429,206.1985,68.59377142857143,95.38482857142856,84.53077142857143
2025-01-26,202505,536,536,536,536,4209102,0.29563305,86.73434,0,2,420910220250520500,2026-02-11,0.9679987,Joinville,617979,20.9568142857143,97.5693714285714,1,0,1,89.7452142857143,79.8924714285714,23.0618714285714,25.6124428571429,25,NA,NA,NA,NA,4209102,20.956814285714287,25.61244285714286,23.06187142857143,270.2695,79.89247142857143,97.56937142857144,89.74521428571428
2025-02-02,202506,549,549,549,549,4209102,0.5371848,88.83797,0,2,420910220250620500,2026-02-20,1.0056556,Joinville,617979,21.8577428571429,96.0542428571429,1,0,1,87.5055,75.5182,23.9656571428571,26.6384571428571,22,NA,NA,NA,NA,4209102,21.857742857142856,26.638457142857145,23.965657142857143,325.653,75.51820000000001,96.05424285714284,87.5055
2025-02-09,202507,562,562,562,562,4209102,0.7188342,90.941605,0,2,420910220250720500,2026-02-24,1.0354668,Joinville,617979,21.5457285714286,96.2472285714286,1,0,1,84.1444714285714,65.0807714285714,24.8931285714286,29.2249571428571,24,NA,NA,NA,NA,4209102,21.545728571428572,29.224957142857143,24.89312857142857,325.9198,65.08077142857142,96.24722857142856,84.14447142857144
2025-02-16,202508,705,705,705,705,4209102,0.9999883,114.08154,0,2,420910220250820500,2026-02-24,1.2701116,Joinville,617979,22.1251857142857,96.4860714285714,1,1,1,87.4094285714286,74.2844,24.6669,27.8478285714286,31,NA,NA,NA,NA,4209102,22.125185714285713,27.847828571428572,24.6669,314.4779,74.2844,96.48607142857144,87.40942857142858
2025-02-23,202509,796,796,796,796,4209102,0.9999999,128.80696,0,3,420910220250920500,2026-02-24,1.3220985,Joinville,617979,21.7892,98.4964142857143,1,1,1,86.5325857142857,68.4389714285714,24.7246142857143,28.4526714285714,42,NA,NA,NA,NA,4209102,21.7892,28.452671428571428,24.724614285714285,63.0786,68.43897142857143,98.49641428571428,86.53258571428572
2025-03-02,202510,748,748,748,748,4209102,0.95883197,121.03971,0,3,420910220251020500,2026-02-24,1.0962486,Joinville,617979,21.6240714285714,97.8891285714286,1,1,1,83.8216142857143,63.8002714285714,24.5717285714286,28.4952142857143,49,NA,NA,NA,NA,4209102,21.62407142857143,28.495214285714287,24.571728571428572,17.7081,63.80027142857143,97.88912857142856,83.82161428571429
2025-03-09,202511,768,768,768,768,4209102,0.7361521,124.27607,0,3,420910220251120500,2026-02-24,1.0330145,Joinville,617979,20.3147571428571,95.2726428571429,1,0,1,86.3930142857143,73.6266571428571,22.2697428571429,24.9401142857143,73,NA,NA,NA,NA,4209102,20.314757142857143,24.940114285714284,22.269742857142855,329.7002,73.62665714285714,95.27264285714286,86.39301428571429
2025-03-16,202512,818,818,818,818,4209102,0.92197275,132.36696,0,2,420910220251220500,2026-02-24,1.0739923,Joinville,617979,18.0369142857143,97.1013714285714,1,0,1,83.7439142857143,65.1154428571429,21.4132571428571,25.0307428571429,73,NA,NA,NA,NA,4209102,18.036914285714285,25.030742857142855,21.413257142857145,59.2386,65.11544285714285,97.10137142857144,83.74391428571428
2025-03-23,202513,770,770,770,770,4209102,0.4689038,124.5997,0,2,420910220251320500,2026-02-24,0.99603635,Joinville,617979,20.4545285714286,98.3324714285714,1,0,1,88.3178428571428,72.8408571428571,22.9604428571429,26.2628,65,NA,NA,NA,NA,4209102,20.454528571428572,26.2628,22.96044285714286,101.9033,72.84085714285715,98.33247142857142,88.31784285714285
2025-03-30,202514,801,801,801,801,4209102,0.6492055,129.61606,0,2,420910220251420500,2026-02-24,1.0194203,Joinville,617979,19.8247,94.4471285714286,1,0,1,85.2468714285714,70.8731571428571,22.4356857142857,25.5367,103,NA,NA,NA,NA,4209102,19.8247,25.5367,22.43568571428571,104.6877,70.87315714285714,94.44712857142856,85.24687142857142
2025-04-06,202515,743,743,743,743,4209102,0.14731327,120.23062,0,1,420910220251520500,2026-02-24,0.9477777,Joinville,617979,17.7991857142857,95.7874571428571,0,0,1,86.3156,72.7938714285714,19.9590714285714,22.8529857142857,88,NA,NA,NA,NA,4209102,17.799185714285713,22.852985714285715,19.95907142857143,323.4124,72.79387142857144,95.78745714285714,86.3156
2025-04-13,202516,727,727,727,727,4209102,0.11953033,117.64154,0,1,420910220251620500,2026-02-24,0.9410084,Joinville,617979,18.0594857142857,97.5867857142857,1,0,1,88.5368142857143,74.035,20.4291,23.2891571428571,76,NA,NA,NA,NA,4209102,18.059485714285714,23.289157142857142,20.4291,81.3435,74.035,97.58678571428572,88.53681428571429
2025-04-20,202517,908,908,908,908,4209102,0.99984986,146.93056,0,1,420910220251720500,2026-02-24,1.1939963,Joinville,617979,16.7472,93.6847428571429,0,1,1,83.7134142857143,69.0778714285714,19.0083571428571,21.8756714285714,95,NA,NA,NA,NA,4209102,16.7472,21.87567142857143,19.008357142857143,60.8803,69.07787142857143,93.68474285714284,83.7134142857143
2025-04-27,202518,887,887,887,887,4209102,0.99407315,143.53238,0,3,420910220251820500,2026-02-24,1.1311113,Joinville,617979,15.7779285714286,96.5255714285714,0,1,1,84.7086571428571,65.9281,18.6841428571429,22.2872,109,NA,NA,NA,NA,4209102,15.777928571428571,22.2872,18.684142857142856,33.8131,65.9281,96.52557142857142,84.70865714285715
2025-05-04,202519,923,923,923,923,4209102,0.9657831,149.35782,0,3,420910220251920500,2026-02-24,1.0905223,Joinville,617979,17.1591285714286,97.5161571428571,0,1,1,85.2466285714286,64.8524142857143,20.3682142857143,24.9773714285714,69,NA,NA,NA,NA,4209102,17.15912857142857,24.977371428571427,20.368214285714284,86.1287,64.85241428571429,97.51615714285714,85.24662857142857
2025-05-11,202520,900,900,900,900,4209102,0.6103324,145.63602,0,3,420910220252020500,2026-02-24,1.013337,Joinville,617979,15.5428857142857,97.1207571428571,0,0,1,86.7557142857143,69.1532428571429,18.0852714285714,21.4685285714286,82,NA,NA,NA,NA,4209102,15.542885714285717,21.46852857142857,18.085271428571428,50.5507,69.15324285714286,97.12075714285714,86.75571428571429
2025-05-18,202521,862,862,862,862,4209102,0.18565592,139.48694,0,1,420910220252120500,2026-02-24,0.9582974,Joinville,617979,16.6121142857143,96.3665571428571,0,0,1,90.0034857142857,78.6546714285714,18.5573,21.4470428571429,91,NA,NA,NA,NA,4209102,16.612114285714288,21.447042857142858,18.5573,129.9085,78.65467142857143,96.36655714285716,90.00348571428572
2025-05-25,202522,809,809,809,809,4209102,0.029602828,130.9106,0,1,420910220252220500,2026-02-24,0.912416,Joinville,617979,13.9685,88.0160571428571,0,0,1,77.9657571428571,60.4939571428571,17.1107857142857,21.2920857142857,60,NA,NA,NA,NA,4209102,13.9685,21.292085714285715,17.110785714285715,19.2897,60.49395714285714,88.01605714285714,77.96575714285714
2025-06-01,202523,631,631,631,631,4209102,1.13116725e-8,102.10703,0,1,420910220252320500,2026-02-24,0.74641709999999994,Joinville,617979,15.0426428571429,95.9580714285714,0,0,1,90.6719142857143,81.8552,16.8281714285714,19.1734428571429,37,NA,NA,NA,NA,4209102,15.042642857142855,19.173442857142856,16.82817142857143,160.7113,81.8552,95.95807142857144,90.6719142857143
2025-06-08,202524,457,457,457,457,4209102,0,73.95073,0,1,420910220252420500,2026-02-24,0.60014474,Joinville,617979,12.0957571428571,95.8832571428571,0,0,1,87.4381285714286,73.7136857142857,14.2102142857143,16.9020571428571,33,NA,NA,NA,NA,4209102,12.095757142857144,16.902057142857142,14.210214285714285,136.70239999999998,73.71368571428572,95.88325714285716,87.43812857142858
2025-06-15,202525,410,410,410,410,4209102,3.1084024e-12,66.3453,0,1,420910220252520500,2026-02-24,0.649909,Joinville,617979,14.6266142857143,95.6049,0,0,1,86.4961714285714,68.5011428571429,17.6259142857143,22.0548571428571,18,NA,NA,NA,NA,4209102,14.626614285714286,22.05485714285714,17.625914285714288,62.5151,68.50114285714285,95.6049,86.49617142857143
2025-06-22,202526,303,303,303,303,4209102,2.0401458e-12,49.030792,0,1,420910220252620500,2026-02-24,0.6082039,Joinville,617979,10.8328714285714,89.7569,0,0,1,80.3809714285714,68.4511857142857,13.7255571428571,17.3333571428571,20,NA,NA,NA,NA,4209102,10.832871428571428,17.333357142857142,13.725557142857143,140.8923,68.45118571428571,89.7569,80.38097142857143
2025-06-29,202527,224,224,224,224,4209102,1.2363444e-12,36.247185,0,1,420910220252720500,2026-02-24,0.56376535,Joinville,617979,10.9292,93.4109,0,0,1,86.2858285714286,76.0213285714286,12.7244,15.3596857142857,11,NA,NA,NA,NA,4209102,10.9292,15.359685714285714,12.7244,97.3186,76.02132857142857,93.4109,86.28582857142858
2025-07-06,202528,257,257,257,257,4209102,0.0069741625,41.587173,0,1,420910220252820500,2026-02-24,0.8139491,Joinville,617979,9.99965714285714,97.9822714285714,0,0,1,86.6632428571429,67.5621,13.7945714285714,18.3967428571429,9,NA,NA,NA,NA,4209102,9.999657142857142,18.396742857142858,13.794571428571428,2.0327,67.5621,97.98227142857144,86.66324285714286
2025-07-13,202529,244,244,244,244,4209102,0.20796059,39.483543,0,1,420910220252920500,2026-02-24,0.9302759,Joinville,617979,11.7082571428571,94.4921571428571,0,0,1,82.8887285714286,63.9307571428571,15.6959714285714,20.648,9,NA,NA,NA,NA,4209102,11.708257142857144,20.648,15.69597142857143,1.9843,63.93075714285714,94.49215714285714,82.88872857142857
2025-07-20,202530,230,230,230,230,4209102,0.22562945,37.218094,0,1,420910220253020500,2026-02-24,0.93334,Joinville,617979,11.9466857142857,96.1402714285714,0,0,1,87.8633285714286,72.1998,14.6636428571429,18.9360142857143,4,NA,NA,NA,NA,4209102,11.946685714285714,18.93601428571429,14.663642857142856,34.3572,72.1998,96.14027142857142,87.86332857142857
2025-07-27,202531,161,161,161,161,4209102,6.0993716e-5,26.052666,0,1,420910220253120500,2026-02-24,0.67827576,Joinville,617979,10.5536,91.3847857142857,0,0,1,77.3228142857143,57.3065,14.4368142857143,19.7689,4,NA,NA,NA,NA,4209102,10.5536,19.7689,14.436814285714286,49.3721,57.3065,91.38478571428573,77.32281428571429
2025-08-03,202532,178,178,178,178,4209102,0.03326932,28.803568,0,1,420910220253220500,2026-02-24,0.83070886,Joinville,617979,12.1697571428571,95.5789,0,0,1,85.9496142857143,71.2249714285714,14.8723571428571,18.2283142857143,3,NA,NA,NA,NA,4209102,12.169757142857142,18.228314285714287,14.872357142857142,124.3313,71.22497142857142,95.5789,85.94961428571429
2025-08-10,202533,205,205,205,205,4209102,0.799474,33.17265,0,1,420910220253320500,2026-02-24,1.0883119,Joinville,617979,9.2525,95.6696571428571,0,0,1,83.2045571428571,64.8584714285714,13.1652,17.6799285714286,5,NA,NA,NA,NA,4209102,9.2525,17.679928571428572,13.1652,28.4438,64.85847142857143,95.66965714285716,83.20455714285714
2025-08-17,202534,204,204,204,204,4209102,0.84383434,33.01083,0,1,420910220253420500,2026-02-24,1.107966,Joinville,617979,15.1245285714286,96.1686142857143,0,0,1,83.4387857142857,61.4048142857143,18.5938714285714,23.9041714285714,2,NA,NA,NA,NA,4209102,15.124528571428572,23.90417142857143,18.59387142857143,17.5263,61.40481428571429,96.16861428571428,83.43878571428571
2025-08-24,202535,188,188,188,188,4209102,0.37714857,30.421745,0,1,420910220253520500,2026-02-24,0.96851707,Joinville,617979,13.2608571428571,96.3035,0,0,1,90.4349571428571,80.479,14.7255285714286,17.3670571428571,2,NA,NA,NA,NA,4209102,13.260857142857144,17.367057142857142,14.72552857142857,226.0932,80.479,96.3035,90.43495714285714
2025-08-31,202536,216,216,216,216,4209102,0.8053153,34.952644,0,1,420910220253620500,2026-02-24,1.088184,Joinville,617979,15.5060714285714,97.7080285714286,0,0,1,89.6006428571429,75.0195285714286,17.4888428571429,20.796,3,NA,NA,NA,NA,4209102,15.506071428571428,20.796,17.488842857142856,113.1256,75.01952857142857,97.70802857142856,89.60064285714286
2025-09-07,202537,217,217,217,217,4209102,0.7945315,35.11446,0,1,420910220253720500,2026-02-24,1.0837872,Joinville,617979,12.8079857142857,95.4902,0,0,1,83.8820714285714,67.1338285714286,15.9220285714286,20.1347285714286,1,NA,NA,NA,NA,4209102,12.807985714285715,20.13472857142857,15.922028571428571,48.3956,67.13382857142857,95.4902,83.88207142857142
2025-09-14,202538,220,220,220,220,4209102,0.7193522,35.599915,0,1,420910220253820500,2026-02-24,1.0577205,Joinville,617979,14.9516142857143,97.5312,0,0,1,84.8035142857143,64.9300428571429,18.2223,22.973,3,NA,NA,NA,NA,4209102,14.951614285714284,22.973,18.2223,58.7005,64.93004285714287,97.5312,84.80351428571429
2025-09-21,202539,237,237,237,237,4209102,0.8389793,38.35082,0,1,420910220253920500,2026-02-24,1.0974882,Joinville,617979,13.6368142857143,93.1749,0,0,1,80.2747142857143,61.8696714285714,16.9497714285714,20.7100285714286,7,NA,NA,NA,NA,4209102,13.636814285714284,20.710028571428573,16.949771428571427,302.875,61.86967142857143,93.1749,80.27471428571428
2025-09-28,202540,219,219,219,219,4209102,0.44373184,35.4381,0,1,420910220254020500,2026-02-24,0.98662484,Joinville,617979,16.2923428571429,97.8504142857143,0,0,1,89.5773571428571,74.0493857142857,18.758,22.5269,3,NA,NA,NA,NA,4209102,16.292342857142856,22.5269,18.758,221.4788,74.04938571428572,97.85041428571428,89.57735714285714
2025-10-05,202541,211,211,211,211,4209102,0.2530816,34.143555,0,1,420910220254120500,2026-02-24,0.93833935,Joinville,617979,15.4303285714286,95.7930142857143,0,0,1,86.4513714285714,72.3381,17.8088714285714,21.2130571428571,7,NA,NA,NA,NA,4209102,15.430328571428571,21.213057142857146,17.80887142857143,258.8347,72.3381,95.79301428571428,86.45137142857143
2025-10-12,202542,242,242,242,242,4209102,0.82726794,39.159910000000004,0,1,420910220254220500,2026-02-24,1.0915358,Joinville,617979,16.4150857142857,95.4639714285714,0,0,1,82.9521857142857,63.5492857142857,19.9967571428571,24.5936428571429,6,NA,NA,NA,NA,4209102,16.415085714285716,24.593642857142857,19.996757142857145,193.8038,63.54928571428571,95.46397142857144,82.95218571428572
2025-10-19,202543,238,238,238,238,4209102,0.76697874,38.512634,0,1,420910220254320500,2026-02-24,1.0702622,Joinville,617979,13.7072,92.7586714285714,0,0,1,78.4576428571429,60.1231857142857,16.7352428571429,20.5084428571429,8,NA,NA,NA,NA,4209102,13.7072,20.508442857142857,16.735242857142858,75.6032,60.12318571428571,92.75867142857145,78.45764285714286
2025-10-26,202544,253,253,253,253,4209102,0.8329829,40.939903,0,1,420910220254420500,2026-02-24,1.0916808,Joinville,617979,16.5154857142857,98.1071,0,0,1,91.7320285714286,80.8581,18.3513,20.7643285714286,7,NA,NA,NA,NA,4209102,16.515485714285713,20.76432857142857,18.3513,250.1503,80.85810000000001,98.1071,91.73202857142856
2025-11-02,202545,254,254,254,254,4209102,0.72323644,41.10172,0,1,420910220254520500,2026-02-24,1.0546763,Joinville,617979,17.4053142857143,96.8748428571429,0,0,1,85.6192,68.0410571428571,19.9012285714286,23.5088714285714,7,NA,NA,NA,NA,4209102,17.405314285714287,23.508871428571428,19.90122857142857,225.252,68.04105714285714,96.87484285714288,85.61919999999999
2025-11-09,202546,268,268,268,268,4209102,0.80500054,43.36717,0,1,420910220254620500,2026-02-24,1.0785482,Joinville,617979,15.3122714285714,96.055857142857107,0,0,1,82.4446142857143,65.9973714285714,18.5485571428571,22.2612,0,NA,NA,NA,NA,4209102,15.312271428571428,22.2612,18.548557142857145,110.8069,65.99737142857143,96.05585714285716,82.44461428571428
2025-11-16,202547,226,226,226,226,4209102,0.10391507,36.570824,0,1,420910220254720500,2026-02-24,0.89133954,Joinville,617979,16.1637714285714,93.8832285714286,0,0,1,82.1532,65.8496142857143,19.7216142857143,24.1069,8,NA,NA,NA,NA,4209102,16.16377142857143,24.1069,19.721614285714285,261.308,65.84961428571428,93.88322857142856,82.1532
2025-11-23,202548,262,262,262,262,4209102,0.6712781,42.396263,0,1,420910220254820500,2026-02-24,1.0398669,Joinville,617979,16.8585142857143,97.2652142857143,0,0,1,87.0719285714286,72.3940714285714,19.6432714285714,23.1747,5,NA,NA,NA,NA,4209102,16.858514285714286,23.1747,19.643271428571428,611.2835,72.39407142857142,97.26521428571428,87.07192857142857
2025-11-30,202549,301,301,301,301,4209102,0.985996,48.707157,0,1,420910220254920500,2026-02-24,1.2062973,Joinville,617979,18.6102285714286,96.4711857142857,1,1,1,83.0432,64.0464571428572,21.5913857142857,25.8177142857143,10,NA,NA,NA,NA,4209102,18.61022857142857,25.817714285714285,21.59138571428571,62.6018,64.04645714285715,96.47118571428572,83.0432
2025-12-07,202550,315,315,315,315,4209102,0.9818213,50.972607000000004,0,3,420910220255020500,2026-02-24,1.190125,Joinville,617979,19.6795714285714,92.6239571428571,1,1,1,78.6383571428571,61.5136428571429,22.8418428571429,26.9170285714286,10,NA,NA,NA,NA,4209102,19.67957142857143,26.91702857142857,22.841842857142854,369.4297,61.513642857142855,92.62395714285714,78.63835714285715
2025-12-14,202551,276,276,276,276,4209102,0.30618367,44.661713,0,3,420910220255120500,2026-02-24,0.9582525,Joinville,617979,18.8116571428571,95.9256428571429,1,0,1,82.7166285714286,65.9842571428571,22.0039428571429,25.6292428571429,19,NA,NA,NA,NA,4209102,18.811657142857143,25.629242857142856,22.003942857142857,135.8612,65.98425714285715,95.92564285714286,82.71662857142857
2025-12-21,202552,172,172,173,172,4209102,1.740143e-8,27.83266,0,2,420910220255220500,2026-02-24,0.5936073,Joinville,617979,22.2383857142857,96.8516142857143,1,0,1,82.0190571428571,60.1561857142857,26.0236285714286,31.0420428571429,31,NA,NA,NA,NA,4209102,22.238385714285712,31.042042857142857,26.02362857142857,146.8333,60.15618571428571,96.85161428571428,82.01905714285714
2025-12-28,202553,256,256,257,256,4209102,0.4436788,41.425354,0,2,420910220255320500,2026-02-24,0.9876064,Joinville,617979,22.2727714285714,97.1375428571429,1,0,1,85.4168857142857,67.1298285714286,25.2246,29.1781285714286,28,NA,NA,NA,NA,4209102,22.272771428571428,29.178128571428573,25.2246,701.6326,67.12982857142858,97.13754285714286,85.41688571428571
2026-01-04,202601,330,330,331,330,4209102,0.9999771,53.39987,0,2,420910220260120500,2026-02-24,1.4130338,Joinville,617979,19.0031428571429,94.6380428571428,1,1,1,83.6884714285714,68.7803857142857,21.8557285714286,25.4710428571429,7,NA,NA,NA,NA,4209102,19.00314285714286,25.47104285714286,21.85572857142857,159.5266,68.78038571428571,94.63804285714284,83.68847142857143
2026-01-11,202602,327,327,329,327,4209102,0.9979871,52.91442,0,3,420910220260220500,2026-02-24,1.2694504,Joinville,617979,20.9708714285714,96.0631,1,1,1,85.5348571428571,69.0062,24.2966142857143,28.3407428571429,8,NA,NA,NA,NA,4209102,20.970871428571428,28.340742857142857,24.296614285714288,281.3634,69.0062,96.0631,85.53485714285715
2026-01-18,202603,249,248,253,248,4209102,0.02040509,40.292633,0,3,420910220260320500,2026-02-24,0.83918667,Joinville,617979,17.4315571428571,94.0700285714286,0,0,1,80.4403571428571,65.8831142857143,20.5994285714286,23.5305428571429,8,NA,NA,NA,NA,4209102,17.43155714285714,23.53054285714286,20.59942857142857,115.7335,65.88311428571429,94.07002857142857,80.44035714285714
2026-01-25,202604,248,246,252,246,4209102,0.015150988,40.130814,0,1,420910220260420500,2026-02-24,0.83063626,Joinville,617979,19.7215,97.5848285714286,1,0,1,86.1253,70.3660571428571,22.7614285714286,26.2861428571429,12,NA,NA,NA,NA,4209102,19.7215,26.286142857142856,22.76142857142857,200.8906,70.36605714285714,97.58482857142856,86.12530000000001
2026-02-01,202605,221,218,227,218,4209102,0.014325882,35.761734,0,1,420910220260520500,2026-02-24,0.82041216,Joinville,617979,20.7008428571429,97.5533571428571,1,0,1,85.8060142857143,67.6561142857143,23.582,27.4413142857143,31,NA,NA,NA,NA,4209102,20.700842857142856,27.441314285714284,23.582,253.852,67.65611428571428,97.55335714285714,85.80601428571428
2026-02-08,202606,188,179,220,177,4209102,0.0045461184,30.421745,0,2,420910220260620500,2026-02-24,0.7769677,Joinville,617979,21.0066571428571,97.3220142857143,1,0,1,86.3534571428571,69.8269,23.6904571428571,27.0505428571429,134,NA,NA,NA,NA,4209102,21.006657142857144,27.050542857142855,23.69045714285714,230.4702,69.8269,97.32201428571427,86.35345714285714
2026-02-15,202607,174.5,106,437,93,4209102,0.013851959,28.237206,0,2,420910220260720500,2026-02-24,0.80036910000000006,Joinville,617979,22.100975,97.4181,1,0,1,85.974475,69.958525,25.1163,28.8399,93,NA,NA,NA,NA,4209102,21.8997,27.57918571428571,24.375942857142856,212.9058,71.91955714285714,96.55077142857142,86.51947142857144
